ds4: [t=+12338.9ms] coordinator connected; plan: 3337 experts for this worker (coordinator keeps 5562 hottest, SSD tail active on coordinator)
ds4: [t=+24959.0ms] plan installed: 3337/3337 experts wired (22.00 GiB); serving
ds4: [t=+36311.5ms] req seq=1 L3 k=1 ids=[124] w=[0.1197] compute=163.24 ms ok
ds4: [t=+36417.4ms] req seq=2 L4 k=1 ids=[113] w=[0.1472] compute=1.87 ms ok
ds4: [t=+36488.8ms] req seq=3 L5 k=1 ids=[12] w=[0.2321] compute=2.00 ms ok
ds4: [t=+36949.3ms] req seq=4 L8 k=1 ids=[20] w=[0.1114] compute=2.02 ms ok
ds4: [t=+37017.6ms] req seq=5 L9 k=3 ids=[57,15,199] w=[0.2167,0.2111,0.1713] compute=1.76 ms ok
ds4: [t=+37224.5ms] req seq=6 L11 k=2 ids=[35,83] w=[0.4434,0.0947] compute=2.10 ms ok
ds4: [t=+37306.0ms] req seq=7 L12 k=2 ids=[3,45] w=[0.1851,0.1154] compute=1.93 ms ok
ds4: [t=+37378.2ms] req seq=8 L13 k=1 ids=[112] w=[0.0625] compute=2.03 ms ok
ds4: [t=+37471.8ms] req seq=9 L14 k=1 ids=[7] w=[0.4104] compute=2.09 ms ok
ds4: [t=+37714.6ms] req seq=10 L15 k=1 ids=[95] w=[0.1053] compute=174.13 ms ok
ds4: [t=+37805.8ms] req seq=11 L16 k=4 ids=[61,155,205,30] w=[0.4077,0.3597,0.2159,0.1086] compute=1.80 ms ok
ds4: [t=+37873.5ms] req seq=12 L17 k=1 ids=[67] w=[0.0581] compute=1.95 ms ok
ds4: [t=+38004.2ms] req seq=13 L18 k=3 ids=[43,246,41] w=[0.4037,0.3572,0.1916] compute=1.98 ms ok
ds4: [t=+38630.2ms] req seq=14 L19 k=2 ids=[122,186] w=[0.2518,0.1180] compute=2.16 ms ok
ds4: [t=+38713.8ms] req seq=15 L20 k=2 ids=[149,248] w=[0.4167,0.2909] compute=2.03 ms ok
ds4: [t=+38783.8ms] req seq=16 L21 k=1 ids=[184] w=[0.2979] compute=2.08 ms ok
ds4: [t=+39005.1ms] req seq=17 L22 k=3 ids=[0,216,113] w=[0.4039,0.1021,0.0775] compute=143.38 ms ok
ds4: [t=+39100.7ms] req seq=18 L23 k=2 ids=[83,170] w=[0.7953,0.1293] compute=1.78 ms ok
ds4: [t=+39182.7ms] req seq=19 L24 k=1 ids=[152] w=[0.3389] compute=1.83 ms ok
ds4: [t=+39489.7ms] req seq=20 L25 k=1 ids=[92] w=[0.1459] compute=2.00 ms ok
ds4: [t=+39658.2ms] req seq=21 L27 k=1 ids=[222] w=[0.0596] compute=2.14 ms ok
ds4: [t=+40167.4ms] req seq=22 L28 k=2 ids=[204,247] w=[0.3507,0.1466] compute=2.20 ms ok
ds4: [t=+40325.3ms] req seq=23 L30 k=2 ids=[174,252] w=[0.9053,0.1647] compute=2.16 ms ok
ds4: [t=+40596.2ms] req seq=24 L33 k=2 ids=[195,22] w=[0.1667,0.1356] compute=2.08 ms ok
ds4: [t=+41099.5ms] req seq=25 L39 k=1 ids=[143] w=[0.4652] compute=1.78 ms ok
ds4: [t=+41276.4ms] req seq=26 L41 k=1 ids=[73] w=[0.0961] compute=2.02 ms ok
ds4: [t=+42159.1ms] req seq=27 L4 k=1 ids=[239] w=[0.1109] compute=164.67 ms ok
ds4: [t=+42159.6ms] tok#0 done: 26 layer-reqs, 43 experts, compute 526.52 ms (20.25 ms/layer), wall 6011.35 ms, errors=0, evict-hints=26 | cache: resident=3337/3337 slabs=3 wired=22.00 GiB mlock-fail=0 B hits=27 misses=0 swaps=26
ds4: [t=+42159.7ms] tok#0 experts: L3=[124] L4=[113] L5=[12] L8=[20] L9=[57,15,199] L11=[35,83] L12=[3,45] L13=[112] L14=[7] L15=[95] L16=[61,155,205,30] L17=[67] L18=[43,246,41] L19=[122,186] L20=[149,248] L21=[184] L22=[0,216,113] L23=[83,170] L24=[152] L25=[92] L27=[222] L28=[204,247] L30=[174,252] L33=[195,22] L39=[143] L41=[73]
ds4: [t=+43788.3ms] req seq=28 L8 k=1 ids=[1] w=[0.0904] compute=163.61 ms ok
ds4: [t=+43803.4ms] req seq=29 L9 k=1 ids=[241] w=[0.1531] compute=1.65 ms ok
ds4: [t=+43899.2ms] req seq=30 L11 k=1 ids=[195] w=[0.1980] compute=1.54 ms ok
ds4: [t=+44069.0ms] req seq=31 L14 k=1 ids=[108] w=[0.1006] compute=144.68 ms ok
ds4: [t=+44086.9ms] req seq=32 L15 k=1 ids=[124] w=[0.1402] compute=1.61 ms ok
ds4: [t=+44359.5ms] req seq=33 L16 k=2 ids=[30,205] w=[0.2526,0.1888] compute=2.15 ms ok
ds4: [t=+44368.8ms] req seq=34 L17 k=1 ids=[222] w=[0.0955] compute=1.84 ms ok
ds4: [t=+44380.0ms] req seq=35 L18 k=2 ids=[246,41] w=[0.3050,0.2044] compute=1.84 ms ok
ds4: [t=+44395.7ms] req seq=36 L20 k=1 ids=[248] w=[0.3035] compute=1.87 ms ok
ds4: [t=+44413.0ms] req seq=37 L22 k=1 ids=[106] w=[0.1939] compute=1.90 ms ok
ds4: [t=+44556.1ms] req seq=38 L23 k=1 ids=[0] w=[0.1790] compute=136.35 ms ok
ds4: [t=+44831.9ms] req seq=39 L24 k=1 ids=[177] w=[0.1272] compute=2.15 ms ok
ds4: [t=+44842.7ms] req seq=40 L25 k=2 ids=[12,78] w=[0.2973,0.1426] compute=1.81 ms ok
ds4: [t=+44856.9ms] req seq=41 L26 k=1 ids=[190] w=[0.1434] compute=1.86 ms ok
ds4: [t=+44892.7ms] req seq=42 L30 k=1 ids=[252] w=[0.1784] compute=1.87 ms ok
ds4: [t=+44903.6ms] req seq=43 L31 k=1 ids=[104] w=[0.1118] compute=1.89 ms ok
ds4: [t=+44914.4ms] req seq=44 L32 k=1 ids=[161] w=[0.1677] compute=1.85 ms ok
ds4: [t=+44923.4ms] req seq=45 L33 k=1 ids=[236] w=[0.4653] compute=1.85 ms ok
ds4: [t=+45080.2ms] req seq=46 L34 k=1 ids=[171] w=[0.1776] compute=2.09 ms ok
ds4: [t=+45105.1ms] req seq=47 L37 k=2 ids=[236,73] w=[0.1847,0.1286] compute=1.89 ms ok
ds4: [t=+45132.3ms] req seq=48 L39 k=1 ids=[3] w=[0.1902] compute=1.88 ms ok
ds4: [t=+45141.6ms] req seq=49 L40 k=1 ids=[198] w=[0.2247] compute=1.51 ms ok
ds4: [t=+45158.6ms] req seq=50 L42 k=1 ids=[158] w=[0.1628] compute=1.43 ms ok
ds4: [t=+45525.1ms] req seq=51 L3 k=1 ids=[191] w=[0.2814] compute=163.74 ms ok
ds4: [t=+45525.2ms] tok#1 done: 24 layer-reqs, 28 experts, compute 645.78 ms (26.91 ms/layer), wall 3530.73 ms, errors=0, evict-hints=24 | cache: resident=3337/3337 slabs=3 wired=22.00 GiB mlock-fail=0 B hits=51 misses=0 swaps=50
ds4: [t=+45525.2ms] tok#1 experts: L4=[239] L8=[1] L9=[241] L11=[195] L14=[108] L15=[124] L16=[30,205] L17=[222] L18=[246,41] L20=[248] L22=[106] L23=[0] L24=[177] L25=[12,78] L26=[190] L30=[252] L31=[104] L32=[161] L33=[236] L34=[171] L37=[236,73] L39=[3] L40=[198] L42=[158]
ds4: [t=+45774.2ms] req seq=52 L10 k=1 ids=[107] w=[0.0992] compute=2.31 ms ok
ds4: [t=+45781.9ms] req seq=53 L11 k=1 ids=[1] w=[0.2170] compute=1.82 ms ok
ds4: [t=+45969.4ms] req seq=54 L14 k=1 ids=[152] w=[0.2228] compute=168.72 ms ok
ds4: [t=+45990.0ms] req seq=55 L15 k=1 ids=[127] w=[0.1404] compute=1.65 ms ok
ds4: [t=+46010.7ms] req seq=56 L16 k=1 ids=[244] w=[0.3352] compute=1.61 ms ok
ds4: [t=+46183.2ms] req seq=57 L17 k=1 ids=[3] w=[0.2908] compute=2.19 ms ok
ds4: [t=+46193.4ms] req seq=58 L18 k=2 ids=[23,41] w=[0.2371,0.1818] compute=1.81 ms ok
ds4: [t=+46214.0ms] req seq=59 L21 k=2 ids=[167,146] w=[0.2908,0.2089] compute=1.90 ms ok
ds4: [t=+46311.8ms] req seq=60 L24 k=2 ids=[203,90] w=[0.2515,0.1935] compute=2.12 ms ok
ds4: [t=+46412.6ms] req seq=61 L33 k=1 ids=[221] w=[0.1780] compute=2.05 ms ok
ds4: [t=+46425.1ms] req seq=62 L34 k=2 ids=[30,191] w=[0.2135,0.2121] compute=1.88 ms ok
ds4: [t=+46449.1ms] req seq=63 L37 k=1 ids=[42] w=[0.2387] compute=1.73 ms ok
ds4: [t=+46524.8ms] req seq=64 L3 k=3 ids=[59,3,56] w=[0.3418,0.1960,0.1509] compute=1.79 ms ok
ds4: [t=+46524.9ms] tok#2 done: 13 layer-reqs, 17 experts, compute 353.54 ms (27.20 ms/layer), wall 1163.47 ms, errors=0, evict-hints=13 | cache: resident=3337/3337 slabs=3 wired=22.00 GiB mlock-fail=0 B hits=64 misses=0 swaps=63
ds4: [t=+46524.9ms] tok#2 experts: L3=[191] L10=[107] L11=[1] L14=[152] L15=[127] L16=[244] L17=[3] L18=[23,41] L21=[167,146] L24=[203,90] L33=[221] L34=[30,191] L37=[42]
ds4: [t=+46530.9ms] req seq=65 L4 k=1 ids=[24] w=[0.1576] compute=1.43 ms ok
ds4: [t=+46536.6ms] req seq=66 L5 k=3 ids=[252,63,34] w=[0.3510,0.2169,0.1252] compute=1.61 ms ok
ds4: [t=+46542.3ms] req seq=67 L6 k=1 ids=[76] w=[0.1050] compute=1.43 ms ok
ds4: [t=+46564.3ms] req seq=68 L12 k=1 ids=[218] w=[0.1239] compute=1.53 ms ok
ds4: [t=+46570.2ms] req seq=69 L13 k=1 ids=[38] w=[0.1375] compute=1.61 ms ok
ds4: [t=+46576.4ms] req seq=70 L14 k=2 ids=[19,88] w=[0.1963,0.1661] compute=1.60 ms ok
ds4: [t=+46582.3ms] req seq=71 L15 k=1 ids=[38] w=[0.1286] compute=1.53 ms ok
ds4: [t=+46588.2ms] req seq=72 L16 k=3 ids=[15,205,20] w=[0.2605,0.2342,0.2368] compute=1.61 ms ok
ds4: [t=+46595.3ms] req seq=73 L17 k=3 ids=[110,147,5] w=[0.1918,0.1653,0.1698] compute=1.60 ms ok
ds4: [t=+46606.1ms] req seq=74 L20 k=2 ids=[21,151] w=[0.1970,0.1745] compute=1.66 ms ok
ds4: [t=+46621.0ms] req seq=75 L23 k=2 ids=[170,187] w=[0.2025,0.1973] compute=1.75 ms ok
ds4: [t=+46630.1ms] req seq=76 L25 k=1 ids=[44] w=[0.2385] compute=1.56 ms ok
ds4: [t=+46677.9ms] req seq=77 L36 k=1 ids=[216] w=[0.2431] compute=1.96 ms ok
ds4: [t=+46684.2ms] req seq=78 L37 k=1 ids=[1] w=[0.4137] compute=1.86 ms ok
ds4: [t=+46698.0ms] req seq=79 L39 k=1 ids=[69] w=[0.2545] compute=1.72 ms ok
ds4: [t=+46713.7ms] req seq=80 L42 k=1 ids=[142] w=[0.1982] compute=1.86 ms ok
ds4: [t=+46733.2ms] req seq=81 L3 k=1 ids=[150] w=[0.1892] compute=1.92 ms ok
ds4: [t=+46733.4ms] tok#3 done: 17 layer-reqs, 28 experts, compute 28.13 ms (1.65 ms/layer), wall 210.33 ms, errors=0, evict-hints=17 | cache: resident=3337/3337 slabs=3 wired=22.00 GiB mlock-fail=0 B hits=81 misses=0 swaps=80
ds4: [t=+46733.4ms] tok#3 experts: L3=[59,3,56] L4=[24] L5=[252,63,34] L6=[76] L12=[218] L13=[38] L14=[19,88] L15=[38] L16=[15,205,20] L17=[110,147,5] L20=[21,151] L23=[170,187] L25=[44] L36=[216] L37=[1] L39=[69] L42=[142]
ds4: [t=+46741.6ms] req seq=82 L5 k=1 ids=[63] w=[0.2107] compute=1.79 ms ok
ds4: [t=+46750.2ms] req seq=83 L7 k=1 ids=[13] w=[0.1418] compute=1.85 ms ok
ds4: [t=+46762.6ms] req seq=84 L10 k=1 ids=[26] w=[0.1143] compute=1.88 ms ok
ds4: [t=+46774.1ms] req seq=85 L13 k=1 ids=[125] w=[0.1795] compute=1.87 ms ok
ds4: [t=+46781.0ms] req seq=86 L15 k=3 ids=[206,113,188] w=[0.2562,0.1866,0.1719] compute=1.86 ms ok
ds4: [t=+46787.8ms] req seq=87 L16 k=1 ids=[144] w=[0.1892] compute=1.87 ms ok
ds4: [t=+46798.6ms] req seq=88 L19 k=1 ids=[87] w=[0.1291] compute=1.86 ms ok
ds4: [t=+46804.7ms] req seq=89 L20 k=1 ids=[1] w=[0.1862] compute=1.93 ms ok
ds4: [t=+46812.3ms] req seq=90 L21 k=2 ids=[178,133] w=[0.2330,0.2047] compute=1.81 ms ok
ds4: [t=+46821.3ms] req seq=91 L23 k=1 ids=[77] w=[0.2117] compute=1.85 ms ok
ds4: [t=+46828.8ms] req seq=92 L24 k=2 ids=[90,235] w=[0.3025,0.1871] compute=1.82 ms ok
ds4: [t=+46835.6ms] req seq=93 L25 k=1 ids=[48] w=[0.2212] compute=1.91 ms ok
ds4: [t=+46851.0ms] req seq=94 L27 k=1 ids=[117] w=[0.1755] compute=1.88 ms ok
ds4: [t=+46864.0ms] req seq=95 L29 k=1 ids=[225] w=[0.2314] compute=1.81 ms ok
ds4: [t=+46872.2ms] req seq=96 L30 k=1 ids=[171] w=[0.1779] compute=1.82 ms ok
ds4: [t=+46888.6ms] req seq=97 L32 k=1 ids=[228] w=[0.2448] compute=1.88 ms ok
ds4: [t=+46901.7ms] req seq=98 L34 k=1 ids=[191] w=[0.1734] compute=1.90 ms ok
ds4: [t=+46916.3ms] req seq=99 L36 k=1 ids=[3] w=[0.2116] compute=1.83 ms ok
ds4: [t=+46975.2ms] req seq=100 L0 k=1 ids=[33] w=[0.3940] compute=2.10 ms ok
ds4: [t=+46975.3ms] tok#4 done: 19 layer-reqs, 23 experts, compute 35.33 ms (1.86 ms/layer), wall 243.92 ms, errors=0, evict-hints=19 | cache: resident=3337/3337 slabs=3 wired=22.00 GiB mlock-fail=0 B hits=100 misses=0 swaps=99
ds4: [t=+46975.3ms] tok#4 experts: L3=[150] L5=[63] L7=[13] L10=[26] L13=[125] L15=[206,113,188] L16=[144] L19=[87] L20=[1] L21=[178,133] L23=[77] L24=[90,235] L25=[48] L27=[117] L29=[225] L30=[171] L32=[228] L34=[191] L36=[3]
ds4: [t=+47000.8ms] req seq=101 L5 k=1 ids=[34] w=[0.2175] compute=1.91 ms ok
ds4: [t=+47006.9ms] req seq=102 L6 k=1 ids=[3] w=[0.1551] compute=1.80 ms ok
ds4: [t=+47013.0ms] req seq=103 L7 k=1 ids=[151] w=[0.2976] compute=1.85 ms ok
ds4: [t=+47032.4ms] req seq=104 L12 k=2 ids=[18,174] w=[0.1471,0.1439] compute=1.84 ms ok
ds4: [t=+47043.8ms] req seq=105 L15 k=2 ids=[183,2] w=[0.2258,0.1789] compute=1.49 ms ok
ds4: [t=+47051.5ms] req seq=106 L17 k=2 ids=[91,142] w=[0.2882,0.2367] compute=1.54 ms ok
ds4: [t=+47059.5ms] req seq=107 L19 k=1 ids=[173] w=[0.1202] compute=1.44 ms ok
ds4: [t=+47077.0ms] req seq=108 L23 k=2 ids=[141,252] w=[0.1426,0.1280] compute=1.55 ms ok
ds4: [t=+47085.6ms] req seq=109 L25 k=1 ids=[86] w=[0.2006] compute=1.62 ms ok
ds4: [t=+47110.4ms] req seq=110 L29 k=1 ids=[129] w=[0.1894] compute=1.63 ms ok
ds4: [t=+47147.0ms] req seq=111 L33 k=1 ids=[60] w=[0.2468] compute=1.65 ms ok
ds4: [t=+47169.0ms] req seq=112 L37 k=1 ids=[29] w=[0.1973] compute=1.79 ms ok
ds4: [t=+47183.3ms] req seq=113 L39 k=1 ids=[110] w=[0.2437] compute=1.79 ms ok
ds4: [t=+47218.0ms] req seq=114 L3 k=1 ids=[197] w=[0.1387] compute=1.90 ms ok
ds4: [t=+47218.1ms] tok#5 done: 14 layer-reqs, 18 experts, compute 23.99 ms (1.71 ms/layer), wall 245.05 ms, errors=0, evict-hints=14 | cache: resident=3337/3337 slabs=3 wired=22.00 GiB mlock-fail=0 B hits=114 misses=0 swaps=113
ds4: [t=+47218.2ms] tok#5 experts: L0=[33] L5=[34] L6=[3] L7=[151] L12=[18,174] L15=[183,2] L17=[91,142] L19=[173] L23=[141,252] L25=[86] L29=[129] L33=[60] L37=[29] L39=[110]
ds4: [t=+47250.5ms] req seq=115 L9 k=3 ids=[65,34,30] w=[0.3783,0.1486,0.1441] compute=1.90 ms ok
ds4: [t=+47258.7ms] req seq=116 L10 k=2 ids=[113,80] w=[0.1389,0.1258] compute=1.82 ms ok
ds4: [t=+47265.9ms] req seq=117 L11 k=1 ids=[42] w=[0.1172] compute=1.78 ms ok
ds4: [t=+47273.0ms] req seq=118 L12 k=2 ids=[174,193] w=[0.2336,0.1692] compute=1.79 ms ok
ds4: [t=+47279.2ms] req seq=119 L13 k=1 ids=[216] w=[0.1771] compute=1.82 ms ok
ds4: [t=+47289.3ms] req seq=120 L15 k=2 ids=[113,88] w=[0.2481,0.2253] compute=1.93 ms ok
ds4: [t=+47297.2ms] req seq=121 L16 k=2 ids=[140,180] w=[0.1442,0.1364] compute=1.83 ms ok
ds4: [t=+47304.8ms] req seq=122 L17 k=2 ids=[142,189] w=[0.2700,0.1989] compute=1.89 ms ok
ds4: [t=+47322.3ms] req seq=123 L19 k=1 ids=[219] w=[0.2126] compute=1.88 ms ok
ds4: [t=+47330.8ms] req seq=124 L20 k=1 ids=[107] w=[0.2266] compute=1.80 ms ok
ds4: [t=+47338.3ms] req seq=125 L21 k=2 ids=[131,146] w=[0.2105,0.1534] compute=1.87 ms ok
ds4: [t=+47345.1ms] req seq=126 L22 k=2 ids=[221,147] w=[0.2207,0.1962] compute=1.86 ms ok
ds4: [t=+47351.5ms] req seq=127 L23 k=1 ids=[80] w=[0.3407] compute=1.88 ms ok
ds4: [t=+47358.7ms] req seq=128 L24 k=1 ids=[66] w=[0.1661] compute=1.85 ms ok
ds4: [t=+47369.8ms] req seq=129 L26 k=1 ids=[122] w=[0.1336] compute=1.92 ms ok
ds4: [t=+47389.2ms] req seq=130 L30 k=1 ids=[0] w=[0.2864] compute=1.93 ms ok
ds4: [t=+47404.1ms] req seq=131 L33 k=1 ids=[13] w=[0.2379] compute=1.95 ms ok
ds4: [t=+47422.0ms] req seq=132 L37 k=1 ids=[12] w=[0.2209] compute=1.91 ms ok
ds4: [t=+47431.6ms] req seq=133 L39 k=1 ids=[184] w=[0.2231] compute=1.87 ms ok
ds4: [t=+47439.2ms] req seq=134 L40 k=1 ids=[252] w=[0.2647] compute=1.85 ms ok
ds4: [t=+47502.2ms] req seq=135 L14 k=1 ids=[88] w=[0.1402] compute=2.14 ms ok
ds4: [t=+47502.4ms] tok#6 done: 21 layer-reqs, 30 experts, compute 39.22 ms (1.87 ms/layer), wall 286.21 ms, errors=0, evict-hints=21 | cache: resident=3337/3337 slabs=3 wired=22.00 GiB mlock-fail=0 B hits=135 misses=0 swaps=134
ds4: [t=+47502.4ms] tok#6 experts: L3=[197] L9=[65,34,30] L10=[113,80] L11=[42] L12=[174,193] L13=[216] L15=[113,88] L16=[140,180] L17=[142,189] L19=[219] L20=[107] L21=[131,146] L22=[221,147] L23=[80] L24=[66] L26=[122] L30=[0] L33=[13] L37=[12] L39=[184] L40=[252]
ds4: [t=+47509.8ms] req seq=136 L15 k=2 ids=[226,88] w=[0.3372,0.1657] compute=1.95 ms ok
ds4: [t=+47516.3ms] req seq=137 L16 k=1 ids=[205] w=[0.1522] compute=1.86 ms ok
ds4: [t=+47522.7ms] req seq=138 L17 k=2 ids=[189,194] w=[0.2548,0.2054] compute=1.82 ms ok
ds4: [t=+47530.9ms] req seq=139 L19 k=2 ids=[235,24] w=[0.2079,0.1766] compute=1.80 ms ok
ds4: [t=+47537.1ms] req seq=140 L20 k=1 ids=[0] w=[0.2193] compute=1.89 ms ok
ds4: [t=+47543.8ms] req seq=141 L21 k=1 ids=[146] w=[0.1915] compute=1.87 ms ok
ds4: [t=+47552.0ms] req seq=142 L23 k=2 ids=[53,109] w=[0.3261,0.1924] compute=1.90 ms ok
ds4: [t=+47558.5ms] req seq=143 L24 k=1 ids=[12] w=[0.2162] compute=1.85 ms ok
ds4: [t=+47613.8ms] req seq=144 L34 k=1 ids=[122] w=[0.1676] compute=2.16 ms ok
ds4: [t=+47621.6ms] req seq=145 L35 k=2 ids=[7,218] w=[0.1713,0.1553] compute=1.84 ms ok
ds4: [t=+47635.8ms] req seq=146 L38 k=1 ids=[140] w=[0.2928] compute=1.85 ms ok
ds4: [t=+47664.4ms] req seq=147 L3 k=1 ids=[202] w=[0.2195] compute=1.93 ms ok
ds4: [t=+47664.6ms] tok#7 done: 12 layer-reqs, 17 experts, compute 22.91 ms (1.91 ms/layer), wall 164.50 ms, errors=0, evict-hints=12 | cache: resident=3337/3337 slabs=3 wired=22.00 GiB mlock-fail=0 B hits=147 misses=0 swaps=146
ds4: [t=+47664.6ms] tok#7 experts: L14=[88] L15=[226,88] L16=[205] L17=[189,194] L19=[235,24] L20=[0] L21=[146] L23=[53,109] L24=[12] L34=[122] L35=[7,218] L38=[140]
ds4: [t=+47671.2ms] req seq=148 L5 k=1 ids=[23] w=[0.1842] compute=1.81 ms ok
ds4: [t=+47688.7ms] req seq=149 L12 k=1 ids=[157] w=[0.1195] compute=1.88 ms ok
ds4: [t=+47696.8ms] req seq=150 L14 k=1 ids=[74] w=[0.1288] compute=1.85 ms ok
ds4: [t=+47702.6ms] req seq=151 L15 k=1 ids=[9] w=[0.1540] compute=1.97 ms ok
ds4: [t=+47710.7ms] req seq=152 L18 k=1 ids=[41] w=[0.1749] compute=1.84 ms ok
ds4: [t=+47716.9ms] req seq=153 L19 k=2 ids=[57,172] w=[0.1302,0.1232] compute=1.91 ms ok
ds4: [t=+47723.3ms] req seq=154 L20 k=1 ids=[177] w=[0.1758] compute=1.86 ms ok
ds4: [t=+47729.8ms] req seq=155 L21 k=1 ids=[243] w=[0.1185] compute=1.84 ms ok
ds4: [t=+47736.2ms] req seq=156 L22 k=1 ids=[82] w=[0.2744] compute=1.93 ms ok
ds4: [t=+47742.1ms] req seq=157 L23 k=1 ids=[196] w=[0.0459] compute=1.85 ms ok
ds4: [t=+47748.3ms] req seq=158 L24 k=1 ids=[205] w=[0.1535] compute=1.73 ms ok
ds4: [t=+47771.6ms] req seq=159 L30 k=1 ids=[201] w=[0.1139] compute=1.95 ms ok
ds4: [t=+47778.2ms] req seq=160 L31 k=1 ids=[79] w=[0.2042] compute=1.75 ms ok
ds4: [t=+47784.3ms] req seq=161 L32 k=1 ids=[127] w=[0.2837] compute=1.84 ms ok
ds4: [t=+47792.2ms] req seq=162 L33 k=1 ids=[1] w=[0.1800] compute=1.83 ms ok
ds4: [t=+47799.6ms] req seq=163 L34 k=2 ids=[115,64] w=[0.3162,0.2477] compute=1.86 ms ok
ds4: [t=+47805.7ms] req seq=164 L35 k=2 ids=[218,59] w=[0.2244,0.1980] compute=1.82 ms ok
ds4: [t=+47812.5ms] req seq=165 L36 k=1 ids=[4] w=[0.2461] compute=1.76 ms ok
ds4: [t=+47819.0ms] req seq=166 L37 k=1 ids=[73] w=[0.2170] compute=1.80 ms ok
ds4: [t=+47828.2ms] req seq=167 L39 k=1 ids=[73] w=[0.3978] compute=1.81 ms ok
ds4: [t=+47837.8ms] req seq=168 L41 k=1 ids=[108] w=[0.4270] compute=1.87 ms ok
ds4: [t=+47859.2ms] req seq=169 L4 k=1 ids=[197] w=[0.3954] compute=1.91 ms ok
ds4: [t=+47859.3ms] tok#8 done: 22 layer-reqs, 25 experts, compute 40.68 ms (1.85 ms/layer), wall 196.78 ms, errors=0, evict-hints=22 | cache: resident=3337/3337 slabs=3 wired=22.00 GiB mlock-fail=0 B hits=169 misses=0 swaps=168
ds4: [t=+47859.3ms] tok#8 experts: L3=[202] L5=[23] L12=[157] L14=[74] L15=[9] L18=[41] L19=[57,172] L20=[177] L21=[243] L22=[82] L23=[196] L24=[205] L30=[201] L31=[79] L32=[127] L33=[1] L34=[115,64] L35=[218,59] L36=[4] L37=[73] L39=[73] L41=[108]
ds4: [t=+47865.2ms] req seq=170 L5 k=1 ids=[86] w=[0.1419] compute=1.87 ms ok
ds4: [t=+47871.9ms] req seq=171 L6 k=2 ids=[78,98] w=[0.3105,0.1769] compute=1.88 ms ok
ds4: [t=+47878.5ms] req seq=172 L7 k=2 ids=[159,24] w=[0.3583,0.3149] compute=1.85 ms ok
ds4: [t=+47884.6ms] req seq=173 L8 k=1 ids=[199] w=[0.1607] compute=1.81 ms ok
ds4: [t=+47890.5ms] req seq=174 L9 k=1 ids=[5] w=[0.2449] compute=1.77 ms ok
ds4: [t=+47900.6ms] req seq=175 L11 k=3 ids=[12,189,75] w=[0.3618,0.2366,0.1535] compute=1.84 ms ok
ds4: [t=+47907.1ms] req seq=176 L12 k=3 ids=[130,227,160] w=[0.5419,0.1640,0.1569] compute=1.76 ms ok
ds4: [t=+47913.2ms] req seq=177 L13 k=2 ids=[251,50] w=[0.3791,0.1869] compute=1.76 ms ok
ds4: [t=+47920.4ms] req seq=178 L14 k=2 ids=[249,219] w=[0.1928,0.1845] compute=1.80 ms ok
ds4: [t=+47927.0ms] req seq=179 L15 k=1 ids=[209] w=[0.1996] compute=1.82 ms ok
ds4: [t=+47932.9ms] req seq=180 L16 k=1 ids=[156] w=[0.1416] compute=1.81 ms ok
ds4: [t=+47938.7ms] req seq=181 L17 k=2 ids=[245,255] w=[0.2413,0.2175] compute=1.77 ms ok
ds4: [t=+47946.3ms] req seq=182 L19 k=1 ids=[213] w=[0.1328] compute=1.75 ms ok
ds4: [t=+47952.5ms] req seq=183 L20 k=1 ids=[151] w=[0.1899] compute=1.82 ms ok
ds4: [t=+47962.5ms] req seq=184 L22 k=3 ids=[136,240,147] w=[0.3773,0.2113,0.1910] compute=1.77 ms ok
ds4: [t=+47974.7ms] req seq=185 L24 k=2 ids=[254,214] w=[0.3905,0.2667] compute=1.92 ms ok
ds4: [t=+47987.1ms] req seq=186 L26 k=1 ids=[232] w=[0.3087] compute=1.86 ms ok
ds4: [t=+48004.6ms] req seq=187 L29 k=1 ids=[100] w=[0.2112] compute=1.87 ms ok
ds4: [t=+48020.0ms] req seq=188 L32 k=1 ids=[135] w=[0.2254] compute=1.90 ms ok
ds4: [t=+48045.8ms] req seq=189 L37 k=1 ids=[132] w=[0.2201] compute=1.89 ms ok
ds4: [t=+48063.0ms] req seq=190 L40 k=1 ids=[119] w=[0.1904] compute=1.85 ms ok
ds4: [t=+48070.1ms] req seq=191 L41 k=1 ids=[174] w=[0.1807] compute=1.82 ms ok
ds4: [t=+48077.6ms] req seq=192 L42 k=2 ids=[12,126] w=[0.2371,0.2226] compute=1.80 ms ok
ds4: [t=+48106.8ms] req seq=193 L7 k=2 ids=[62,42] w=[0.1803,0.1642] compute=1.91 ms ok
ds4: [t=+48106.9ms] tok#9 done: 24 layer-reqs, 37 experts, compute 43.89 ms (1.83 ms/layer), wall 249.64 ms, errors=0, evict-hints=24 | cache: resident=3337/3337 slabs=3 wired=22.00 GiB mlock-fail=0 B hits=193 misses=0 swaps=192
ds4: [t=+48107.0ms] tok#9 experts: L4=[197] L5=[86] L6=[78,98] L7=[159,24] L8=[199] L9=[5] L11=[12,189,75] L12=[130,227,160] L13=[251,50] L14=[249,219] L15=[209] L16=[156] L17=[245,255] L19=[213] L20=[151] L22=[136,240,147] L24=[254,214] L26=[232] L29=[100] L32=[135] L37=[132] L40=[119] L41=[174] L42=[12,126]
ds4: [t=+48121.5ms] req seq=194 L11 k=1 ids=[29] w=[0.2061] compute=1.87 ms ok
ds4: [t=+48127.8ms] req seq=195 L12 k=2 ids=[30,160] w=[0.2381,0.2206] compute=1.82 ms ok
ds4: [t=+48134.1ms] req seq=196 L13 k=2 ids=[50,64] w=[0.3087,0.1959] compute=1.84 ms ok
ds4: [t=+48140.0ms] req seq=197 L14 k=2 ids=[234,127] w=[0.2146,0.1753] compute=1.79 ms ok
ds4: [t=+48156.8ms] req seq=198 L19 k=1 ids=[184] w=[0.1524] compute=1.92 ms ok
ds4: [t=+48170.7ms] req seq=199 L23 k=1 ids=[174] w=[0.1240] compute=1.88 ms ok
ds4: [t=+48180.6ms] req seq=200 L25 k=1 ids=[117] w=[0.2356] compute=1.88 ms ok
ds4: [t=+48188.9ms] req seq=201 L26 k=1 ids=[158] w=[0.1931] compute=1.84 ms ok
ds4: [t=+48256.4ms] req seq=202 L39 k=1 ids=[9] w=[0.2074] compute=2.10 ms ok
ds4: [t=+48265.8ms] req seq=203 L41 k=1 ids=[8] w=[0.2327] compute=1.74 ms ok
ds4: [t=+48272.1ms] req seq=204 L42 k=1 ids=[126] w=[0.2211] compute=1.75 ms ok
ds4: [t=+48287.7ms] req seq=205 L3 k=1 ids=[73] w=[0.2150] compute=1.88 ms ok
ds4: [t=+48287.8ms] tok#10 done: 12 layer-reqs, 16 experts, compute 22.33 ms (1.86 ms/layer), wall 182.85 ms, errors=0, evict-hints=12 | cache: resident=3337/3337 slabs=3 wired=22.00 GiB mlock-fail=0 B hits=205 misses=0 swaps=204
ds4: [t=+48287.8ms] tok#10 experts: L7=[62,42] L11=[29] L12=[30,160] L13=[50,64] L14=[234,127] L19=[184] L23=[174] L25=[117] L26=[158] L39=[9] L41=[8] L42=[126]
ds4: [t=+48301.0ms] req seq=206 L7 k=1 ids=[24] w=[0.2994] compute=1.92 ms ok
ds4: [t=+48314.7ms] req seq=207 L11 k=1 ids=[81] w=[0.1947] compute=1.82 ms ok
ds4: [t=+48327.7ms] req seq=208 L14 k=2 ids=[127,63] w=[0.2111,0.1728] compute=1.88 ms ok
ds4: [t=+48333.9ms] req seq=209 L15 k=2 ids=[101,18] w=[0.2486,0.1688] compute=1.90 ms ok
ds4: [t=+48339.8ms] req seq=210 L16 k=1 ids=[126] w=[0.2824] compute=1.86 ms ok
ds4: [t=+48345.6ms] req seq=211 L17 k=1 ids=[255] w=[0.2081] compute=1.83 ms ok
ds4: [t=+48352.8ms] req seq=212 L19 k=1 ids=[153] w=[0.2463] compute=1.86 ms ok
ds4: [t=+48358.8ms] req seq=213 L20 k=1 ids=[87] w=[0.1688] compute=1.80 ms ok
ds4: [t=+48364.9ms] req seq=214 L21 k=1 ids=[11] w=[0.2538] compute=1.77 ms ok
ds4: [t=+48370.8ms] req seq=215 L22 k=1 ids=[203] w=[0.2170] compute=1.82 ms ok
ds4: [t=+48377.1ms] req seq=216 L23 k=3 ids=[15,3,252] w=[0.2105,0.2100,0.1965] compute=1.79 ms ok
ds4: [t=+48383.1ms] req seq=217 L24 k=1 ids=[214] w=[0.3798] compute=1.86 ms ok
ds4: [t=+48391.3ms] req seq=218 L26 k=1 ids=[186] w=[0.2084] compute=1.81 ms ok
ds4: [t=+48403.9ms] req seq=219 L29 k=1 ids=[3] w=[0.3396] compute=1.86 ms ok
ds4: [t=+48442.6ms] req seq=220 L37 k=1 ids=[211] w=[0.2367] compute=1.85 ms ok
ds4: [t=+48456.1ms] req seq=221 L39 k=2 ids=[114,23] w=[0.2239,0.2247] compute=1.87 ms ok
ds4: [t=+48468.6ms] req seq=222 L41 k=1 ids=[1] w=[0.1662] compute=1.91 ms ok
ds4: [t=+48488.9ms] req seq=223 L4 k=1 ids=[65] w=[0.1499] compute=1.89 ms ok
ds4: [t=+48489.1ms] tok#11 done: 18 layer-reqs, 23 experts, compute 33.30 ms (1.85 ms/layer), wall 203.23 ms, errors=0, evict-hints=18 | cache: resident=3337/3337 slabs=3 wired=22.00 GiB mlock-fail=0 B hits=223 misses=0 swaps=222
ds4: [t=+48489.1ms] tok#11 experts: L3=[73] L7=[24] L11=[81] L14=[127,63] L15=[101,18] L16=[126] L17=[255] L19=[153] L20=[87] L21=[11] L22=[203] L23=[15,3,252] L24=[214] L26=[186] L29=[3] L37=[211] L39=[114,23] L41=[1]
ds4: [t=+48496.1ms] req seq=224 L6 k=1 ids=[98] w=[0.1821] compute=1.81 ms ok
ds4: [t=+48504.7ms] req seq=225 L9 k=1 ids=[13] w=[0.1527] compute=1.85 ms ok
ds4: [t=+48512.9ms] req seq=226 L12 k=1 ids=[160] w=[0.1783] compute=1.81 ms ok
ds4: [t=+48519.9ms] req seq=227 L14 k=1 ids=[63] w=[0.1813] compute=1.97 ms ok
ds4: [t=+48532.3ms] req seq=228 L18 k=3 ids=[75,31,175] w=[0.2017,0.1869,0.1858] compute=1.84 ms ok
ds4: [t=+48538.9ms] req seq=229 L19 k=1 ids=[55] w=[0.1524] compute=1.82 ms ok
ds4: [t=+48547.5ms] req seq=230 L21 k=1 ids=[197] w=[0.2023] compute=1.82 ms ok
ds4: [t=+48553.6ms] req seq=231 L22 k=1 ids=[235] w=[0.2145] compute=1.87 ms ok
ds4: [t=+48563.7ms] req seq=232 L24 k=1 ids=[243] w=[0.1983] compute=1.78 ms ok
ds4: [t=+48580.0ms] req seq=233 L28 k=1 ids=[61] w=[0.2927] compute=1.90 ms ok
ds4: [t=+48602.2ms] req seq=234 L33 k=1 ids=[12] w=[0.2343] compute=1.92 ms ok
ds4: [t=+48610.8ms] req seq=235 L35 k=1 ids=[18] w=[0.2105] compute=1.81 ms ok
ds4: [t=+48639.4ms] req seq=236 L42 k=1 ids=[143] w=[0.1813] compute=1.92 ms ok
ds4: [t=+48650.2ms] req seq=237 L0 k=1 ids=[47] w=[0.3568] compute=1.86 ms ok
ds4: [t=+48650.3ms] tok#12 done: 14 layer-reqs, 16 experts, compute 25.99 ms (1.86 ms/layer), wall 163.17 ms, errors=0, evict-hints=14 | cache: resident=3337/3337 slabs=3 wired=22.00 GiB mlock-fail=0 B hits=237 misses=0 swaps=236
ds4: [t=+48650.3ms] tok#12 experts: L4=[65] L6=[98] L9=[13] L12=[160] L14=[63] L18=[75,31,175] L19=[55] L21=[197] L22=[235] L24=[243] L28=[61] L33=[12] L35=[18] L42=[143]
ds4: [t=+48659.9ms] req seq=238 L3 k=1 ids=[225] w=[0.2862] compute=1.79 ms ok
ds4: [t=+48668.1ms] req seq=239 L5 k=3 ids=[41,122,188] w=[0.2754,0.2470,0.2313] compute=1.85 ms ok
ds4: [t=+48677.1ms] req seq=240 L7 k=1 ids=[68] w=[0.2663] compute=1.79 ms ok
ds4: [t=+48685.2ms] req seq=241 L9 k=1 ids=[89] w=[0.1112] compute=1.85 ms ok
ds4: [t=+48692.2ms] req seq=242 L10 k=3 ids=[35,174,238] w=[0.4482,0.1513,0.1140] compute=1.84 ms ok
ds4: [t=+48698.6ms] req seq=243 L11 k=1 ids=[189] w=[0.4054] compute=1.83 ms ok
ds4: [t=+48704.7ms] req seq=244 L12 k=2 ids=[93,23] w=[0.2139,0.2134] compute=1.87 ms ok
ds4: [t=+48710.6ms] req seq=245 L13 k=1 ids=[64] w=[0.1253] compute=1.82 ms ok
ds4: [t=+48717.3ms] req seq=246 L14 k=1 ids=[219] w=[0.2122] compute=1.84 ms ok
ds4: [t=+48723.2ms] req seq=247 L15 k=1 ids=[32] w=[0.2086] compute=1.77 ms ok
ds4: [t=+48729.0ms] req seq=248 L16 k=2 ids=[247,81] w=[0.1676,0.1624] compute=1.78 ms ok
ds4: [t=+48735.2ms] req seq=249 L17 k=1 ids=[249] w=[0.1745] compute=1.85 ms ok
ds4: [t=+48741.0ms] req seq=250 L18 k=1 ids=[31] w=[0.1743] compute=1.76 ms ok
ds4: [t=+48746.4ms] req seq=251 L19 k=1 ids=[19] w=[0.2828] compute=1.77 ms ok
ds4: [t=+48757.1ms] req seq=252 L22 k=1 ids=[240] w=[0.1607] compute=1.87 ms ok
ds4: [t=+48764.0ms] req seq=253 L23 k=2 ids=[194,3] w=[0.2748,0.1842] compute=1.86 ms ok
ds4: [t=+48771.7ms] req seq=254 L24 k=1 ids=[81] w=[0.2418] compute=1.86 ms ok
ds4: [t=+48792.3ms] req seq=255 L29 k=1 ids=[164] w=[0.1885] compute=1.89 ms ok
ds4: [t=+48830.6ms] req seq=256 L37 k=2 ids=[33,56] w=[0.2957,0.1986] compute=1.91 ms ok
ds4: [t=+48849.1ms] req seq=257 L41 k=1 ids=[22] w=[0.1733] compute=1.71 ms ok
ds4: [t=+48890.7ms] req seq=258 L7 k=1 ids=[18] w=[0.1241] compute=1.57 ms ok
ds4: [t=+48890.8ms] tok#13 done: 21 layer-reqs, 29 experts, compute 38.37 ms (1.83 ms/layer), wall 242.47 ms, errors=0, evict-hints=21 | cache: resident=3337/3337 slabs=3 wired=22.00 GiB mlock-fail=0 B hits=258 misses=0 swaps=257
ds4: [t=+48890.8ms] tok#13 experts: L0=[47] L3=[225] L5=[41,122,188] L7=[68] L9=[89] L10=[35,174,238] L11=[189] L12=[93,23] L13=[64] L14=[219] L15=[32] L16=[247,81] L17=[249] L18=[31] L19=[19] L22=[240] L23=[194,3] L24=[81] L29=[164] L37=[33,56] L41=[22]
ds4: [t=+48912.5ms] req seq=259 L13 k=1 ids=[19] w=[0.1433] compute=1.51 ms ok
ds4: [t=+48919.4ms] req seq=260 L14 k=1 ids=[109] w=[0.1442] compute=1.53 ms ok
ds4: [t=+48926.9ms] req seq=261 L15 k=2 ids=[138,227] w=[0.1307,0.1197] compute=1.50 ms ok
ds4: [t=+48933.0ms] req seq=262 L16 k=1 ids=[20] w=[0.1635] compute=1.49 ms ok
ds4: [t=+48938.7ms] req seq=263 L17 k=1 ids=[12] w=[0.1414] compute=1.53 ms ok
ds4: [t=+48948.4ms] req seq=264 L19 k=2 ids=[107,201] w=[0.1779,0.1223] compute=1.49 ms ok
ds4: [t=+48955.2ms] req seq=265 L20 k=2 ids=[7,113] w=[0.1522,0.1491] compute=1.60 ms ok
ds4: [t=+48965.6ms] req seq=266 L22 k=2 ids=[247,179] w=[0.3417,0.2070] compute=1.65 ms ok
ds4: [t=+48976.5ms] req seq=267 L24 k=1 ids=[109] w=[0.1600] compute=1.57 ms ok
ds4: [t=+49008.1ms] req seq=268 L33 k=1 ids=[15] w=[0.1495] compute=1.77 ms ok
ds4: [t=+49016.8ms] req seq=269 L35 k=1 ids=[59] w=[0.1156] compute=1.88 ms ok
ds4: [t=+49039.1ms] req seq=270 L40 k=1 ids=[149] w=[0.1529] compute=1.87 ms ok
ds4: [t=+49048.2ms] req seq=271 L42 k=1 ids=[251] w=[0.1539] compute=1.70 ms ok
ds4: [t=+49082.4ms] req seq=272 L7 k=2 ids=[153,85] w=[0.1548,0.1381] compute=1.79 ms ok
ds4: [t=+49082.5ms] tok#14 done: 14 layer-reqs, 18 experts, compute 22.68 ms (1.62 ms/layer), wall 193.33 ms, errors=0, evict-hints=14 | cache: resident=3337/3337 slabs=3 wired=22.00 GiB mlock-fail=0 B hits=272 misses=0 swaps=271
ds4: [t=+49082.5ms] tok#14 experts: L7=[18] L13=[19] L14=[109] L15=[138,227] L16=[20] L17=[12] L19=[107,201] L20=[7,113] L22=[247,179] L24=[109] L33=[15] L35=[59] L40=[149] L42=[251]
ds4: [t=+49097.4ms] req seq=273 L11 k=1 ids=[11] w=[0.1759] compute=1.49 ms ok
ds4: [t=+49105.2ms] req seq=274 L13 k=1 ids=[82] w=[0.1469] compute=1.52 ms ok
ds4: [t=+49110.8ms] req seq=275 L14 k=1 ids=[16] w=[0.1470] compute=1.42 ms ok
ds4: [t=+49123.4ms] req seq=276 L17 k=2 ids=[194,17] w=[0.3991,0.1533] compute=1.54 ms ok
ds4: [t=+49132.8ms] req seq=277 L19 k=2 ids=[236,71] w=[0.4646,0.1625] compute=1.66 ms ok
ds4: [t=+49138.2ms] req seq=278 L20 k=1 ids=[56] w=[0.1799] compute=1.50 ms ok
ds4: [t=+49144.3ms] req seq=279 L21 k=1 ids=[30] w=[0.3323] compute=1.48 ms ok
ds4: [t=+49150.5ms] req seq=280 L22 k=1 ids=[179] w=[0.2636] compute=1.59 ms ok
ds4: [t=+49156.4ms] req seq=281 L23 k=2 ids=[226,187] w=[0.1969,0.1572] compute=1.58 ms ok
ds4: [t=+49163.0ms] req seq=282 L24 k=1 ids=[27] w=[0.2599] compute=1.48 ms ok
ds4: [t=+49185.4ms] req seq=283 L30 k=1 ids=[96] w=[0.4240] compute=1.63 ms ok
ds4: [t=+49194.0ms] req seq=284 L32 k=2 ids=[211,46] w=[0.3419,0.1633] compute=1.58 ms ok
ds4: [t=+49200.2ms] req seq=285 L33 k=1 ids=[137] w=[0.4502] compute=1.75 ms ok
ds4: [t=+49221.2ms] req seq=286 L37 k=2 ids=[116,0] w=[0.3088,0.1414] compute=1.75 ms ok
ds4: [t=+49230.9ms] req seq=287 L39 k=1 ids=[15] w=[0.3953] compute=1.52 ms ok
ds4: [t=+49237.0ms] req seq=288 L40 k=1 ids=[12] w=[0.2497] compute=1.75 ms ok
ds4: [t=+49267.4ms] req seq=289 L7 k=2 ids=[152,30] w=[0.0940,0.0883] compute=1.91 ms ok
ds4: [t=+49267.5ms] tok#15 done: 17 layer-reqs, 23 experts, compute 27.03 ms (1.59 ms/layer), wall 186.89 ms, errors=0, evict-hints=17 | cache: resident=3337/3337 slabs=3 wired=22.00 GiB mlock-fail=0 B hits=289 misses=0 swaps=288
ds4: [t=+49267.5ms] tok#15 experts: L7=[153,85] L11=[11] L13=[82] L14=[16] L17=[194,17] L19=[236,71] L20=[56] L21=[30] L22=[179] L23=[226,187] L24=[27] L30=[96] L32=[211,46] L33=[137] L37=[116,0] L39=[15] L40=[12]
ds4: [t=+49278.7ms] req seq=290 L9 k=1 ids=[199] w=[0.1626] compute=1.70 ms ok
ds4: [t=+49285.1ms] req seq=291 L10 k=1 ids=[205] w=[0.2432] compute=1.84 ms ok
ds4: [t=+49291.7ms] req seq=292 L11 k=1 ids=[211] w=[0.1493] compute=1.80 ms ok
ds4: [t=+49297.8ms] req seq=293 L12 k=2 ids=[15,101] w=[0.1275,0.1397] compute=1.84 ms ok
ds4: [t=+49304.1ms] req seq=294 L13 k=1 ids=[229] w=[0.3257] compute=1.84 ms ok
ds4: [t=+49310.3ms] req seq=295 L14 k=2 ids=[194,119] w=[0.2651,0.1180] compute=1.76 ms ok
ds4: [t=+49316.1ms] req seq=296 L15 k=1 ids=[5] w=[0.1474] compute=1.77 ms ok
ds4: [t=+49324.5ms] req seq=297 L17 k=2 ids=[48,206] w=[0.2316,0.1899] compute=1.77 ms ok
ds4: [t=+49331.9ms] req seq=298 L18 k=3 ids=[29,78,33] w=[0.3145,0.2584,0.1864] compute=1.82 ms ok
ds4: [t=+49337.9ms] req seq=299 L19 k=4 ids=[3,227,186,79] w=[0.5985,0.2122,0.1515,0.1370] compute=1.90 ms ok
ds4: [t=+49344.6ms] req seq=300 L20 k=1 ids=[198] w=[0.4213] compute=1.81 ms ok
ds4: [t=+49351.2ms] req seq=301 L21 k=1 ids=[1] w=[0.2314] compute=1.82 ms ok
ds4: [t=+49358.5ms] req seq=302 L22 k=1 ids=[114] w=[0.2896] compute=1.76 ms ok
ds4: [t=+49365.6ms] req seq=303 L23 k=1 ids=[252] w=[0.1520] compute=1.77 ms ok
ds4: [t=+49372.8ms] req seq=304 L24 k=1 ids=[75] w=[0.1524] compute=1.82 ms ok
ds4: [t=+49395.5ms] req seq=305 L27 k=1 ids=[136] w=[0.1350] compute=1.88 ms ok
ds4: [t=+49407.4ms] req seq=306 L29 k=1 ids=[56] w=[0.1645] compute=1.87 ms ok
ds4: [t=+49415.0ms] req seq=307 L30 k=1 ids=[223] w=[0.3499] compute=1.81 ms ok
ds4: [t=+49423.4ms] req seq=308 L31 k=1 ids=[81] w=[0.4306] compute=1.85 ms ok
ds4: [t=+49431.8ms] req seq=309 L32 k=1 ids=[90] w=[0.3699] compute=1.79 ms ok
ds4: [t=+49446.4ms] req seq=310 L34 k=1 ids=[228] w=[0.2022] compute=1.90 ms ok
ds4: [t=+49512.6ms] req seq=311 L3 k=1 ids=[3] w=[0.3330] compute=2.00 ms ok
ds4: [t=+49512.7ms] tok#16 done: 22 layer-reqs, 31 experts, compute 40.03 ms (1.82 ms/layer), wall 247.20 ms, errors=0, evict-hints=22 | cache: resident=3337/3337 slabs=3 wired=22.00 GiB mlock-fail=0 B hits=311 misses=0 swaps=310
ds4: [t=+49512.8ms] tok#16 experts: L7=[152,30] L9=[199] L10=[205] L11=[211] L12=[15,101] L13=[229] L14=[194,119] L15=[5] L17=[48,206] L18=[29,78,33] L19=[3,227,186,79] L20=[198] L21=[1] L22=[114] L23=[252] L24=[75] L27=[136] L29=[56] L30=[223] L31=[81] L32=[90] L34=[228]
ds4: [t=+49520.8ms] req seq=312 L5 k=1 ids=[99] w=[0.2065] compute=1.88 ms ok
ds4: [t=+49531.0ms] req seq=313 L7 k=1 ids=[87] w=[0.1094] compute=1.83 ms ok
ds4: [t=+49547.2ms] req seq=314 L11 k=2 ids=[154,133] w=[0.3040,0.2321] compute=1.91 ms ok
ds4: [t=+49553.2ms] req seq=315 L12 k=1 ids=[25] w=[0.3467] compute=1.90 ms ok
ds4: [t=+49565.6ms] req seq=316 L14 k=2 ids=[166,30] w=[0.2015,0.1327] compute=1.82 ms ok
ds4: [t=+49574.3ms] req seq=317 L16 k=1 ids=[167] w=[0.1734] compute=1.78 ms ok
ds4: [t=+49580.6ms] req seq=318 L17 k=3 ids=[17,206,156] w=[0.2812,0.2545,0.1543] compute=1.83 ms ok
ds4: [t=+49587.2ms] req seq=319 L18 k=2 ids=[121,139] w=[0.2205,0.2275] compute=1.89 ms ok
ds4: [t=+49593.4ms] req seq=320 L19 k=3 ids=[24,79,31] w=[0.3266,0.2318,0.1242] compute=1.84 ms ok
ds4: [t=+49599.9ms] req seq=321 L20 k=1 ids=[221] w=[0.1603] compute=1.89 ms ok
ds4: [t=+49605.7ms] req seq=322 L21 k=1 ids=[177] w=[0.1318] compute=1.83 ms ok
ds4: [t=+49611.7ms] req seq=323 L22 k=1 ids=[236] w=[0.3528] compute=1.82 ms ok
ds4: [t=+49618.5ms] req seq=324 L23 k=1 ids=[211] w=[0.1785] compute=1.82 ms ok
ds4: [t=+49624.7ms] req seq=325 L24 k=1 ids=[124] w=[0.2233] compute=1.80 ms ok
ds4: [t=+49630.8ms] req seq=326 L25 k=1 ids=[78] w=[0.2117] compute=1.84 ms ok
ds4: [t=+49641.5ms] req seq=327 L27 k=1 ids=[239] w=[0.2609] compute=1.89 ms ok
ds4: [t=+49647.6ms] req seq=328 L28 k=1 ids=[130] w=[0.2635] compute=1.83 ms ok
ds4: [t=+49654.0ms] req seq=329 L29 k=1 ids=[28] w=[0.2451] compute=1.89 ms ok
ds4: [t=+49665.4ms] req seq=330 L31 k=2 ids=[172,15] w=[0.3712,0.2010] compute=1.76 ms ok
ds4: [t=+49680.2ms] req seq=331 L35 k=1 ids=[70] w=[0.4285] compute=1.78 ms ok
ds4: [t=+49698.0ms] req seq=332 L39 k=1 ids=[190] w=[0.1911] compute=1.88 ms ok
ds4: [t=+49731.5ms] req seq=333 L3 k=1 ids=[255] w=[0.2418] compute=1.92 ms ok
ds4: [t=+49731.7ms] tok#17 done: 22 layer-reqs, 30 experts, compute 40.70 ms (1.85 ms/layer), wall 221.00 ms, errors=0, evict-hints=22 | cache: resident=3337/3337 slabs=3 wired=22.00 GiB mlock-fail=0 B hits=333 misses=0 swaps=332
ds4: [t=+49731.7ms] tok#17 experts: L3=[3] L5=[99] L7=[87] L11=[154,133] L12=[25] L14=[166,30] L16=[167] L17=[17,206,156] L18=[121,139] L19=[24,79,31] L20=[221] L21=[177] L22=[236] L23=[211] L24=[124] L25=[78] L27=[239] L28=[130] L29=[28] L31=[172,15] L35=[70] L39=[190]
ds4: [t=+49753.1ms] req seq=334 L11 k=2 ids=[70,133] w=[0.2335,0.2247] compute=1.77 ms ok
ds4: [t=+49769.8ms] req seq=335 L16 k=2 ids=[97,210] w=[0.2300,0.2148] compute=1.86 ms ok
ds4: [t=+49775.9ms] req seq=336 L17 k=1 ids=[130] w=[0.2846] compute=1.75 ms ok
ds4: [t=+49812.6ms] req seq=337 L30 k=1 ids=[18] w=[0.1961] compute=1.88 ms ok
ds4: [t=+49834.6ms] req seq=338 L37 k=1 ids=[0] w=[0.2371] compute=1.88 ms ok
ds4: [t=+49862.7ms] req seq=339 L3 k=1 ids=[17] w=[0.8189] compute=1.87 ms ok
ds4: [t=+49862.8ms] tok#18 done: 6 layer-reqs, 8 experts, compute 11.06 ms (1.84 ms/layer), wall 133.18 ms, errors=0, evict-hints=6 | cache: resident=3337/3337 slabs=3 wired=22.00 GiB mlock-fail=0 B hits=339 misses=0 swaps=338
ds4: [t=+49862.9ms] tok#18 experts: L3=[255] L11=[70,133] L16=[97,210] L17=[130] L30=[18] L37=[0]
ds4: [t=+49872.4ms] req seq=340 L7 k=1 ids=[27] w=[0.1756] compute=1.89 ms ok
ds4: [t=+49878.7ms] req seq=341 L9 k=1 ids=[121] w=[0.1557] compute=1.78 ms ok
ds4: [t=+49884.8ms] req seq=342 L10 k=1 ids=[0] w=[0.2240] compute=1.85 ms ok
ds4: [t=+49891.1ms] req seq=343 L11 k=2 ids=[83,133] w=[0.4900,0.1079] compute=1.79 ms ok
ds4: [t=+49896.6ms] req seq=344 L12 k=1 ids=[96] w=[0.2459] compute=1.78 ms ok
ds4: [t=+49902.2ms] req seq=345 L13 k=1 ids=[51] w=[0.2795] compute=1.81 ms ok
ds4: [t=+49908.3ms] req seq=346 L14 k=1 ids=[204] w=[0.2036] compute=1.77 ms ok
ds4: [t=+49914.2ms] req seq=347 L15 k=2 ids=[2,126] w=[0.2166,0.1806] compute=1.80 ms ok
ds4: [t=+49920.5ms] req seq=348 L16 k=2 ids=[241,76] w=[0.3752,0.1630] compute=1.80 ms ok
ds4: [t=+49926.4ms] req seq=349 L17 k=2 ids=[156,25] w=[0.3016,0.1872] compute=1.78 ms ok
ds4: [t=+49932.3ms] req seq=350 L18 k=2 ids=[6,139] w=[0.4008,0.3622] compute=1.77 ms ok
ds4: [t=+49939.0ms] req seq=351 L19 k=3 ids=[42,200,186] w=[0.4352,0.1809,0.0627] compute=1.78 ms ok
ds4: [t=+49944.7ms] req seq=352 L20 k=1 ids=[156] w=[0.2369] compute=1.75 ms ok
ds4: [t=+49952.6ms] req seq=353 L21 k=3 ids=[118,0,139] w=[0.2179,0.2402,0.1514] compute=1.82 ms ok
ds4: [t=+49960.2ms] req seq=354 L22 k=3 ids=[10,238,147] w=[0.4313,0.2437,0.2049] compute=1.77 ms ok
ds4: [t=+49983.8ms] req seq=355 L26 k=1 ids=[5] w=[0.3462] compute=1.95 ms ok
ds4: [t=+50004.9ms] req seq=356 L29 k=2 ids=[13,140] w=[0.5281,0.2054] compute=1.92 ms ok
ds4: [t=+50014.5ms] req seq=357 L30 k=1 ids=[6] w=[0.2819] compute=1.81 ms ok
ds4: [t=+50022.7ms] req seq=358 L31 k=1 ids=[46] w=[0.6411] compute=1.86 ms ok
ds4: [t=+50060.7ms] req seq=359 L39 k=1 ids=[243] w=[0.1732] compute=1.90 ms ok
ds4: [t=+50071.8ms] req seq=360 L41 k=1 ids=[3] w=[0.3495] compute=1.90 ms ok
ds4: [t=+50106.8ms] req seq=361 L5 k=1 ids=[2] w=[0.2810] compute=1.88 ms ok
ds4: [t=+50106.9ms] tok#19 done: 22 layer-reqs, 34 experts, compute 40.17 ms (1.83 ms/layer), wall 245.98 ms, errors=0, evict-hints=22 | cache: resident=3337/3337 slabs=3 wired=22.00 GiB mlock-fail=0 B hits=361 misses=0 swaps=360
ds4: [t=+50106.9ms] tok#19 experts: L3=[17] L7=[27] L9=[121] L10=[0] L11=[83,133] L12=[96] L13=[51] L14=[204] L15=[2,126] L16=[241,76] L17=[156,25] L18=[6,139] L19=[42,200,186] L20=[156] L21=[118,0,139] L22=[10,238,147] L26=[5] L29=[13,140] L30=[6] L31=[46] L39=[243] L41=[3]
ds4: [t=+50113.6ms] req seq=362 L6 k=1 ids=[10] w=[0.2801] compute=1.88 ms ok
ds4: [t=+50124.2ms] req seq=363 L7 k=1 ids=[99] w=[0.2163] compute=1.87 ms ok
ds4: [t=+50138.9ms] req seq=364 L8 k=1 ids=[234] w=[0.1449] compute=1.88 ms ok
ds4: [t=+50150.3ms] req seq=365 L9 k=2 ids=[254,169] w=[0.1517,0.1491] compute=1.88 ms ok
ds4: [t=+50166.5ms] req seq=366 L11 k=1 ids=[30] w=[0.2662] compute=1.88 ms ok
ds4: [t=+50180.8ms] req seq=367 L13 k=1 ids=[36] w=[0.2312] compute=1.86 ms ok
ds4: [t=+50200.5ms] req seq=368 L15 k=1 ids=[180] w=[0.2974] compute=1.88 ms ok
ds4: [t=+50213.7ms] req seq=369 L16 k=2 ids=[184,38] w=[0.1580,0.1556] compute=1.88 ms ok
ds4: [t=+50221.1ms] req seq=370 L17 k=1 ids=[13] w=[0.2272] compute=1.87 ms ok
ds4: [t=+50227.2ms] req seq=371 L18 k=1 ids=[139] w=[0.2624] compute=1.78 ms ok
ds4: [t=+50242.2ms] req seq=372 L21 k=2 ids=[80,139] w=[0.3144,0.1655] compute=1.88 ms ok
ds4: [t=+50248.3ms] req seq=373 L22 k=1 ids=[147] w=[0.2110] compute=1.82 ms ok
ds4: [t=+50258.3ms] req seq=374 L23 k=1 ids=[154] w=[0.1573] compute=1.84 ms ok
ds4: [t=+50273.7ms] req seq=375 L25 k=1 ids=[93] w=[0.2183] compute=1.90 ms ok
ds4: [t=+50301.2ms] req seq=376 L28 k=1 ids=[214] w=[0.1473] compute=1.88 ms ok
ds4: [t=+50315.9ms] req seq=377 L30 k=1 ids=[23] w=[0.3060] compute=1.81 ms ok
ds4: [t=+50338.2ms] req seq=378 L33 k=1 ids=[172] w=[0.2051] compute=1.90 ms ok
ds4: [t=+50347.2ms] req seq=379 L34 k=1 ids=[64] w=[0.1881] compute=1.77 ms ok
ds4: [t=+50354.9ms] req seq=380 L35 k=1 ids=[8] w=[0.3389] compute=1.87 ms ok
ds4: [t=+50397.6ms] req seq=381 L40 k=1 ids=[118] w=[0.1648] compute=2.12 ms ok
ds4: [t=+50435.2ms] req seq=382 L7 k=2 ids=[199,111] w=[0.2092,0.1917] compute=1.92 ms ok
ds4: [t=+50435.3ms] tok#20 done: 21 layer-reqs, 24 experts, compute 39.33 ms (1.87 ms/layer), wall 330.38 ms, errors=0, evict-hints=21 | cache: resident=3337/3337 slabs=3 wired=22.00 GiB mlock-fail=0 B hits=382 misses=0 swaps=381
ds4: [t=+50435.3ms] tok#20 experts: L5=[2] L6=[10] L7=[99] L8=[234] L9=[254,169] L11=[30] L13=[36] L15=[180] L16=[184,38] L17=[13] L18=[139] L21=[80,139] L22=[147] L23=[154] L25=[93] L28=[214] L30=[23] L33=[172] L34=[64] L35=[8] L40=[118]
ds4: [t=+50458.0ms] req seq=383 L14 k=1 ids=[62] w=[0.1786] compute=1.90 ms ok
ds4: [t=+50495.3ms] req seq=384 L25 k=1 ids=[85] w=[0.1905] compute=1.89 ms ok
ds4: [t=+50510.2ms] req seq=385 L28 k=1 ids=[247] w=[0.1731] compute=1.88 ms ok
ds4: [t=+50516.3ms] req seq=386 L29 k=1 ids=[103] w=[0.1990] compute=1.80 ms ok
ds4: [t=+50548.8ms] req seq=387 L36 k=1 ids=[208] w=[0.2266] compute=1.91 ms ok
ds4: [t=+50580.4ms] req seq=388 L3 k=1 ids=[0] w=[0.2122] compute=1.57 ms ok
ds4: [t=+50580.5ms] tok#21 done: 6 layer-reqs, 7 experts, compute 11.31 ms (1.88 ms/layer), wall 147.20 ms, errors=0, evict-hints=6 | cache: resident=3337/3337 slabs=3 wired=22.00 GiB mlock-fail=0 B hits=388 misses=0 swaps=387
ds4: [t=+50580.5ms] tok#21 experts: L7=[199,111] L14=[62] L25=[85] L28=[247] L29=[103] L36=[208]
ds4: [t=+50590.0ms] req seq=389 L6 k=2 ids=[53,71] w=[0.1730,0.1353] compute=1.51 ms ok
ds4: [t=+50595.8ms] req seq=390 L7 k=2 ids=[191,101] w=[0.2760,0.2079] compute=1.45 ms ok
ds4: [t=+50601.7ms] req seq=391 L8 k=1 ids=[159] w=[0.1543] compute=1.59 ms ok
ds4: [t=+50607.7ms] req seq=392 L9 k=2 ids=[236,34] w=[0.1510,0.1478] compute=1.56 ms ok
ds4: [t=+50613.7ms] req seq=393 L10 k=1 ids=[200] w=[0.1194] compute=1.45 ms ok
ds4: [t=+50619.8ms] req seq=394 L11 k=1 ids=[120] w=[0.1836] compute=1.61 ms ok
ds4: [t=+50625.5ms] req seq=395 L12 k=1 ids=[193] w=[0.1858] compute=1.51 ms ok
ds4: [t=+50635.2ms] req seq=396 L15 k=1 ids=[132] w=[0.2370] compute=1.66 ms ok
ds4: [t=+50643.4ms] req seq=397 L17 k=2 ids=[6,145] w=[0.2280,0.2029] compute=1.54 ms ok
ds4: [t=+50651.1ms] req seq=398 L19 k=2 ids=[179,186] w=[0.1538,0.1537] compute=1.76 ms ok
ds4: [t=+50671.8ms] req seq=399 L25 k=1 ids=[9] w=[0.1887] compute=1.75 ms ok
ds4: [t=+50687.8ms] req seq=400 L30 k=2 ids=[100,198] w=[0.2071,0.2409] compute=1.75 ms ok
ds4: [t=+50711.9ms] req seq=401 L37 k=1 ids=[133] w=[0.2557] compute=1.74 ms ok
ds4: [t=+50724.8ms] req seq=402 L41 k=1 ids=[132] w=[0.1753] compute=1.88 ms ok
ds4: [t=+50743.5ms] req seq=403 L4 k=1 ids=[21] w=[0.2184] compute=1.89 ms ok
ds4: [t=+50743.6ms] tok#22 done: 15 layer-reqs, 21 experts, compute 24.33 ms (1.62 ms/layer), wall 164.80 ms, errors=0, evict-hints=15 | cache: resident=3337/3337 slabs=3 wired=22.00 GiB mlock-fail=0 B hits=403 misses=0 swaps=402
ds4: [t=+50743.7ms] tok#22 experts: L3=[0] L6=[53,71] L7=[191,101] L8=[159] L9=[236,34] L10=[200] L11=[120] L12=[193] L15=[132] L17=[6,145] L19=[179,186] L25=[9] L30=[100,198] L37=[133] L41=[132]
ds4: [t=+50757.8ms] req seq=404 L9 k=1 ids=[207] w=[0.3540] compute=1.90 ms ok
ds4: [t=+50765.8ms] req seq=405 L11 k=2 ids=[133,209] w=[0.2269,0.2109] compute=1.79 ms ok
ds4: [t=+50773.4ms] req seq=406 L14 k=1 ids=[46] w=[0.2954] compute=1.86 ms ok
ds4: [t=+50779.9ms] req seq=407 L16 k=1 ids=[51] w=[0.2318] compute=1.79 ms ok
ds4: [t=+50785.8ms] req seq=408 L17 k=2 ids=[107,66] w=[0.1935,0.1915] compute=1.88 ms ok
ds4: [t=+50792.1ms] req seq=409 L18 k=1 ids=[78] w=[0.1966] compute=1.84 ms ok
ds4: [t=+50798.0ms] req seq=410 L19 k=2 ids=[201,200] w=[0.2802,0.1657] compute=1.82 ms ok
ds4: [t=+50804.1ms] req seq=411 L20 k=1 ids=[113] w=[0.2579] compute=1.86 ms ok
ds4: [t=+50813.6ms] req seq=412 L23 k=1 ids=[187] w=[0.1110] compute=1.85 ms ok
ds4: [t=+50820.1ms] req seq=413 L24 k=1 ids=[67] w=[0.1783] compute=1.85 ms ok
ds4: [t=+50858.5ms] req seq=414 L37 k=1 ids=[74] w=[0.1486] compute=1.86 ms ok
ds4: [t=+50903.7ms] req seq=415 L8 k=1 ids=[2] w=[0.1249] compute=2.09 ms ok
ds4: [t=+50903.8ms] tok#23 done: 12 layer-reqs, 15 experts, compute 22.19 ms (1.85 ms/layer), wall 162.13 ms, errors=0, evict-hints=12 | cache: resident=3337/3337 slabs=3 wired=22.00 GiB mlock-fail=0 B hits=415 misses=0 swaps=414
ds4: [t=+50903.9ms] tok#23 experts: L4=[21] L9=[207] L11=[133,209] L14=[46] L16=[51] L17=[107,66] L18=[78] L19=[201,200] L20=[113] L23=[187] L24=[67] L37=[74]
ds4: [t=+50909.8ms] req seq=416 L9 k=1 ids=[0] w=[0.1698] compute=1.83 ms ok
ds4: [t=+50915.9ms] req seq=417 L10 k=1 ids=[97] w=[0.3203] compute=1.80 ms ok
ds4: [t=+50922.0ms] req seq=418 L11 k=3 ids=[19,228,178] w=[0.3162,0.3134,0.1546] compute=1.85 ms ok
ds4: [t=+50929.3ms] req seq=419 L13 k=1 ids=[169] w=[0.5624] compute=1.76 ms ok
ds4: [t=+50939.3ms] req seq=420 L17 k=2 ids=[206,38] w=[0.2018,0.1881] compute=1.83 ms ok
ds4: [t=+50946.7ms] req seq=421 L19 k=2 ids=[115,79] w=[0.2990,0.1406] compute=1.84 ms ok
ds4: [t=+50952.7ms] req seq=422 L20 k=1 ids=[5] w=[0.2181] compute=1.89 ms ok
ds4: [t=+50959.1ms] req seq=423 L21 k=1 ids=[126] w=[0.5105] compute=1.82 ms ok
ds4: [t=+50965.4ms] req seq=424 L22 k=1 ids=[116] w=[0.2960] compute=1.81 ms ok
ds4: [t=+50971.6ms] req seq=425 L23 k=1 ids=[233] w=[0.2475] compute=1.77 ms ok
ds4: [t=+50981.4ms] req seq=426 L25 k=1 ids=[56] w=[0.1660] compute=1.81 ms ok
ds4: [t=+50997.1ms] req seq=427 L29 k=1 ids=[62] w=[0.2500] compute=1.82 ms ok
ds4: [t=+51006.3ms] req seq=428 L31 k=1 ids=[165] w=[0.4870] compute=1.86 ms ok
ds4: [t=+51020.6ms] req seq=429 L34 k=1 ids=[6] w=[0.1922] compute=1.86 ms ok
ds4: [t=+51045.7ms] req seq=430 L40 k=1 ids=[178] w=[0.1668] compute=1.89 ms ok
ds4: [t=+51075.0ms] req seq=431 L4 k=1 ids=[173] w=[0.1366] compute=1.88 ms ok
ds4: [t=+51075.1ms] tok#24 done: 16 layer-reqs, 20 experts, compute 29.52 ms (1.84 ms/layer), wall 173.46 ms, errors=0, evict-hints=16 | cache: resident=3337/3337 slabs=3 wired=22.00 GiB mlock-fail=0 B hits=431 misses=0 swaps=430
ds4: [t=+51075.1ms] tok#24 experts: L8=[2] L9=[0] L10=[97] L11=[19,228,178] L13=[169] L17=[206,38] L19=[115,79] L20=[5] L21=[126] L22=[116] L23=[233] L25=[56] L29=[62] L31=[165] L34=[6] L40=[178]
ds4: [t=+51099.0ms] req seq=432 L10 k=1 ids=[53] w=[0.1278] compute=1.77 ms ok
ds4: [t=+51107.8ms] req seq=433 L12 k=1 ids=[45] w=[0.1780] compute=1.43 ms ok
ds4: [t=+51114.2ms] req seq=434 L13 k=1 ids=[250] w=[0.1275] compute=1.45 ms ok
ds4: [t=+51133.2ms] req seq=435 L19 k=2 ids=[79,71] w=[0.3217,0.2498] compute=1.60 ms ok
ds4: [t=+51138.9ms] req seq=436 L20 k=1 ids=[48] w=[0.1646] compute=1.45 ms ok
ds4: [t=+51149.9ms] req seq=437 L22 k=2 ids=[58,204] w=[0.3599,0.2695] compute=1.62 ms ok
ds4: [t=+51194.7ms] req seq=438 L35 k=2 ids=[122,14] w=[0.0833,0.0687] compute=1.73 ms ok
ds4: [t=+51207.1ms] req seq=439 L38 k=1 ids=[4] w=[0.1513] compute=1.61 ms ok
ds4: [t=+51244.7ms] req seq=440 L6 k=1 ids=[185] w=[0.1434] compute=1.62 ms ok
ds4: [t=+51244.8ms] tok#25 done: 9 layer-reqs, 12 experts, compute 14.54 ms (1.62 ms/layer), wall 171.67 ms, errors=0, evict-hints=9 | cache: resident=3337/3337 slabs=3 wired=22.00 GiB mlock-fail=0 B hits=440 misses=0 swaps=439
ds4: [t=+51244.9ms] tok#25 experts: L4=[173] L10=[53] L12=[45] L13=[250] L19=[79,71] L20=[48] L22=[58,204] L35=[122,14] L38=[4]
ds4: [t=+51251.0ms] req seq=441 L7 k=1 ids=[28] w=[0.2263] compute=1.79 ms ok
ds4: [t=+51257.2ms] req seq=442 L9 k=1 ids=[9] w=[0.2456] compute=1.52 ms ok
ds4: [t=+51264.5ms] req seq=443 L11 k=2 ids=[163,228] w=[0.2644,0.1700] compute=1.50 ms ok
ds4: [t=+51281.3ms] req seq=444 L17 k=2 ids=[38,46] w=[0.2695,0.2272] compute=1.63 ms ok
ds4: [t=+51300.0ms] req seq=445 L24 k=2 ids=[15,190] w=[0.1612,0.1421] compute=1.93 ms ok
ds4: [t=+51341.4ms] req seq=446 L39 k=1 ids=[120] w=[0.1135] compute=1.89 ms ok
ds4: [t=+51382.3ms] req seq=447 L9 k=2 ids=[184,169] w=[0.1776,0.1709] compute=1.79 ms ok
ds4: [t=+51382.4ms] tok#26 done: 7 layer-reqs, 10 experts, compute 11.89 ms (1.70 ms/layer), wall 139.28 ms, errors=0, evict-hints=7 | cache: resident=3337/3337 slabs=3 wired=22.00 GiB mlock-fail=0 B hits=447 misses=0 swaps=446
ds4: [t=+51382.4ms] tok#26 experts: L6=[185] L7=[28] L9=[9] L11=[163,228] L17=[38,46] L24=[15,190] L39=[120]
ds4: [t=+51388.0ms] req seq=448 L10 k=1 ids=[7] w=[0.2097] compute=1.51 ms ok
ds4: [t=+51393.9ms] req seq=449 L11 k=1 ids=[209] w=[0.1693] compute=1.49 ms ok
ds4: [t=+51406.0ms] req seq=450 L17 k=1 ids=[16] w=[0.3428] compute=1.52 ms ok
ds4: [t=+51411.6ms] req seq=451 L19 k=1 ids=[22] w=[0.3935] compute=1.43 ms ok
ds4: [t=+51417.5ms] req seq=452 L21 k=1 ids=[229] w=[0.1550] compute=1.56 ms ok
ds4: [t=+51424.4ms] req seq=453 L23 k=2 ids=[2,5] w=[0.2848,0.1633] compute=1.48 ms ok
ds4: [t=+51430.1ms] req seq=454 L24 k=1 ids=[26] w=[0.2102] compute=1.44 ms ok
ds4: [t=+51436.1ms] req seq=455 L26 k=1 ids=[19] w=[0.1330] compute=1.56 ms ok
ds4: [t=+51452.9ms] req seq=456 L31 k=1 ids=[15] w=[0.1963] compute=1.61 ms ok
ds4: [t=+51461.1ms] req seq=457 L33 k=1 ids=[223] w=[0.4227] compute=1.63 ms ok
ds4: [t=+51480.1ms] req seq=458 L39 k=1 ids=[222] w=[0.2050] compute=1.62 ms ok
ds4: [t=+51489.5ms] req seq=459 L41 k=1 ids=[36] w=[0.1597] compute=1.68 ms ok
ds4: [t=+51510.0ms] req seq=460 L4 k=1 ids=[5] w=[0.1155] compute=1.75 ms ok
ds4: [t=+51510.1ms] tok#27 done: 13 layer-reqs, 15 experts, compute 20.31 ms (1.56 ms/layer), wall 129.54 ms, errors=0, evict-hints=13 | cache: resident=3337/3337 slabs=3 wired=22.00 GiB mlock-fail=0 B hits=460 misses=0 swaps=459
ds4: [t=+51510.1ms] tok#27 experts: L9=[184,169] L10=[7] L11=[209] L17=[16] L19=[22] L21=[229] L23=[2,5] L24=[26] L26=[19] L31=[15] L33=[223] L39=[222] L41=[36]
ds4: [t=+51516.6ms] req seq=461 L5 k=1 ids=[15] w=[0.1121] compute=2.11 ms ok
ds4: [t=+51527.3ms] req seq=462 L9 k=2 ids=[169,34] w=[0.1806,0.1789] compute=1.73 ms ok
ds4: [t=+51533.3ms] req seq=463 L10 k=1 ids=[9] w=[0.2334] compute=2.09 ms ok
ds4: [t=+51539.2ms] req seq=464 L11 k=1 ids=[58] w=[0.1918] compute=1.77 ms ok
ds4: [t=+51547.1ms] req seq=465 L13 k=1 ids=[233] w=[0.2811] compute=1.69 ms ok
ds4: [t=+51553.2ms] req seq=466 L14 k=1 ids=[224] w=[0.1457] compute=1.84 ms ok
ds4: [t=+51570.3ms] req seq=467 L18 k=1 ids=[26] w=[0.1712] compute=1.85 ms ok
ds4: [t=+51576.7ms] req seq=468 L19 k=1 ids=[43] w=[0.2433] compute=1.80 ms ok
ds4: [t=+51583.1ms] req seq=469 L20 k=1 ids=[193] w=[0.1774] compute=1.90 ms ok
ds4: [t=+51633.2ms] req seq=470 L31 k=1 ids=[6] w=[0.3869] compute=2.07 ms ok
ds4: [t=+51659.0ms] req seq=471 L37 k=2 ids=[45,137] w=[0.2071,0.1772] compute=1.90 ms ok
ds4: [t=+51666.5ms] req seq=472 L38 k=1 ids=[121] w=[0.1580] compute=1.87 ms ok
ds4: [t=+51682.1ms] req seq=473 L41 k=1 ids=[249] w=[0.1826] compute=1.91 ms ok
ds4: [t=+51706.6ms] req seq=474 L1 k=1 ids=[194] w=[0.2393] compute=1.86 ms ok
ds4: [t=+51706.7ms] tok#28 done: 14 layer-reqs, 16 experts, compute 26.27 ms (1.88 ms/layer), wall 198.39 ms, errors=0, evict-hints=14 | cache: resident=3337/3337 slabs=3 wired=22.00 GiB mlock-fail=0 B hits=474 misses=0 swaps=473
ds4: [t=+51706.7ms] tok#28 experts: L4=[5] L5=[15] L9=[169,34] L10=[9] L11=[58] L13=[233] L14=[224] L18=[26] L19=[43] L20=[193] L31=[6] L37=[45,137] L38=[121] L41=[249]
ds4: [t=+51727.3ms] req seq=475 L4 k=1 ids=[27] w=[0.2845] compute=1.88 ms ok
ds4: [t=+51747.8ms] req seq=476 L6 k=1 ids=[163] w=[0.2094] compute=1.90 ms ok
ds4: [t=+51756.8ms] req seq=477 L7 k=1 ids=[112] w=[0.1816] compute=1.96 ms ok
ds4: [t=+51773.7ms] req seq=478 L9 k=1 ids=[24] w=[0.3471] compute=1.81 ms ok
ds4: [t=+51793.6ms] req seq=479 L11 k=1 ids=[126] w=[0.1291] compute=1.91 ms ok
ds4: [t=+51804.1ms] req seq=480 L12 k=1 ids=[227] w=[0.1800] compute=1.82 ms ok
ds4: [t=+51814.1ms] req seq=481 L13 k=1 ids=[176] w=[0.1591] compute=1.80 ms ok
ds4: [t=+51822.5ms] req seq=482 L14 k=1 ids=[232] w=[0.1869] compute=1.83 ms ok
ds4: [t=+51853.8ms] req seq=483 L21 k=1 ids=[42] w=[0.3435] compute=1.90 ms ok
ds4: [t=+51865.2ms] req seq=484 L23 k=1 ids=[5] w=[0.1788] compute=1.82 ms ok
ds4: [t=+51871.2ms] req seq=485 L24 k=1 ids=[33] w=[0.2155] compute=1.87 ms ok
ds4: [t=+51881.9ms] req seq=486 L25 k=1 ids=[33] w=[0.1133] compute=1.81 ms ok
ds4: [t=+51906.1ms] req seq=487 L28 k=1 ids=[24] w=[0.1972] compute=1.92 ms ok
ds4: [t=+51945.5ms] req seq=488 L34 k=1 ids=[219] w=[0.1552] compute=1.88 ms ok
ds4: [t=+51995.5ms] req seq=489 L3 k=1 ids=[20] w=[0.1348] compute=2.06 ms ok
ds4: [t=+51995.6ms] tok#29 done: 15 layer-reqs, 15 experts, compute 27.95 ms (1.86 ms/layer), wall 290.89 ms, errors=0, evict-hints=15 | cache: resident=3337/3337 slabs=3 wired=22.00 GiB mlock-fail=0 B hits=489 misses=0 swaps=488
ds4: [t=+51995.7ms] tok#29 experts: L1=[194] L4=[27] L6=[163] L7=[112] L9=[24] L11=[126] L12=[227] L13=[176] L14=[232] L21=[42] L23=[5] L24=[33] L25=[33] L28=[24] L34=[219]
ds4: [t=+52003.2ms] req seq=490 L4 k=1 ids=[224] w=[0.1005] compute=1.86 ms ok
ds4: [t=+52026.6ms] req seq=491 L9 k=1 ids=[2] w=[0.2335] compute=1.87 ms ok
ds4: [t=+52032.7ms] req seq=492 L10 k=1 ids=[4] w=[0.1524] compute=1.87 ms ok
ds4: [t=+52038.8ms] req seq=493 L11 k=1 ids=[3] w=[0.1210] compute=1.75 ms ok
ds4: [t=+52046.2ms] req seq=494 L13 k=1 ids=[20] w=[0.4047] compute=1.78 ms ok
ds4: [t=+52052.5ms] req seq=495 L14 k=2 ids=[215,15] w=[0.2373,0.1990] compute=1.85 ms ok
ds4: [t=+52058.7ms] req seq=496 L15 k=1 ids=[88] w=[0.1756] compute=1.76 ms ok
ds4: [t=+52095.5ms] req seq=497 L21 k=1 ids=[16] w=[0.3785] compute=1.88 ms ok
ds4: [t=+52103.9ms] req seq=498 L22 k=1 ids=[48] w=[0.2976] compute=1.88 ms ok
ds4: [t=+52130.6ms] req seq=499 L25 k=1 ids=[47] w=[0.1384] compute=1.87 ms ok
ds4: [t=+52181.0ms] req seq=500 L34 k=1 ids=[58] w=[0.1809] compute=2.03 ms ok
ds4: [t=+52235.5ms] req seq=501 L4 k=2 ids=[38,146] w=[0.2979,0.1673] compute=1.91 ms ok
ds4: [t=+52235.6ms] tok#30 done: 12 layer-reqs, 13 experts, compute 22.48 ms (1.87 ms/layer), wall 242.09 ms, errors=0, evict-hints=12 | cache: resident=3337/3337 slabs=3 wired=22.00 GiB mlock-fail=0 B hits=501 misses=0 swaps=500
ds4: [t=+52235.6ms] tok#30 experts: L3=[20] L4=[224] L9=[2] L10=[4] L11=[3] L13=[20] L14=[215,15] L15=[88] L21=[16] L22=[48] L25=[47] L34=[58]
ds4: [t=+52244.4ms] req seq=502 L6 k=1 ids=[39] w=[0.1603] compute=1.84 ms ok
ds4: [t=+52252.3ms] req seq=503 L8 k=1 ids=[8] w=[0.2064] compute=1.84 ms ok
ds4: [t=+52257.9ms] req seq=504 L9 k=1 ids=[48] w=[0.2171] compute=1.81 ms ok
ds4: [t=+52264.6ms] req seq=505 L10 k=2 ids=[236,212] w=[0.1716,0.1499] compute=1.80 ms ok
ds4: [t=+52270.5ms] req seq=506 L11 k=1 ids=[164] w=[0.1899] compute=1.83 ms ok
ds4: [t=+52276.4ms] req seq=507 L12 k=2 ids=[26,129] w=[0.2265,0.1390] compute=1.74 ms ok
ds4: [t=+52283.9ms] req seq=508 L14 k=1 ids=[143] w=[0.1872] compute=1.88 ms ok
ds4: [t=+52291.2ms] req seq=509 L16 k=1 ids=[21] w=[0.2080] compute=1.78 ms ok
ds4: [t=+52296.6ms] req seq=510 L17 k=1 ids=[147] w=[0.1578] compute=1.74 ms ok
ds4: [t=+52302.7ms] req seq=511 L18 k=1 ids=[74] w=[0.1316] compute=1.79 ms ok
ds4: [t=+52308.5ms] req seq=512 L19 k=1 ids=[73] w=[0.2294] compute=1.76 ms ok
ds4: [t=+52314.5ms] req seq=513 L20 k=1 ids=[6] w=[0.1758] compute=1.75 ms ok
ds4: [t=+52326.7ms] req seq=514 L23 k=1 ids=[40] w=[0.1385] compute=1.88 ms ok
ds4: [t=+52424.0ms] req seq=515 L5 k=2 ids=[122,51] w=[0.2478,0.2206] compute=2.11 ms ok
ds4: [t=+52424.1ms] tok#31 done: 14 layer-reqs, 17 experts, compute 25.34 ms (1.81 ms/layer), wall 190.47 ms, errors=0, evict-hints=14 | cache: resident=3337/3337 slabs=3 wired=22.00 GiB mlock-fail=0 B hits=515 misses=0 swaps=514
ds4: [t=+52424.1ms] tok#31 experts: L4=[38,146] L6=[39] L8=[8] L9=[48] L10=[236,212] L11=[164] L12=[26,129] L14=[143] L16=[21] L17=[147] L18=[74] L19=[73] L20=[6] L23=[40]
ds4: [t=+52440.7ms] req seq=516 L10 k=2 ids=[174,238] w=[0.1270,0.1228] compute=1.86 ms ok
ds4: [t=+52446.8ms] req seq=517 L11 k=2 ids=[143,171] w=[0.1642,0.1567] compute=1.84 ms ok
ds4: [t=+52453.2ms] req seq=518 L12 k=2 ids=[23,39] w=[0.1485,0.1282] compute=1.89 ms ok
ds4: [t=+52459.2ms] req seq=519 L13 k=2 ids=[13,24] w=[0.1131,0.1118] compute=1.80 ms ok
ds4: [t=+52468.8ms] req seq=520 L16 k=1 ids=[114] w=[0.2189] compute=1.82 ms ok
ds4: [t=+52477.3ms] req seq=521 L18 k=1 ids=[115] w=[0.1741] compute=1.83 ms ok
ds4: [t=+52488.2ms] req seq=522 L22 k=1 ids=[2] w=[0.2161] compute=1.83 ms ok
ds4: [t=+52494.0ms] req seq=523 L23 k=1 ids=[7] w=[0.1103] compute=1.79 ms ok
ds4: [t=+52513.8ms] req seq=524 L29 k=1 ids=[166] w=[0.1776] compute=1.90 ms ok
ds4: [t=+52547.6ms] req seq=525 L39 k=1 ids=[43] w=[0.2383] compute=1.87 ms ok
ds4: [t=+52573.5ms] req seq=526 L5 k=1 ids=[156] w=[0.1378] compute=1.88 ms ok
ds4: [t=+52573.6ms] tok#32 done: 11 layer-reqs, 16 experts, compute 20.53 ms (1.87 ms/layer), wall 151.76 ms, errors=0, evict-hints=11 | cache: resident=3337/3337 slabs=3 wired=22.00 GiB mlock-fail=0 B hits=526 misses=0 swaps=525
ds4: [t=+52573.7ms] tok#32 experts: L5=[122,51] L10=[174,238] L11=[143,171] L12=[23,39] L13=[13,24] L16=[114] L18=[115] L22=[2] L23=[7] L29=[166] L39=[43]
ds4: [t=+52587.8ms] req seq=527 L10 k=1 ids=[8] w=[0.5270] compute=1.87 ms ok
ds4: [t=+52595.6ms] req seq=528 L12 k=1 ids=[129] w=[0.1573] compute=1.78 ms ok
ds4: [t=+52601.7ms] req seq=529 L13 k=1 ids=[236] w=[0.2041] compute=1.84 ms ok
ds4: [t=+52608.0ms] req seq=530 L14 k=1 ids=[47] w=[0.2922] compute=1.82 ms ok
ds4: [t=+52621.6ms] req seq=531 L18 k=1 ids=[53] w=[0.1840] compute=1.88 ms ok
ds4: [t=+52628.6ms] req seq=532 L19 k=2 ids=[8,217] w=[0.3481,0.0864] compute=1.87 ms ok
ds4: [t=+52634.8ms] req seq=533 L20 k=1 ids=[77] w=[0.2451] compute=1.82 ms ok
ds4: [t=+52641.9ms] req seq=534 L21 k=2 ids=[103,153] w=[0.2626,0.1941] compute=1.84 ms ok
ds4: [t=+52651.3ms] req seq=535 L23 k=1 ids=[44] w=[0.1907] compute=1.83 ms ok
ds4: [t=+52668.0ms] req seq=536 L27 k=1 ids=[5] w=[0.1345] compute=1.91 ms ok
ds4: [t=+52685.5ms] req seq=537 L30 k=1 ids=[2] w=[0.3371] compute=1.87 ms ok
ds4: [t=+52717.6ms] req seq=538 L35 k=1 ids=[31] w=[0.4644] compute=1.86 ms ok
ds4: [t=+52781.4ms] req seq=539 L7 k=1 ids=[238] w=[0.1646] compute=2.05 ms ok
ds4: [t=+52781.5ms] tok#33 done: 13 layer-reqs, 15 experts, compute 24.09 ms (1.85 ms/layer), wall 209.87 ms, errors=0, evict-hints=13 | cache: resident=3337/3337 slabs=3 wired=22.00 GiB mlock-fail=0 B hits=539 misses=0 swaps=538
ds4: [t=+52781.5ms] tok#33 experts: L5=[156] L10=[8] L12=[129] L13=[236] L14=[47] L18=[53] L19=[8,217] L20=[77] L21=[103,153] L23=[44] L27=[5] L30=[2] L35=[31]
ds4: [t=+52788.7ms] req seq=540 L8 k=1 ids=[104] w=[0.1846] compute=1.87 ms ok
ds4: [t=+52796.3ms] req seq=541 L9 k=3 ids=[64,32,120] w=[0.3084,0.1765,0.1351] compute=1.86 ms ok
ds4: [t=+52803.1ms] req seq=542 L10 k=1 ids=[126] w=[0.1928] compute=1.87 ms ok
ds4: [t=+52809.7ms] req seq=543 L11 k=2 ids=[234,62] w=[0.2433,0.2442] compute=1.86 ms ok
ds4: [t=+52817.6ms] req seq=544 L12 k=3 ids=[206,62,159] w=[0.4050,0.2355,0.1635] compute=1.90 ms ok
ds4: [t=+52824.4ms] req seq=545 L13 k=2 ids=[80,24] w=[0.1650,0.1210] compute=1.85 ms ok
ds4: [t=+52831.1ms] req seq=546 L14 k=1 ids=[208] w=[0.2385] compute=1.78 ms ok
ds4: [t=+52838.4ms] req seq=547 L15 k=3 ids=[198,147,221] w=[0.3813,0.1783,0.1497] compute=1.85 ms ok
ds4: [t=+52845.5ms] req seq=548 L16 k=1 ids=[252] w=[0.2318] compute=1.76 ms ok
ds4: [t=+52855.6ms] req seq=549 L18 k=1 ids=[40] w=[0.1823] compute=1.91 ms ok
ds4: [t=+52862.6ms] req seq=550 L19 k=3 ids=[68,85,5] w=[0.2118,0.1591,0.1425] compute=1.83 ms ok
ds4: [t=+52870.7ms] req seq=551 L21 k=1 ids=[153] w=[0.1721] compute=1.84 ms ok
ds4: [t=+52880.7ms] req seq=552 L23 k=2 ids=[162,250] w=[0.1236,0.1006] compute=1.83 ms ok
ds4: [t=+52888.3ms] req seq=553 L24 k=2 ids=[160,123] w=[0.2091,0.1045] compute=1.89 ms ok
ds4: [t=+52895.3ms] req seq=554 L25 k=1 ids=[134] w=[0.1155] compute=1.81 ms ok
ds4: [t=+52903.8ms] req seq=555 L26 k=1 ids=[135] w=[0.2314] compute=1.88 ms ok
ds4: [t=+52955.7ms] req seq=556 L39 k=1 ids=[217] w=[0.2926] compute=2.06 ms ok
ds4: [t=+52962.0ms] req seq=557 L40 k=1 ids=[23] w=[0.2808] compute=1.83 ms ok
ds4: [t=+52985.9ms] req seq=558 L3 k=1 ids=[100] w=[0.1716] compute=1.90 ms ok
ds4: [t=+52986.0ms] tok#34 done: 19 layer-reqs, 31 experts, compute 35.53 ms (1.87 ms/layer), wall 206.63 ms, errors=0, evict-hints=19 | cache: resident=3337/3337 slabs=3 wired=22.00 GiB mlock-fail=0 B hits=558 misses=0 swaps=557
ds4: [t=+52986.0ms] tok#34 experts: L7=[238] L8=[104] L9=[64,32,120] L10=[126] L11=[234,62] L12=[206,62,159] L13=[80,24] L14=[208] L15=[198,147,221] L16=[252] L18=[40] L19=[68,85,5] L21=[153] L23=[162,250] L24=[160,123] L25=[134] L26=[135] L39=[217] L40=[23]
ds4: [t=+52992.4ms] req seq=559 L4 k=2 ids=[146,180] w=[0.1897,0.1676] compute=1.90 ms ok
ds4: [t=+52999.1ms] req seq=560 L6 k=1 ids=[105] w=[0.2807] compute=1.79 ms ok
ds4: [t=+53005.6ms] req seq=561 L7 k=2 ids=[180,95] w=[0.1412,0.1306] compute=1.84 ms ok
ds4: [t=+53012.5ms] req seq=562 L9 k=2 ids=[120,32] w=[0.1354,0.0990] compute=1.82 ms ok
ds4: [t=+53018.8ms] req seq=563 L10 k=1 ids=[213] w=[0.1316] compute=1.85 ms ok
ds4: [t=+53025.0ms] req seq=564 L11 k=1 ids=[62] w=[0.2751] compute=1.77 ms ok
ds4: [t=+53031.1ms] req seq=565 L12 k=3 ids=[2,62,39] w=[0.2510,0.2078,0.1497] compute=1.81 ms ok
ds4: [t=+53037.6ms] req seq=566 L13 k=1 ids=[48] w=[0.1200] compute=1.82 ms ok
ds4: [t=+53043.5ms] req seq=567 L14 k=2 ids=[80,32] w=[0.1474,0.1428] compute=1.78 ms ok
ds4: [t=+53049.0ms] req seq=568 L15 k=2 ids=[221,147] w=[0.1903,0.1507] compute=1.79 ms ok
ds4: [t=+53058.7ms] req seq=569 L17 k=1 ids=[34] w=[0.1844] compute=1.78 ms ok
ds4: [t=+53068.4ms] req seq=570 L19 k=3 ids=[5,217,136] w=[0.2177,0.1996,0.1838] compute=1.86 ms ok
ds4: [t=+53074.7ms] req seq=571 L20 k=1 ids=[50] w=[0.2594] compute=1.76 ms ok
ds4: [t=+53083.5ms] req seq=572 L22 k=1 ids=[70] w=[0.2021] compute=1.85 ms ok
ds4: [t=+53089.0ms] req seq=573 L23 k=1 ids=[250] w=[0.1586] compute=1.78 ms ok
ds4: [t=+53095.9ms] req seq=574 L24 k=2 ids=[229,123] w=[0.1504,0.1169] compute=1.75 ms ok
ds4: [t=+53102.8ms] req seq=575 L25 k=1 ids=[215] w=[0.1072] compute=1.84 ms ok
ds4: [t=+53189.7ms] req seq=576 L3 k=1 ids=[23] w=[0.1657] compute=2.07 ms ok
ds4: [t=+53189.8ms] tok#35 done: 18 layer-reqs, 28 experts, compute 32.70 ms (1.82 ms/layer), wall 205.80 ms, errors=0, evict-hints=18 | cache: resident=3337/3337 slabs=3 wired=22.00 GiB mlock-fail=0 B hits=576 misses=0 swaps=575
ds4: [t=+53189.9ms] tok#35 experts: L3=[100] L4=[146,180] L6=[105] L7=[180,95] L9=[120,32] L10=[213] L11=[62] L12=[2,62,39] L13=[48] L14=[80,32] L15=[221,147] L17=[34] L19=[5,217,136] L20=[50] L22=[70] L23=[250] L24=[229,123] L25=[215]
ds4: [t=+53197.0ms] req seq=577 L4 k=1 ids=[105] w=[0.1510] compute=1.81 ms ok
ds4: [t=+53209.0ms] req seq=578 L7 k=3 ids=[47,43,66] w=[0.3581,0.2959,0.1342] compute=1.88 ms ok
ds4: [t=+53215.2ms] req seq=579 L8 k=1 ids=[12] w=[0.3387] compute=1.83 ms ok
ds4: [t=+53226.3ms] req seq=580 L10 k=2 ids=[23,57] w=[0.5457,0.1186] compute=1.85 ms ok
ds4: [t=+53232.9ms] req seq=581 L11 k=1 ids=[56] w=[0.1630] compute=1.83 ms ok
ds4: [t=+53243.3ms] req seq=582 L14 k=1 ids=[67] w=[0.3356] compute=1.81 ms ok
ds4: [t=+53265.2ms] req seq=583 L21 k=1 ids=[47] w=[0.2088] compute=1.86 ms ok
ds4: [t=+53271.1ms] req seq=584 L22 k=1 ids=[33] w=[0.4295] compute=1.53 ms ok
ds4: [t=+53278.8ms] req seq=585 L24 k=1 ids=[123] w=[0.1276] compute=1.41 ms ok
ds4: [t=+53331.8ms] req seq=586 L40 k=1 ids=[202] w=[0.1555] compute=1.70 ms ok
ds4: [t=+53369.7ms] req seq=587 L7 k=1 ids=[95] w=[0.1849] compute=1.61 ms ok
ds4: [t=+53369.8ms] tok#36 done: 11 layer-reqs, 14 experts, compute 19.61 ms (1.78 ms/layer), wall 182.17 ms, errors=0, evict-hints=11 | cache: resident=3337/3337 slabs=3 wired=22.00 GiB mlock-fail=0 B hits=587 misses=0 swaps=586
ds4: [t=+53369.9ms] tok#36 experts: L3=[23] L4=[105] L7=[47,43,66] L8=[12] L10=[23,57] L11=[56] L14=[67] L21=[47] L22=[33] L24=[123] L40=[202]
ds4: [t=+53375.4ms] req seq=588 L8 k=2 ids=[30,60] w=[0.1814,0.1387] compute=1.49 ms ok
ds4: [t=+53384.7ms] req seq=589 L11 k=1 ids=[239] w=[0.1677] compute=1.65 ms ok
ds4: [t=+53390.7ms] req seq=590 L12 k=2 ids=[62,39] w=[0.1766,0.1525] compute=1.52 ms ok
ds4: [t=+53396.7ms] req seq=591 L13 k=2 ids=[24,55] w=[0.2563,0.1685] compute=1.41 ms ok
ds4: [t=+53402.8ms] req seq=592 L14 k=2 ids=[13,32] w=[0.3005,0.1593] compute=1.56 ms ok
ds4: [t=+53409.5ms] req seq=593 L16 k=2 ids=[186,13] w=[0.2251,0.1715] compute=1.54 ms ok
ds4: [t=+53415.0ms] req seq=594 L17 k=1 ids=[129] w=[0.2038] compute=1.39 ms ok
ds4: [t=+53420.5ms] req seq=595 L18 k=2 ids=[116,205] w=[0.2033,0.1798] compute=1.52 ms ok
ds4: [t=+53425.7ms] req seq=596 L19 k=1 ids=[172] w=[0.1248] compute=1.49 ms ok
ds4: [t=+53431.2ms] req seq=597 L20 k=1 ids=[95] w=[0.1639] compute=1.48 ms ok
ds4: [t=+53438.9ms] req seq=598 L22 k=1 ids=[164] w=[0.1630] compute=1.55 ms ok
ds4: [t=+53444.6ms] req seq=599 L23 k=1 ids=[6] w=[0.1534] compute=1.48 ms ok
ds4: [t=+53450.8ms] req seq=600 L24 k=1 ids=[237] w=[0.0926] compute=1.68 ms ok
ds4: [t=+53470.8ms] req seq=601 L28 k=1 ids=[10] w=[0.1458] compute=1.75 ms ok
ds4: [t=+53478.5ms] req seq=602 L29 k=1 ids=[11] w=[0.0836] compute=1.70 ms ok
ds4: [t=+53489.0ms] req seq=603 L30 k=2 ids=[38,31] w=[0.2221,0.1732] compute=1.86 ms ok
ds4: [t=+53498.9ms] req seq=604 L31 k=1 ids=[185] w=[0.0801] compute=1.80 ms ok
ds4: [t=+53540.0ms] req seq=605 L39 k=1 ids=[192] w=[0.3024] compute=1.86 ms ok
ds4: [t=+53575.9ms] req seq=606 L3 k=1 ids=[80] w=[0.1891] compute=1.88 ms ok
ds4: [t=+53576.0ms] tok#37 done: 19 layer-reqs, 26 experts, compute 30.35 ms (1.60 ms/layer), wall 207.81 ms, errors=0, evict-hints=19 | cache: resident=3337/3337 slabs=3 wired=22.00 GiB mlock-fail=0 B hits=606 misses=0 swaps=605
ds4: [t=+53576.0ms] tok#37 experts: L7=[95] L8=[30,60] L11=[239] L12=[62,39] L13=[24,55] L14=[13,32] L16=[186,13] L17=[129] L18=[116,205] L19=[172] L20=[95] L22=[164] L23=[6] L24=[237] L28=[10] L29=[11] L30=[38,31] L31=[185] L39=[192]
ds4: [t=+53582.9ms] req seq=607 L4 k=1 ids=[2] w=[0.1664] compute=1.79 ms ok
ds4: [t=+53589.3ms] req seq=608 L5 k=2 ids=[213,36] w=[0.5338,0.1436] compute=1.79 ms ok
ds4: [t=+53599.4ms] req seq=609 L7 k=2 ids=[183,3] w=[0.1469,0.1183] compute=1.83 ms ok
ds4: [t=+53605.4ms] req seq=610 L8 k=1 ids=[33] w=[0.1254] compute=1.85 ms ok
ds4: [t=+53615.5ms] req seq=611 L11 k=1 ids=[171] w=[0.1447] compute=1.84 ms ok
ds4: [t=+53623.1ms] req seq=612 L12 k=1 ids=[78] w=[0.1507] compute=1.81 ms ok
ds4: [t=+53629.6ms] req seq=613 L13 k=1 ids=[55] w=[0.1608] compute=1.80 ms ok
ds4: [t=+53636.1ms] req seq=614 L14 k=2 ids=[32,45] w=[0.1778,0.1406] compute=1.93 ms ok
ds4: [t=+53659.7ms] req seq=615 L20 k=1 ids=[81] w=[0.2160] compute=1.85 ms ok
ds4: [t=+53672.6ms] req seq=616 L23 k=1 ids=[106] w=[0.1755] compute=1.79 ms ok
ds4: [t=+53709.5ms] req seq=617 L32 k=1 ids=[12] w=[0.1458] compute=1.94 ms ok
ds4: [t=+53771.7ms] req seq=618 L10 k=2 ids=[38,93] w=[0.1588,0.1398] compute=2.08 ms ok
ds4: [t=+53771.8ms] tok#38 done: 12 layer-reqs, 15 experts, compute 22.10 ms (1.84 ms/layer), wall 197.83 ms, errors=0, evict-hints=12 | cache: resident=3337/3337 slabs=3 wired=22.00 GiB mlock-fail=0 B hits=618 misses=0 swaps=617
ds4: [t=+53771.9ms] tok#38 experts: L3=[80] L4=[2] L5=[213,36] L7=[183,3] L8=[33] L11=[171] L12=[78] L13=[55] L14=[32,45] L20=[81] L23=[106] L32=[12]
ds4: [t=+53792.0ms] req seq=619 L18 k=1 ids=[119] w=[0.2041] compute=1.94 ms ok
ds4: [t=+53798.1ms] req seq=620 L19 k=1 ids=[185] w=[0.2149] compute=1.83 ms ok
ds4: [t=+53833.7ms] req seq=621 L34 k=1 ids=[108] w=[0.1479] compute=1.89 ms ok
ds4: [t=+53870.0ms] req seq=622 L3 k=1 ids=[40] w=[0.2870] compute=1.89 ms ok
ds4: [t=+53870.1ms] tok#39 done: 4 layer-reqs, 5 experts, compute 7.73 ms (1.93 ms/layer), wall 100.41 ms, errors=0, evict-hints=4 | cache: resident=3337/3337 slabs=3 wired=22.00 GiB mlock-fail=0 B hits=622 misses=0 swaps=621
ds4: [t=+53870.1ms] tok#39 experts: L10=[38,93] L18=[119] L19=[185] L34=[108]
ds4: [t=+53876.4ms] req seq=623 L4 k=2 ids=[0,126] w=[0.2297,0.1776] compute=1.88 ms ok
ds4: [t=+53882.7ms] req seq=624 L5 k=1 ids=[135] w=[0.1680] compute=1.78 ms ok
ds4: [t=+53888.1ms] req seq=625 L6 k=1 ids=[252] w=[0.2869] compute=1.75 ms ok
ds4: [t=+53899.5ms] req seq=626 L9 k=1 ids=[77] w=[0.4853] compute=1.87 ms ok
ds4: [t=+53905.8ms] req seq=627 L10 k=4 ids=[228,76,179,254] w=[0.4772,0.2045,0.1496,0.1210] compute=1.79 ms ok
ds4: [t=+53913.2ms] req seq=628 L11 k=3 ids=[157,219,246] w=[0.4718,0.1942,0.1492] compute=1.77 ms ok
ds4: [t=+53919.5ms] req seq=629 L12 k=3 ids=[39,179,41] w=[0.3538,0.2701,0.2305] compute=1.86 ms ok
ds4: [t=+53925.7ms] req seq=630 L13 k=2 ids=[241,88] w=[0.2300,0.1743] compute=1.78 ms ok
ds4: [t=+53934.0ms] req seq=631 L15 k=3 ids=[158,160,86] w=[0.2351,0.2359,0.1668] compute=1.87 ms ok
ds4: [t=+53944.5ms] req seq=632 L18 k=1 ids=[212] w=[0.1671] compute=1.83 ms ok
ds4: [t=+53950.5ms] req seq=633 L19 k=2 ids=[118,64] w=[0.2084,0.1366] compute=1.86 ms ok
ds4: [t=+53963.0ms] req seq=634 L22 k=2 ids=[194,92] w=[0.4353,0.1803] compute=1.85 ms ok
ds4: [t=+53969.0ms] req seq=635 L23 k=1 ids=[45] w=[0.1557] compute=1.86 ms ok
ds4: [t=+53974.9ms] req seq=636 L24 k=2 ids=[89,44] w=[0.1135,0.0990] compute=1.77 ms ok
ds4: [t=+53993.4ms] req seq=637 L30 k=1 ids=[31] w=[0.1448] compute=1.88 ms ok
ds4: [t=+53999.6ms] req seq=638 L31 k=1 ids=[83] w=[0.1005] compute=1.76 ms ok
ds4: [t=+54013.2ms] req seq=639 L34 k=1 ids=[84] w=[0.0744] compute=1.84 ms ok
ds4: [t=+54019.4ms] req seq=640 L35 k=1 ids=[29] w=[0.3282] compute=1.87 ms ok
ds4: [t=+54066.4ms] req seq=641 L5 k=1 ids=[233] w=[0.1708] compute=1.99 ms ok
ds4: [t=+54066.5ms] tok#40 done: 19 layer-reqs, 33 experts, compute 34.74 ms (1.83 ms/layer), wall 198.35 ms, errors=0, evict-hints=19 | cache: resident=3337/3337 slabs=3 wired=22.00 GiB mlock-fail=0 B hits=641 misses=0 swaps=640
ds4: [t=+54066.5ms] tok#40 experts: L3=[40] L4=[0,126] L5=[135] L6=[252] L9=[77] L10=[228,76,179,254] L11=[157,219,246] L12=[39,179,41] L13=[241,88] L15=[158,160,86] L18=[212] L19=[118,64] L22=[194,92] L23=[45] L24=[89,44] L30=[31] L31=[83] L34=[84] L35=[29]
ds4: [t=+54073.9ms] req seq=642 L7 k=1 ids=[43] w=[0.2171] compute=1.84 ms ok
ds4: [t=+54081.0ms] req seq=643 L9 k=1 ids=[248] w=[0.1966] compute=1.82 ms ok
ds4: [t=+54088.2ms] req seq=644 L11 k=1 ids=[84] w=[0.2035] compute=1.87 ms ok
ds4: [t=+54094.4ms] req seq=645 L12 k=1 ids=[41] w=[0.3044] compute=1.82 ms ok
ds4: [t=+54100.6ms] req seq=646 L13 k=3 ids=[88,235,10] w=[0.2299,0.1508,0.1305] compute=1.85 ms ok
ds4: [t=+54107.8ms] req seq=647 L15 k=1 ids=[162] w=[0.1981] compute=1.78 ms ok
ds4: [t=+54113.7ms] req seq=648 L16 k=1 ids=[154] w=[0.2289] compute=1.79 ms ok
ds4: [t=+54120.7ms] req seq=649 L18 k=1 ids=[184] w=[0.1596] compute=1.76 ms ok
ds4: [t=+54131.0ms] req seq=650 L21 k=1 ids=[76] w=[0.1948] compute=1.86 ms ok
ds4: [t=+54142.6ms] req seq=651 L24 k=2 ids=[206,40] w=[0.0985,0.0987] compute=1.84 ms ok
ds4: [t=+54208.6ms] req seq=652 L0 k=1 ids=[0] w=[0.1395] compute=2.06 ms ok
ds4: [t=+54208.7ms] tok#41 done: 11 layer-reqs, 14 experts, compute 20.23 ms (1.84 ms/layer), wall 144.33 ms, errors=0, evict-hints=11 | cache: resident=3337/3337 slabs=3 wired=22.00 GiB mlock-fail=0 B hits=652 misses=0 swaps=651
ds4: [t=+54208.8ms] tok#41 experts: L5=[233] L7=[43] L9=[248] L11=[84] L12=[41] L13=[88,235,10] L15=[162] L16=[154] L18=[184] L21=[76] L24=[206,40]
ds4: [t=+54219.7ms] req seq=653 L3 k=2 ids=[27,87] w=[0.3993,0.2131] compute=1.82 ms ok
ds4: [t=+54229.1ms] req seq=654 L5 k=1 ids=[120] w=[0.2222] compute=1.78 ms ok
ds4: [t=+54241.8ms] req seq=655 L9 k=1 ids=[32] w=[0.2033] compute=1.86 ms ok
ds4: [t=+54248.1ms] req seq=656 L10 k=3 ids=[115,179,188] w=[0.2757,0.2305,0.1849] compute=1.86 ms ok
ds4: [t=+54256.9ms] req seq=657 L12 k=1 ids=[172] w=[0.2123] compute=1.93 ms ok
ds4: [t=+54263.1ms] req seq=658 L13 k=1 ids=[41] w=[0.1484] compute=1.87 ms ok
ds4: [t=+54270.4ms] req seq=659 L15 k=2 ids=[24,86] w=[0.2189,0.2148] compute=1.88 ms ok
ds4: [t=+54276.7ms] req seq=660 L16 k=2 ids=[92,13] w=[0.2679,0.2212] compute=1.75 ms ok
ds4: [t=+54285.0ms] req seq=661 L18 k=2 ids=[205,33] w=[0.2156,0.1833] compute=1.91 ms ok
ds4: [t=+54293.8ms] req seq=662 L20 k=1 ids=[70] w=[0.1834] compute=1.83 ms ok
ds4: [t=+54303.4ms] req seq=663 L22 k=1 ids=[119] w=[0.1758] compute=1.88 ms ok
ds4: [t=+54312.4ms] req seq=664 L24 k=1 ids=[44] w=[0.2012] compute=1.81 ms ok
ds4: [t=+54336.9ms] req seq=665 L29 k=1 ids=[181] w=[0.1485] compute=1.92 ms ok
ds4: [t=+54376.9ms] req seq=666 L38 k=1 ids=[212] w=[0.1736] compute=1.92 ms ok
ds4: [t=+54412.1ms] req seq=667 L4 k=1 ids=[126] w=[0.1823] compute=1.87 ms ok
ds4: [t=+54412.2ms] tok#42 done: 15 layer-reqs, 21 experts, compute 28.08 ms (1.87 ms/layer), wall 205.61 ms, errors=0, evict-hints=15 | cache: resident=3337/3337 slabs=3 wired=22.00 GiB mlock-fail=0 B hits=667 misses=0 swaps=666
ds4: [t=+54412.2ms] tok#42 experts: L0=[0] L3=[27,87] L5=[120] L9=[32] L10=[115,179,188] L12=[172] L13=[41] L15=[24,86] L16=[92,13] L18=[205,33] L20=[70] L22=[119] L24=[44] L29=[181] L38=[212]
ds4: [t=+54425.6ms] req seq=668 L9 k=1 ids=[18] w=[0.0963] compute=1.86 ms ok
ds4: [t=+54431.4ms] req seq=669 L10 k=2 ids=[179,76] w=[0.2553,0.1681] compute=1.80 ms ok
ds4: [t=+54443.1ms] req seq=670 L14 k=1 ids=[24] w=[0.1197] compute=1.91 ms ok
ds4: [t=+54449.2ms] req seq=671 L15 k=1 ids=[86] w=[0.1814] compute=1.84 ms ok
ds4: [t=+54455.6ms] req seq=672 L16 k=1 ids=[13] w=[0.2819] compute=1.77 ms ok
ds4: [t=+54460.9ms] req seq=673 L17 k=1 ids=[39] w=[0.2048] compute=1.78 ms ok
ds4: [t=+54480.3ms] req seq=674 L25 k=1 ids=[53] w=[0.1535] compute=1.88 ms ok
ds4: [t=+54510.1ms] req seq=675 L35 k=1 ids=[5] w=[0.3128] compute=1.87 ms ok
ds4: [t=+54572.8ms] req seq=676 L12 k=1 ids=[33] w=[0.1438] compute=2.04 ms ok
ds4: [t=+54572.9ms] tok#43 done: 9 layer-reqs, 10 experts, compute 16.57 ms (1.84 ms/layer), wall 162.60 ms, errors=0, evict-hints=9 | cache: resident=3337/3337 slabs=3 wired=22.00 GiB mlock-fail=0 B hits=676 misses=0 swaps=675
ds4: [t=+54572.9ms] tok#43 experts: L4=[126] L9=[18] L10=[179,76] L14=[24] L15=[86] L16=[13] L17=[39] L25=[53] L35=[5]
ds4: [t=+54579.5ms] req seq=677 L13 k=1 ids=[74] w=[0.1544] compute=1.85 ms ok
ds4: [t=+54608.1ms] req seq=678 L27 k=1 ids=[33] w=[0.1790] compute=1.92 ms ok
ds4: [t=+54618.8ms] req seq=679 L31 k=1 ids=[19] w=[0.1716] compute=1.85 ms ok
ds4: [t=+54624.8ms] req seq=680 L32 k=1 ids=[57] w=[0.2343] compute=1.79 ms ok
ds4: [t=+54657.4ms] req seq=681 L0 k=1 ids=[254] w=[0.2979] compute=1.87 ms ok
ds4: [t=+54657.5ms] tok#44 done: 5 layer-reqs, 5 experts, compute 9.45 ms (1.89 ms/layer), wall 86.77 ms, errors=0, evict-hints=5 | cache: resident=3337/3337 slabs=3 wired=22.00 GiB mlock-fail=0 B hits=681 misses=0 swaps=680
ds4: [t=+54657.6ms] tok#44 experts: L12=[33] L13=[74] L27=[33] L31=[19] L32=[57]
ds4: [t=+54663.9ms] req seq=682 L1 k=1 ids=[16] w=[0.2743] compute=1.84 ms ok
ds4: [t=+54669.9ms] req seq=683 L2 k=1 ids=[127] w=[0.2998] compute=1.82 ms ok
ds4: [t=+54678.2ms] req seq=684 L4 k=2 ids=[212,151] w=[0.2801,0.1043] compute=1.78 ms ok
ds4: [t=+54689.4ms] req seq=685 L7 k=2 ids=[197,21] w=[0.1514,0.1261] compute=1.86 ms ok
ds4: [t=+54696.0ms] req seq=686 L9 k=1 ids=[220] w=[0.2561] compute=1.79 ms ok
ds4: [t=+54702.3ms] req seq=687 L10 k=1 ids=[87] w=[0.1244] compute=1.87 ms ok
ds4: [t=+54708.8ms] req seq=688 L11 k=1 ids=[75] w=[0.1676] compute=1.81 ms ok
ds4: [t=+54714.4ms] req seq=689 L12 k=1 ids=[49] w=[0.1784] compute=1.81 ms ok
ds4: [t=+54720.0ms] req seq=690 L13 k=1 ids=[10] w=[0.1831] compute=1.82 ms ok
ds4: [t=+54729.7ms] req seq=691 L16 k=2 ids=[253,11] w=[0.4480,0.1813] compute=1.80 ms ok
ds4: [t=+54735.9ms] req seq=692 L17 k=2 ids=[66,30] w=[0.2376,0.1923] compute=1.84 ms ok
ds4: [t=+54741.4ms] req seq=693 L18 k=2 ids=[45,67] w=[0.2469,0.2034] compute=1.79 ms ok
ds4: [t=+54748.1ms] req seq=694 L19 k=2 ids=[147,205] w=[0.1999,0.1182] compute=1.78 ms ok
ds4: [t=+54755.0ms] req seq=695 L20 k=1 ids=[223] w=[0.3109] compute=1.81 ms ok
ds4: [t=+54793.7ms] req seq=696 L31 k=1 ids=[75] w=[0.1611] compute=1.88 ms ok
ds4: [t=+54808.4ms] req seq=697 L35 k=2 ids=[28,73] w=[0.5205,0.1246] compute=1.91 ms ok
ds4: [t=+54839.7ms] req seq=698 L42 k=1 ids=[235] w=[0.0998] compute=1.92 ms ok
ds4: [t=+54861.8ms] req seq=699 L6 k=1 ids=[94] w=[0.1220] compute=1.87 ms ok
ds4: [t=+54861.9ms] tok#45 done: 18 layer-reqs, 25 experts, compute 33.00 ms (1.83 ms/layer), wall 206.34 ms, errors=0, evict-hints=18 | cache: resident=3337/3337 slabs=3 wired=22.00 GiB mlock-fail=0 B hits=699 misses=0 swaps=698
ds4: [t=+54862.0ms] tok#45 experts: L0=[254] L1=[16] L2=[127] L4=[212,151] L7=[197,21] L9=[220] L10=[87] L11=[75] L12=[49] L13=[10] L16=[253,11] L17=[66,30] L18=[45,67] L19=[147,205] L20=[223] L31=[75] L35=[28,73] L42=[235]
ds4: [t=+54869.6ms] req seq=700 L8 k=1 ids=[169] w=[0.1328] compute=1.85 ms ok
ds4: [t=+54881.0ms] req seq=701 L11 k=1 ids=[114] w=[0.1411] compute=1.79 ms ok
ds4: [t=+54892.9ms] req seq=702 L16 k=1 ids=[46] w=[0.2199] compute=1.89 ms ok
ds4: [t=+54900.6ms] req seq=703 L18 k=1 ids=[67] w=[0.2542] compute=1.88 ms ok
ds4: [t=+54907.2ms] req seq=704 L19 k=1 ids=[7] w=[0.3706] compute=1.81 ms ok
ds4: [t=+54948.2ms] req seq=705 L34 k=1 ids=[39] w=[0.1595] compute=1.89 ms ok
ds4: [t=+54988.3ms] req seq=706 L5 k=1 ids=[29] w=[0.5251] compute=1.88 ms ok
ds4: [t=+54988.4ms] tok#46 done: 7 layer-reqs, 7 experts, compute 12.99 ms (1.86 ms/layer), wall 128.45 ms, errors=0, evict-hints=7 | cache: resident=3337/3337 slabs=3 wired=22.00 GiB mlock-fail=0 B hits=706 misses=0 swaps=705
ds4: [t=+54988.5ms] tok#46 experts: L6=[94] L8=[169] L11=[114] L16=[46] L18=[67] L19=[7] L34=[39]
ds4: [t=+54994.6ms] req seq=707 L6 k=1 ids=[116] w=[0.1492] compute=1.86 ms ok
ds4: [t=+55000.9ms] req seq=708 L7 k=1 ids=[61] w=[0.4326] compute=1.80 ms ok
ds4: [t=+55006.7ms] req seq=709 L8 k=1 ids=[13] w=[0.1727] compute=1.78 ms ok
ds4: [t=+55012.5ms] req seq=710 L9 k=2 ids=[83,14] w=[0.4009,0.1317] compute=1.80 ms ok
ds4: [t=+55029.7ms] req seq=711 L15 k=1 ids=[115] w=[0.1312] compute=1.89 ms ok
ds4: [t=+55036.7ms] req seq=712 L17 k=1 ids=[70] w=[0.1559] compute=1.93 ms ok
ds4: [t=+55056.0ms] req seq=713 L24 k=1 ids=[151] w=[0.1744] compute=1.90 ms ok
ds4: [t=+55132.2ms] req seq=714 L7 k=1 ids=[84] w=[0.2159] compute=1.90 ms ok
ds4: [t=+55132.3ms] tok#47 done: 8 layer-reqs, 9 experts, compute 14.84 ms (1.86 ms/layer), wall 145.83 ms, errors=0, evict-hints=8 | cache: resident=3337/3337 slabs=3 wired=22.00 GiB mlock-fail=0 B hits=714 misses=0 swaps=713
ds4: [t=+55132.4ms] tok#47 experts: L5=[29] L6=[116] L7=[61] L8=[13] L9=[83,14] L15=[115] L17=[70] L24=[151]
ds4: [t=+55144.3ms] req seq=715 L11 k=1 ids=[24] w=[0.1690] compute=1.44 ms ok
ds4: [t=+55156.9ms] req seq=716 L16 k=1 ids=[74] w=[0.2305] compute=1.51 ms ok
ds4: [t=+55190.4ms] req seq=717 L31 k=1 ids=[187] w=[0.2489] compute=1.52 ms ok
ds4: [t=+55203.1ms] req seq=718 L37 k=1 ids=[13] w=[0.2865] compute=1.61 ms ok
ds4: [t=+55231.8ms] req seq=719 L3 k=1 ids=[22] w=[0.1498] compute=1.53 ms ok
ds4: [t=+55231.9ms] tok#48 done: 5 layer-reqs, 5 experts, compute 7.97 ms (1.59 ms/layer), wall 101.55 ms, errors=0, evict-hints=5 | cache: resident=3337/3337 slabs=3 wired=22.00 GiB mlock-fail=0 B hits=719 misses=0 swaps=718
ds4: [t=+55231.9ms] tok#48 experts: L7=[84] L11=[24] L16=[74] L31=[187] L37=[13]
ds4: [t=+55253.5ms] req seq=720 L12 k=1 ids=[8] w=[0.2626] compute=1.60 ms ok
ds4: [t=+55263.3ms] req seq=721 L15 k=2 ids=[23,177] w=[0.2117,0.1798] compute=1.53 ms ok
ds4: [t=+55275.8ms] req seq=722 L19 k=1 ids=[64] w=[0.1178] compute=1.62 ms ok
ds4: [t=+55284.7ms] req seq=723 L22 k=1 ids=[108] w=[0.1574] compute=1.77 ms ok
ds4: [t=+55299.8ms] req seq=724 L27 k=1 ids=[29] w=[0.2193] compute=1.86 ms ok
ds4: [t=+55358.2ms] req seq=725 L10 k=1 ids=[31] w=[0.3034] compute=1.89 ms ok
ds4: [t=+55358.3ms] tok#49 done: 6 layer-reqs, 7 experts, compute 9.91 ms (1.65 ms/layer), wall 128.01 ms, errors=0, evict-hints=6 | cache: resident=3337/3337 slabs=3 wired=22.00 GiB mlock-fail=0 B hits=725 misses=0 swaps=724
ds4: [t=+55358.3ms] tok#49 experts: L3=[22] L12=[8] L15=[23,177] L19=[64] L22=[108] L27=[29]
ds4: [t=+55373.4ms] req seq=726 L16 k=1 ids=[223] w=[0.2169] compute=1.90 ms ok
ds4: [t=+55379.5ms] req seq=727 L17 k=1 ids=[132] w=[0.2286] compute=1.83 ms ok
ds4: [t=+55386.2ms] req seq=728 L19 k=1 ids=[29] w=[0.1591] compute=1.87 ms ok
ds4: [t=+55406.7ms] req seq=729 L29 k=1 ids=[43] w=[0.2097] compute=1.88 ms ok
ds4: [t=+55414.9ms] req seq=730 L32 k=1 ids=[224] w=[0.1200] compute=1.80 ms ok
ds4: [t=+55450.2ms] req seq=731 L5 k=1 ids=[173] w=[0.1929] compute=1.86 ms ok
ds4: [t=+55450.4ms] tok#50 done: 6 layer-reqs, 6 experts, compute 11.18 ms (1.86 ms/layer), wall 94.02 ms, errors=0, evict-hints=6 | cache: resident=3337/3337 slabs=3 wired=22.00 GiB mlock-fail=0 B hits=731 misses=0 swaps=730
ds4: [t=+55450.4ms] tok#50 experts: L10=[31] L16=[223] L17=[132] L19=[29] L29=[43] L32=[224]
ds4: [t=+55459.2ms] req seq=732 L8 k=1 ids=[36] w=[0.1051] compute=1.80 ms ok
ds4: [t=+55465.1ms] req seq=733 L9 k=1 ids=[106] w=[0.2064] compute=1.77 ms ok
ds4: [t=+55471.0ms] req seq=734 L10 k=3 ids=[47,95,208] w=[0.2624,0.2051,0.1353] compute=1.79 ms ok
ds4: [t=+55491.1ms] req seq=735 L19 k=1 ids=[140] w=[0.1627] compute=1.91 ms ok
ds4: [t=+55497.4ms] req seq=736 L21 k=1 ids=[45] w=[0.1529] compute=1.79 ms ok
ds4: [t=+55503.9ms] req seq=737 L22 k=1 ids=[73] w=[0.2619] compute=1.85 ms ok
ds4: [t=+55510.0ms] req seq=738 L24 k=2 ids=[77,19] w=[0.1788,0.1288] compute=1.80 ms ok
ds4: [t=+55518.5ms] req seq=739 L26 k=1 ids=[72] w=[0.1351] compute=1.86 ms ok
ds4: [t=+55538.1ms] req seq=740 L32 k=1 ids=[6] w=[0.1795] compute=1.87 ms ok
ds4: [t=+55556.5ms] req seq=741 L36 k=2 ids=[9,135] w=[0.1465,0.1169] compute=1.86 ms ok
ds4: [t=+55599.0ms] req seq=742 L5 k=2 ids=[103,59] w=[0.5569,0.1469] compute=1.92 ms ok
ds4: [t=+55599.1ms] tok#51 done: 11 layer-reqs, 15 experts, compute 20.17 ms (1.83 ms/layer), wall 150.64 ms, errors=0, evict-hints=11 | cache: resident=3337/3337 slabs=3 wired=22.00 GiB mlock-fail=0 B hits=742 misses=0 swaps=741
ds4: [t=+55599.1ms] tok#51 experts: L5=[173] L8=[36] L9=[106] L10=[47,95,208] L19=[140] L21=[45] L22=[73] L24=[77,19] L26=[72] L32=[6] L36=[9,135]
ds4: [t=+55604.9ms] req seq=743 L6 k=1 ids=[217] w=[0.1522] compute=1.50 ms ok
ds4: [t=+55614.1ms] req seq=744 L10 k=2 ids=[95,238] w=[0.2181,0.1660] compute=1.44 ms ok
ds4: [t=+55652.1ms] req seq=745 L28 k=1 ids=[41] w=[0.2800] compute=1.53 ms ok
ds4: [t=+55711.7ms] req seq=746 L12 k=1 ids=[106] w=[0.2086] compute=1.78 ms ok
ds4: [t=+55711.9ms] tok#52 done: 4 layer-reqs, 6 experts, compute 6.39 ms (1.60 ms/layer), wall 114.80 ms, errors=0, evict-hints=4 | cache: resident=3337/3337 slabs=3 wired=22.00 GiB mlock-fail=0 B hits=746 misses=0 swaps=745
ds4: [t=+55711.9ms] tok#52 experts: L5=[103,59] L6=[217] L10=[95,238] L28=[41]
ds4: [t=+55718.6ms] req seq=747 L13 k=1 ids=[3] w=[0.1444] compute=1.57 ms ok
ds4: [t=+55731.6ms] req seq=748 L19 k=1 ids=[61] w=[0.1187] compute=1.48 ms ok
ds4: [t=+55784.9ms] req seq=749 L4 k=1 ids=[203] w=[0.3734] compute=1.84 ms ok
ds4: [t=+55785.0ms] tok#53 done: 3 layer-reqs, 3 experts, compute 4.83 ms (1.61 ms/layer), wall 75.05 ms, errors=0, evict-hints=3 | cache: resident=3337/3337 slabs=3 wired=22.00 GiB mlock-fail=0 B hits=749 misses=0 swaps=748
ds4: [t=+55785.0ms] tok#53 experts: L12=[106] L13=[3] L19=[61]
ds4: [t=+55791.0ms] req seq=750 L6 k=2 ids=[13,40] w=[0.1194,0.1194] compute=1.59 ms ok
ds4: [t=+55797.4ms] req seq=751 L7 k=1 ids=[101] w=[0.2766] compute=1.41 ms ok
ds4: [t=+55820.6ms] req seq=752 L17 k=1 ids=[32] w=[0.1746] compute=1.63 ms ok
ds4: [t=+55834.5ms] req seq=753 L22 k=1 ids=[155] w=[0.2195] compute=1.77 ms ok
ds4: [t=+55840.4ms] req seq=754 L23 k=1 ids=[147] w=[0.0950] compute=1.58 ms ok
ds4: [t=+55855.9ms] req seq=755 L29 k=1 ids=[121] w=[0.3169] compute=1.79 ms ok
ds4: [t=+55904.9ms] req seq=756 L5 k=1 ids=[82] w=[0.1520] compute=2.00 ms ok
ds4: [t=+55905.0ms] tok#54 done: 7 layer-reqs, 8 experts, compute 11.62 ms (1.66 ms/layer), wall 121.95 ms, errors=0, evict-hints=7 | cache: resident=3337/3337 slabs=3 wired=22.00 GiB mlock-fail=0 B hits=756 misses=0 swaps=755
ds4: [t=+55905.1ms] tok#54 experts: L4=[203] L6=[13,40] L7=[101] L17=[32] L22=[155] L23=[147] L29=[121]
ds4: [t=+55911.0ms] req seq=757 L7 k=1 ids=[17] w=[0.1562] compute=1.71 ms ok
ds4: [t=+55937.7ms] req seq=758 L19 k=1 ids=[255] w=[0.1216] compute=1.88 ms ok
ds4: [t=+55961.6ms] req seq=759 L32 k=1 ids=[77] w=[0.1073] compute=1.86 ms ok
ds4: [t=+55967.5ms] req seq=760 L33 k=1 ids=[18] w=[0.0913] compute=1.89 ms ok
ds4: [t=+55973.6ms] req seq=761 L34 k=1 ids=[69] w=[0.1438] compute=1.82 ms ok
ds4: [t=+56001.1ms] req seq=762 L2 k=1 ids=[232] w=[0.2904] compute=1.93 ms ok
ds4: [t=+56001.2ms] tok#55 done: 6 layer-reqs, 6 experts, compute 11.16 ms (1.86 ms/layer), wall 98.28 ms, errors=0, evict-hints=6 | cache: resident=3337/3337 slabs=3 wired=22.00 GiB mlock-fail=0 B hits=762 misses=0 swaps=761
ds4: [t=+56001.2ms] tok#55 experts: L5=[82] L7=[17] L19=[255] L32=[77] L33=[18] L34=[69]
ds4: [t=+56009.2ms] req seq=763 L5 k=2 ids=[188,215] w=[0.2206,0.1618] compute=1.82 ms ok
ds4: [t=+56022.4ms] req seq=764 L9 k=1 ids=[60] w=[0.1720] compute=1.87 ms ok
ds4: [t=+56028.5ms] req seq=765 L10 k=2 ids=[238,208] w=[0.1155,0.1087] compute=1.82 ms ok
ds4: [t=+56047.9ms] req seq=766 L19 k=1 ids=[141] w=[0.1577] compute=1.92 ms ok
ds4: [t=+56062.1ms] req seq=767 L24 k=1 ids=[64] w=[0.1742] compute=1.90 ms ok
ds4: [t=+56083.0ms] req seq=768 L31 k=1 ids=[54] w=[0.2438] compute=1.98 ms ok
ds4: [t=+56089.1ms] req seq=769 L32 k=1 ids=[128] w=[0.1694] compute=1.84 ms ok
ds4: [t=+56109.2ms] req seq=770 L38 k=1 ids=[226] w=[0.2309] compute=1.89 ms ok
ds4: [t=+56121.1ms] req seq=771 L42 k=1 ids=[0] w=[0.2007] compute=1.85 ms ok
ds4: [t=+56140.6ms] req seq=772 L5 k=2 ids=[43,58] w=[0.1964,0.1217] compute=1.89 ms ok
ds4: [t=+56140.7ms] tok#56 done: 10 layer-reqs, 12 experts, compute 18.82 ms (1.88 ms/layer), wall 141.55 ms, errors=0, evict-hints=10 | cache: resident=3337/3337 slabs=3 wired=22.00 GiB mlock-fail=0 B hits=772 misses=0 swaps=771
ds4: [t=+56140.7ms] tok#56 experts: L2=[232] L5=[188,215] L9=[60] L10=[238,208] L19=[141] L24=[64] L31=[54] L32=[128] L38=[226] L42=[0]
ds4: [t=+56148.4ms] req seq=773 L7 k=1 ids=[21] w=[0.1714] compute=1.88 ms ok
ds4: [t=+56187.2ms] req seq=774 L20 k=1 ids=[65] w=[0.1896] compute=1.86 ms ok
ds4: [t=+56198.8ms] req seq=775 L23 k=1 ids=[97] w=[0.1981] compute=1.84 ms ok
ds4: [t=+56204.9ms] req seq=776 L24 k=1 ids=[235] w=[0.2061] compute=1.80 ms ok
ds4: [t=+56225.8ms] req seq=777 L31 k=1 ids=[62] w=[0.2370] compute=1.88 ms ok
ds4: [t=+56232.1ms] req seq=778 L32 k=1 ids=[24] w=[0.2863] compute=1.84 ms ok
ds4: [t=+56293.0ms] req seq=779 L11 k=1 ids=[2] w=[0.3083] compute=2.08 ms ok
ds4: [t=+56293.1ms] tok#57 done: 7 layer-reqs, 8 experts, compute 13.00 ms (1.86 ms/layer), wall 154.32 ms, errors=0, evict-hints=7 | cache: resident=3337/3337 slabs=3 wired=22.00 GiB mlock-fail=0 B hits=779 misses=0 swaps=778
ds4: [t=+56293.1ms] tok#57 experts: L5=[43,58] L7=[21] L20=[65] L23=[97] L24=[235] L31=[62] L32=[24]
ds4: [t=+56299.9ms] req seq=780 L13 k=1 ids=[235] w=[0.2079] compute=1.84 ms ok
ds4: [t=+56308.4ms] req seq=781 L16 k=1 ids=[210] w=[0.1690] compute=1.80 ms ok
ds4: [t=+56373.1ms] req seq=782 L0 k=1 ids=[1] w=[0.1578] compute=2.05 ms ok
ds4: [t=+56373.2ms] tok#58 done: 3 layer-reqs, 3 experts, compute 5.71 ms (1.90 ms/layer), wall 82.26 ms, errors=0, evict-hints=3 | cache: resident=3337/3337 slabs=3 wired=22.00 GiB mlock-fail=0 B hits=782 misses=0 swaps=781
ds4: [t=+56373.2ms] tok#58 experts: L11=[2] L13=[235] L16=[210]
ds4: [t=+56385.9ms] req seq=783 L5 k=1 ids=[84] w=[0.1094] compute=1.87 ms ok
ds4: [t=+56392.6ms] req seq=784 L7 k=1 ids=[59] w=[0.4413] compute=1.79 ms ok
ds4: [t=+56403.5ms] req seq=785 L11 k=1 ids=[228] w=[0.2608] compute=1.90 ms ok
ds4: [t=+56409.7ms] req seq=786 L12 k=1 ids=[12] w=[0.2579] compute=1.85 ms ok
ds4: [t=+56491.3ms] req seq=787 L7 k=1 ids=[103] w=[0.1679] compute=2.09 ms ok
ds4: [t=+56491.5ms] tok#59 done: 5 layer-reqs, 5 experts, compute 9.47 ms (1.89 ms/layer), wall 120.40 ms, errors=0, evict-hints=5 | cache: resident=3337/3337 slabs=3 wired=22.00 GiB mlock-fail=0 B hits=787 misses=0 swaps=786
ds4: [t=+56491.5ms] tok#59 experts: L0=[1] L5=[84] L7=[59] L11=[228] L12=[12]
ds4: [t=+56497.5ms] req seq=788 L8 k=1 ids=[53] w=[0.1448] compute=1.79 ms ok
ds4: [t=+56514.5ms] req seq=789 L14 k=2 ids=[11,174] w=[0.2169,0.1623] compute=1.86 ms ok
ds4: [t=+56520.5ms] req seq=790 L15 k=1 ids=[18] w=[0.1694] compute=1.88 ms ok
ds4: [t=+56603.4ms] req seq=791 L8 k=1 ids=[143] w=[0.1318] compute=2.06 ms ok
ds4: [t=+56603.5ms] tok#60 done: 4 layer-reqs, 5 experts, compute 7.63 ms (1.91 ms/layer), wall 114.19 ms, errors=0, evict-hints=4 | cache: resident=3337/3337 slabs=3 wired=22.00 GiB mlock-fail=0 B hits=791 misses=0 swaps=790
ds4: [t=+56603.5ms] tok#60 experts: L7=[103] L8=[53] L14=[11,174] L15=[18]
ds4: [t=+56617.9ms] req seq=792 L13 k=1 ids=[31] w=[0.1700] compute=1.87 ms ok
ds4: [t=+56670.9ms] req seq=793 L40 k=1 ids=[137] w=[0.1523] compute=2.03 ms ok
ds4: [t=+56687.0ms] req seq=794 L3 k=2 ids=[15,37] w=[0.1763,0.1619] compute=1.86 ms ok
ds4: [t=+56687.0ms] tok#61 done: 3 layer-reqs, 3 experts, compute 5.95 ms (1.98 ms/layer), wall 85.72 ms, errors=0, evict-hints=3 | cache: resident=3337/3337 slabs=3 wired=22.00 GiB mlock-fail=0 B hits=794 misses=0 swaps=793
ds4: [t=+56687.1ms] tok#61 experts: L8=[143] L13=[31] L40=[137]
ds4: [t=+56697.7ms] req seq=795 L7 k=2 ids=[35,60] w=[0.1853,0.1728] compute=1.82 ms ok
ds4: [t=+56726.2ms] req seq=796 L20 k=1 ids=[67] w=[0.1429] compute=1.84 ms ok
ds4: [t=+56777.8ms] req seq=797 L3 k=1 ids=[13] w=[0.1924] compute=2.07 ms ok
ds4: [t=+56777.9ms] tok#62 done: 3 layer-reqs, 5 experts, compute 5.52 ms (1.84 ms/layer), wall 92.81 ms, errors=0, evict-hints=3 | cache: resident=3337/3337 slabs=3 wired=22.00 GiB mlock-fail=0 B hits=797 misses=0 swaps=796
ds4: [t=+56778.0ms] tok#62 experts: L3=[15,37] L7=[35,60] L20=[67]
ds4: [t=+56784.1ms] req seq=798 L5 k=1 ids=[5] w=[0.1855] compute=1.87 ms ok
ds4: [t=+56789.9ms] req seq=799 L6 k=1 ids=[161] w=[0.1242] compute=1.76 ms ok
ds4: [t=+56795.4ms] req seq=800 L7 k=1 ids=[244] w=[0.2295] compute=1.77 ms ok
ds4: [t=+56801.4ms] req seq=801 L8 k=1 ids=[31] w=[0.5440] compute=1.86 ms ok
ds4: [t=+56807.2ms] req seq=802 L9 k=1 ids=[26] w=[0.1046] compute=1.77 ms ok
ds4: [t=+56813.1ms] req seq=803 L10 k=2 ids=[134,15] w=[0.1728,0.1433] compute=1.75 ms ok
ds4: [t=+56818.9ms] req seq=804 L11 k=1 ids=[247] w=[0.1768] compute=1.82 ms ok
ds4: [t=+56825.0ms] req seq=805 L12 k=2 ids=[94,63] w=[0.2565,0.1568] compute=1.75 ms ok
ds4: [t=+56831.2ms] req seq=806 L14 k=1 ids=[21] w=[0.1512] compute=1.77 ms ok
ds4: [t=+56853.4ms] req seq=807 L23 k=1 ids=[176] w=[0.1330] compute=1.89 ms ok
ds4: [t=+56859.8ms] req seq=808 L24 k=2 ids=[106,143] w=[0.1735,0.1519] compute=1.82 ms ok
ds4: [t=+56892.2ms] req seq=809 L34 k=1 ids=[83] w=[0.2407] compute=1.90 ms ok
ds4: [t=+56899.7ms] req seq=810 L36 k=1 ids=[204] w=[0.1985] compute=1.83 ms ok
ds4: [t=+56906.0ms] req seq=811 L37 k=1 ids=[117] w=[0.1324] compute=1.80 ms ok
ds4: [t=+56913.5ms] req seq=812 L39 k=1 ids=[31] w=[0.1720] compute=1.82 ms ok
ds4: [t=+56927.9ms] req seq=813 L42 k=1 ids=[168] w=[0.1492] compute=1.88 ms ok
ds4: [t=+56938.6ms] req seq=814 L0 k=1 ids=[3] w=[0.3408] compute=1.91 ms ok
ds4: [t=+56938.7ms] tok#63 done: 17 layer-reqs, 20 experts, compute 31.13 ms (1.83 ms/layer), wall 162.90 ms, errors=0, evict-hints=17 | cache: resident=3337/3337 slabs=3 wired=22.00 GiB mlock-fail=0 B hits=814 misses=0 swaps=813
ds4: [t=+56938.7ms] tok#63 experts: L3=[13] L5=[5] L6=[161] L7=[244] L8=[31] L9=[26] L10=[134,15] L11=[247] L12=[94,63] L14=[21] L23=[176] L24=[106,143] L34=[83] L36=[204] L37=[117] L39=[31] L42=[168]
ds4: [t=+56955.0ms] req seq=815 L6 k=1 ids=[40] w=[0.1161] compute=1.92 ms ok
ds4: [t=+56967.7ms] req seq=816 L10 k=1 ids=[188] w=[0.1333] compute=1.89 ms ok
ds4: [t=+56973.8ms] req seq=817 L11 k=1 ids=[102] w=[0.1715] compute=1.85 ms ok
ds4: [t=+56986.1ms] req seq=818 L15 k=1 ids=[160] w=[0.1423] compute=1.89 ms ok
ds4: [t=+56994.1ms] req seq=819 L17 k=1 ids=[51] w=[0.1487] compute=1.81 ms ok
ds4: [t=+57010.1ms] req seq=820 L22 k=1 ids=[21] w=[0.2013] compute=1.88 ms ok
ds4: [t=+57017.3ms] req seq=821 L24 k=1 ids=[59] w=[0.1684] compute=1.80 ms ok
ds4: [t=+57024.6ms] req seq=822 L26 k=1 ids=[140] w=[0.1229] compute=1.77 ms ok
ds4: [t=+57087.9ms] req seq=823 L3 k=1 ids=[39] w=[0.3445] compute=2.08 ms ok
ds4: [t=+57088.0ms] tok#64 done: 9 layer-reqs, 9 experts, compute 16.73 ms (1.86 ms/layer), wall 151.30 ms, errors=0, evict-hints=9 | cache: resident=3337/3337 slabs=3 wired=22.00 GiB mlock-fail=0 B hits=823 misses=0 swaps=822
ds4: [t=+57088.0ms] tok#64 experts: L0=[3] L6=[40] L10=[188] L11=[102] L15=[160] L17=[51] L22=[21] L24=[59] L26=[140]
ds4: [t=+57096.7ms] req seq=824 L5 k=1 ids=[67] w=[0.1929] compute=1.86 ms ok
ds4: [t=+57105.0ms] req seq=825 L7 k=1 ids=[0] w=[0.1679] compute=1.84 ms ok
ds4: [t=+57141.4ms] req seq=826 L21 k=1 ids=[13] w=[0.1653] compute=1.89 ms ok
ds4: [t=+57148.8ms] req seq=827 L23 k=1 ids=[179] w=[0.1198] compute=1.85 ms ok
ds4: [t=+57155.1ms] req seq=828 L24 k=1 ids=[135] w=[0.1199] compute=1.81 ms ok
ds4: [t=+57167.1ms] req seq=829 L28 k=1 ids=[1] w=[0.1584] compute=1.90 ms ok
ds4: [t=+57216.7ms] req seq=830 L3 k=1 ids=[143] w=[0.1497] compute=1.89 ms ok
ds4: [t=+57216.8ms] tok#65 done: 7 layer-reqs, 7 experts, compute 13.23 ms (1.89 ms/layer), wall 130.96 ms, errors=0, evict-hints=7 | cache: resident=3337/3337 slabs=3 wired=22.00 GiB mlock-fail=0 B hits=830 misses=0 swaps=829
ds4: [t=+57216.8ms] tok#65 experts: L3=[39] L5=[67] L7=[0] L21=[13] L23=[179] L24=[135] L28=[1]
ds4: [t=+57225.2ms] req seq=831 L6 k=1 ids=[12] w=[0.2150] compute=1.83 ms ok
ds4: [t=+57240.0ms] req seq=832 L11 k=1 ids=[245] w=[0.1489] compute=1.87 ms ok
ds4: [t=+57258.0ms] req seq=833 L19 k=1 ids=[27] w=[0.1319] compute=1.90 ms ok
ds4: [t=+57314.6ms] req seq=834 L3 k=1 ids=[161] w=[0.2037] compute=1.88 ms ok
ds4: [t=+57314.7ms] tok#66 done: 4 layer-reqs, 4 experts, compute 7.49 ms (1.87 ms/layer), wall 99.84 ms, errors=0, evict-hints=4 | cache: resident=3337/3337 slabs=3 wired=22.00 GiB mlock-fail=0 B hits=834 misses=0 swaps=833
ds4: [t=+57314.7ms] tok#66 experts: L3=[143] L6=[12] L11=[245] L19=[27]
ds4: [t=+57323.3ms] req seq=835 L6 k=1 ids=[86] w=[0.1645] compute=1.84 ms ok
ds4: [t=+57340.1ms] req seq=836 L12 k=2 ids=[159,42] w=[0.4432,0.1441] compute=1.90 ms ok
ds4: [t=+57346.0ms] req seq=837 L13 k=1 ids=[16] w=[0.2852] compute=1.84 ms ok
ds4: [t=+57352.2ms] req seq=838 L14 k=1 ids=[113] w=[0.1126] compute=1.86 ms ok
ds4: [t=+57358.1ms] req seq=839 L15 k=1 ids=[205] w=[0.1452] compute=1.82 ms ok
ds4: [t=+57369.4ms] req seq=840 L19 k=1 ids=[91] w=[0.2311] compute=1.92 ms ok
ds4: [t=+57375.8ms] req seq=841 L20 k=1 ids=[73] w=[0.2071] compute=1.84 ms ok
ds4: [t=+57381.9ms] req seq=842 L21 k=1 ids=[141] w=[0.1471] compute=1.89 ms ok
ds4: [t=+57406.5ms] req seq=843 L31 k=1 ids=[2] w=[0.1396] compute=1.92 ms ok
ds4: [t=+57422.5ms] req seq=844 L35 k=1 ids=[11] w=[0.1202] compute=1.88 ms ok
ds4: [t=+57439.0ms] req seq=845 L39 k=1 ids=[137] w=[0.1308] compute=1.85 ms ok
ds4: [t=+57444.9ms] req seq=846 L40 k=1 ids=[37] w=[0.1659] compute=1.82 ms ok
ds4: [t=+57475.6ms] req seq=847 L3 k=1 ids=[10] w=[0.2525] compute=1.91 ms ok
ds4: [t=+57475.7ms] tok#67 done: 13 layer-reqs, 14 experts, compute 24.26 ms (1.87 ms/layer), wall 162.97 ms, errors=0, evict-hints=13 | cache: resident=3337/3337 slabs=3 wired=22.00 GiB mlock-fail=0 B hits=847 misses=0 swaps=846
ds4: [t=+57475.7ms] tok#67 experts: L3=[161] L6=[86] L12=[159,42] L13=[16] L14=[113] L15=[205] L19=[91] L20=[73] L21=[141] L31=[2] L35=[11] L39=[137] L40=[37]
ds4: [t=+57484.0ms] req seq=848 L5 k=1 ids=[33] w=[0.2962] compute=1.86 ms ok
ds4: [t=+57513.3ms] req seq=849 L13 k=2 ids=[110,167] w=[0.1794,0.1711] compute=1.90 ms ok
ds4: [t=+57519.4ms] req seq=850 L14 k=1 ids=[100] w=[0.1466] compute=1.87 ms ok
ds4: [t=+57544.9ms] req seq=851 L24 k=1 ids=[143] w=[0.1500] compute=1.88 ms ok
ds4: [t=+57553.3ms] req seq=852 L26 k=1 ids=[92] w=[0.0882] compute=1.88 ms ok
ds4: [t=+57577.6ms] req seq=853 L34 k=1 ids=[17] w=[0.1405] compute=1.87 ms ok
ds4: [t=+57646.8ms] req seq=854 L18 k=1 ids=[111] w=[0.1589] compute=2.06 ms ok
ds4: [t=+57646.9ms] tok#68 done: 7 layer-reqs, 8 experts, compute 13.17 ms (1.88 ms/layer), wall 173.24 ms, errors=0, evict-hints=7 | cache: resident=3337/3337 slabs=3 wired=22.00 GiB mlock-fail=0 B hits=854 misses=0 swaps=853
ds4: [t=+57647.0ms] tok#68 experts: L3=[10] L5=[33] L13=[110,167] L14=[100] L24=[143] L26=[92] L34=[17]
ds4: [t=+57712.2ms] req seq=855 L9 k=1 ids=[225] w=[0.0740] compute=2.04 ms ok
ds4: [t=+57712.3ms] tok#69 done: 1 layer-reqs, 1 experts, compute 2.06 ms (2.06 ms/layer), wall 67.54 ms, errors=0, evict-hints=1 | cache: resident=3337/3337 slabs=3 wired=22.00 GiB mlock-fail=0 B hits=855 misses=0 swaps=854
ds4: [t=+57712.4ms] tok#69 experts: L18=[111]
ds4: [t=+57725.7ms] req seq=856 L13 k=1 ids=[143] w=[0.1793] compute=1.87 ms ok
ds4: [t=+57734.3ms] req seq=857 L16 k=1 ids=[159] w=[0.2032] compute=1.85 ms ok
ds4: [t=+57763.8ms] req seq=858 L29 k=1 ids=[30] w=[0.1961] compute=1.91 ms ok
ds4: [t=+57769.8ms] req seq=859 L30 k=2 ids=[7,143] w=[0.1337,0.1235] compute=1.95 ms ok
ds4: [t=+57775.9ms] req seq=860 L31 k=1 ids=[47] w=[0.1495] compute=1.79 ms ok
ds4: [t=+57782.2ms] req seq=861 L32 k=1 ids=[8] w=[0.2202] compute=1.77 ms ok
ds4: [t=+57794.2ms] req seq=862 L36 k=1 ids=[96] w=[0.1297] compute=1.85 ms ok
ds4: [t=+57822.4ms] req seq=863 L5 k=1 ids=[58] w=[0.2088] compute=1.87 ms ok
ds4: [t=+57822.5ms] tok#70 done: 8 layer-reqs, 9 experts, compute 15.01 ms (1.88 ms/layer), wall 112.35 ms, errors=0, evict-hints=8 | cache: resident=3337/3337 slabs=3 wired=22.00 GiB mlock-fail=0 B hits=863 misses=0 swaps=862
ds4: [t=+57822.6ms] tok#70 experts: L9=[225] L13=[143] L16=[159] L29=[30] L30=[7,143] L31=[47] L32=[8] L36=[96]
ds4: [t=+57832.3ms] req seq=864 L9 k=1 ids=[42] w=[0.1828] compute=1.80 ms ok
ds4: [t=+57839.5ms] req seq=865 L11 k=1 ids=[67] w=[0.1809] compute=1.82 ms ok
ds4: [t=+57847.6ms] req seq=866 L14 k=1 ids=[174] w=[0.1373] compute=1.79 ms ok
ds4: [t=+57854.2ms] req seq=867 L16 k=1 ids=[27] w=[0.2101] compute=1.85 ms ok
ds4: [t=+57867.6ms] req seq=868 L22 k=1 ids=[15] w=[0.1236] compute=1.91 ms ok
ds4: [t=+57887.4ms] req seq=869 L30 k=1 ids=[79] w=[0.0967] compute=1.94 ms ok
ds4: [t=+57920.0ms] req seq=870 L3 k=1 ids=[153] w=[0.1651] compute=1.86 ms ok
ds4: [t=+57920.2ms] tok#71 done: 7 layer-reqs, 7 experts, compute 12.98 ms (1.85 ms/layer), wall 99.57 ms, errors=0, evict-hints=7 | cache: resident=3337/3337 slabs=3 wired=22.00 GiB mlock-fail=0 B hits=870 misses=0 swaps=869
ds4: [t=+57920.2ms] tok#71 experts: L5=[58] L9=[42] L11=[67] L14=[174] L16=[27] L22=[15] L30=[79]
ds4: [t=+57926.4ms] req seq=871 L5 k=1 ids=[56] w=[0.1501] compute=1.83 ms ok
ds4: [t=+57933.1ms] req seq=872 L7 k=1 ids=[80] w=[0.2056] compute=1.88 ms ok
ds4: [t=+57939.7ms] req seq=873 L9 k=1 ids=[44] w=[0.0921] compute=1.85 ms ok
ds4: [t=+57945.9ms] req seq=874 L11 k=1 ids=[96] w=[0.1353] compute=1.80 ms ok
ds4: [t=+57952.2ms] req seq=875 L12 k=1 ids=[100] w=[0.1956] compute=1.79 ms ok
ds4: [t=+57960.8ms] req seq=876 L15 k=1 ids=[6] w=[0.2774] compute=1.84 ms ok
ds4: [t=+57970.7ms] req seq=877 L19 k=1 ids=[44] w=[0.2360] compute=1.90 ms ok
ds4: [t=+57982.5ms] req seq=878 L24 k=1 ids=[40] w=[0.1328] compute=1.83 ms ok
ds4: [t=+57992.1ms] req seq=879 L26 k=1 ids=[28] w=[0.3542] compute=1.82 ms ok
ds4: [t=+58002.2ms] req seq=880 L29 k=1 ids=[73] w=[0.1150] compute=1.89 ms ok
ds4: [t=+58012.2ms] req seq=881 L31 k=1 ids=[234] w=[0.1629] compute=1.85 ms ok
ds4: [t=+58029.9ms] req seq=882 L36 k=1 ids=[122] w=[0.1189] compute=1.88 ms ok
ds4: [t=+58036.1ms] req seq=883 L37 k=1 ids=[2] w=[0.2366] compute=1.86 ms ok
ds4: [t=+58068.6ms] req seq=884 L3 k=1 ids=[50] w=[0.2750] compute=1.86 ms ok
ds4: [t=+58068.7ms] tok#72 done: 14 layer-reqs, 14 experts, compute 25.86 ms (1.85 ms/layer), wall 150.51 ms, errors=0, evict-hints=14 | cache: resident=3337/3337 slabs=3 wired=22.00 GiB mlock-fail=0 B hits=884 misses=0 swaps=883
ds4: [t=+58068.8ms] tok#72 experts: L3=[153] L5=[56] L7=[80] L9=[44] L11=[96] L12=[100] L15=[6] L19=[44] L24=[40] L26=[28] L29=[73] L31=[234] L36=[122] L37=[2]
ds4: [t=+58076.1ms] req seq=885 L5 k=1 ids=[18] w=[0.1264] compute=1.85 ms ok
ds4: [t=+58110.8ms] req seq=886 L13 k=1 ids=[205] w=[0.2021] compute=1.87 ms ok
ds4: [t=+58254.8ms] req seq=887 L11 k=1 ids=[109] w=[0.2012] compute=1.91 ms ok
ds4: [t=+58254.9ms] tok#73 done: 3 layer-reqs, 3 experts, compute 5.58 ms (1.86 ms/layer), wall 188.11 ms, errors=0, evict-hints=3 | cache: resident=3337/3337 slabs=3 wired=22.00 GiB mlock-fail=0 B hits=887 misses=0 swaps=886
ds4: [t=+58254.9ms] tok#73 experts: L3=[50] L5=[18] L13=[205]
ds4: [t=+58261.8ms] req seq=888 L12 k=1 ids=[228] w=[0.1670] compute=1.84 ms ok
ds4: [t=+58275.0ms] req seq=889 L16 k=1 ids=[25] w=[0.2432] compute=1.84 ms ok
ds4: [t=+58341.1ms] req seq=890 L3 k=2 ids=[42,129] w=[0.1909,0.1753] compute=2.13 ms ok
ds4: [t=+58341.3ms] tok#74 done: 3 layer-reqs, 3 experts, compute 5.59 ms (1.86 ms/layer), wall 88.37 ms, errors=0, evict-hints=3 | cache: resident=3337/3337 slabs=3 wired=22.00 GiB mlock-fail=0 B hits=890 misses=0 swaps=889
ds4: [t=+58341.3ms] tok#74 experts: L11=[109] L12=[228] L16=[25]
ds4: [t=+58350.0ms] req seq=891 L5 k=1 ids=[147] w=[0.1298] compute=1.84 ms ok
ds4: [t=+58356.1ms] req seq=892 L7 k=1 ids=[158] w=[0.1451] compute=1.79 ms ok
ds4: [t=+58361.9ms] req seq=893 L8 k=1 ids=[209] w=[0.1413] compute=1.77 ms ok
ds4: [t=+58382.4ms] req seq=894 L16 k=1 ids=[11] w=[0.1575] compute=1.59 ms ok
ds4: [t=+58389.7ms] req seq=895 L18 k=1 ids=[2] w=[0.1853] compute=1.43 ms ok
ds4: [t=+58395.4ms] req seq=896 L19 k=1 ids=[205] w=[0.1448] compute=1.41 ms ok
ds4: [t=+58403.1ms] req seq=897 L21 k=1 ids=[227] w=[0.1609] compute=1.50 ms ok
ds4: [t=+58411.7ms] req seq=898 L23 k=1 ids=[11] w=[0.2603] compute=1.47 ms ok
ds4: [t=+58454.0ms] req seq=899 L37 k=1 ids=[50] w=[0.1784] compute=1.68 ms ok
ds4: [t=+58488.9ms] req seq=900 L6 k=1 ids=[65] w=[0.1099] compute=1.61 ms ok
ds4: [t=+58489.0ms] tok#75 done: 10 layer-reqs, 11 experts, compute 16.60 ms (1.66 ms/layer), wall 149.96 ms, errors=0, evict-hints=10 | cache: resident=3337/3337 slabs=3 wired=22.00 GiB mlock-fail=0 B hits=900 misses=0 swaps=899
ds4: [t=+58489.0ms] tok#75 experts: L3=[42,129] L5=[147] L7=[158] L8=[209] L16=[11] L18=[2] L19=[205] L21=[227] L23=[11] L37=[50]
ds4: [t=+58498.3ms] req seq=901 L10 k=1 ids=[68] w=[0.2738] compute=1.43 ms ok
ds4: [t=+58564.0ms] req seq=902 L41 k=1 ids=[52] w=[0.1520] compute=1.71 ms ok
ds4: [t=+58582.1ms] req seq=903 L5 k=1 ids=[165] w=[0.1706] compute=1.60 ms ok
ds4: [t=+58582.2ms] tok#76 done: 3 layer-reqs, 3 experts, compute 4.75 ms (1.58 ms/layer), wall 94.89 ms, errors=0, evict-hints=3 | cache: resident=3337/3337 slabs=3 wired=22.00 GiB mlock-fail=0 B hits=903 misses=0 swaps=902
ds4: [t=+58582.2ms] tok#76 experts: L6=[65] L10=[68] L41=[52]
ds4: [t=+58589.0ms] req seq=904 L7 k=1 ids=[10] w=[0.1587] compute=1.76 ms ok
ds4: [t=+58606.5ms] req seq=905 L14 k=1 ids=[218] w=[0.1537] compute=1.75 ms ok
ds4: [t=+58613.1ms] req seq=906 L16 k=1 ids=[107] w=[0.2137] compute=1.49 ms ok
ds4: [t=+58619.0ms] req seq=907 L18 k=1 ids=[161] w=[0.1587] compute=1.74 ms ok
ds4: [t=+58625.3ms] req seq=908 L19 k=1 ids=[191] w=[0.0828] compute=1.70 ms ok
ds4: [t=+58641.6ms] req seq=909 L24 k=1 ids=[190] w=[0.1814] compute=1.87 ms ok
ds4: [t=+58657.7ms] req seq=910 L29 k=1 ids=[236] w=[0.1691] compute=1.95 ms ok
ds4: [t=+58664.3ms] req seq=911 L30 k=1 ids=[150] w=[0.1530] compute=1.79 ms ok
ds4: [t=+58669.9ms] req seq=912 L31 k=1 ids=[80] w=[0.2422] compute=1.87 ms ok
ds4: [t=+58676.9ms] req seq=913 L33 k=1 ids=[192] w=[0.1003] compute=1.81 ms ok
ds4: [t=+58690.8ms] req seq=914 L38 k=1 ids=[3] w=[0.2947] compute=1.91 ms ok
ds4: [t=+58725.1ms] req seq=915 L7 k=1 ids=[7] w=[0.1331] compute=1.84 ms ok
ds4: [t=+58725.2ms] tok#77 done: 12 layer-reqs, 12 experts, compute 21.23 ms (1.77 ms/layer), wall 144.73 ms, errors=0, evict-hints=12 | cache: resident=3337/3337 slabs=3 wired=22.00 GiB mlock-fail=0 B hits=915 misses=0 swaps=914
ds4: [t=+58725.2ms] tok#77 experts: L5=[165] L7=[10] L14=[218] L16=[107] L18=[161] L19=[191] L24=[190] L29=[236] L30=[150] L31=[80] L33=[192] L38=[3]
ds4: [t=+58743.0ms] req seq=916 L12 k=1 ids=[85] w=[0.1848] compute=1.89 ms ok
ds4: [t=+58751.4ms] req seq=917 L14 k=1 ids=[45] w=[0.1524] compute=1.85 ms ok
ds4: [t=+58761.3ms] req seq=918 L17 k=2 ids=[105,5] w=[0.2142,0.2076] compute=1.83 ms ok
ds4: [t=+58767.2ms] req seq=919 L19 k=1 ids=[220] w=[0.3311] compute=1.84 ms ok
ds4: [t=+58773.3ms] req seq=920 L20 k=1 ids=[46] w=[0.1744] compute=1.83 ms ok
ds4: [t=+58797.2ms] req seq=921 L29 k=1 ids=[46] w=[0.4163] compute=1.86 ms ok
ds4: [t=+58810.6ms] req seq=922 L33 k=1 ids=[29] w=[0.3179] compute=1.87 ms ok
ds4: [t=+58817.8ms] req seq=923 L35 k=1 ids=[2] w=[0.2162] compute=1.81 ms ok
ds4: [t=+58832.7ms] req seq=924 L40 k=1 ids=[230] w=[0.2035] compute=1.80 ms ok
ds4: [t=+58839.4ms] req seq=925 L42 k=1 ids=[208] w=[0.2682] compute=1.85 ms ok
ds4: [t=+58854.6ms] req seq=926 L3 k=1 ids=[214] w=[0.1232] compute=1.90 ms ok
ds4: [t=+58854.7ms] tok#78 done: 11 layer-reqs, 12 experts, compute 20.28 ms (1.84 ms/layer), wall 131.42 ms, errors=0, evict-hints=11 | cache: resident=3337/3337 slabs=3 wired=22.00 GiB mlock-fail=0 B hits=926 misses=0 swaps=925
ds4: [t=+58854.8ms] tok#78 experts: L7=[7] L12=[85] L14=[45] L17=[105,5] L19=[220] L20=[46] L29=[46] L33=[29] L35=[2] L40=[230] L42=[208]
ds4: [t=+58862.3ms] req seq=927 L5 k=3 ids=[45,94,30] w=[0.4130,0.4134,0.1395] compute=1.87 ms ok
ds4: [t=+58869.3ms] req seq=928 L7 k=1 ids=[76] w=[0.2086] compute=1.87 ms ok
ds4: [t=+58875.4ms] req seq=929 L8 k=2 ids=[35,230] w=[0.3466,0.1367] compute=1.78 ms ok
ds4: [t=+58882.6ms] req seq=930 L10 k=1 ids=[10] w=[0.4051] compute=1.79 ms ok
ds4: [t=+58893.0ms] req seq=931 L13 k=1 ids=[163] w=[0.2702] compute=1.79 ms ok
ds4: [t=+58898.8ms] req seq=932 L14 k=1 ids=[102] w=[0.1512] compute=1.82 ms ok
ds4: [t=+58905.1ms] req seq=933 L15 k=1 ids=[111] w=[0.3398] compute=1.83 ms ok
ds4: [t=+58911.5ms] req seq=934 L16 k=1 ids=[112] w=[0.2629] compute=1.77 ms ok
ds4: [t=+58917.4ms] req seq=935 L17 k=1 ids=[85] w=[0.2097] compute=1.78 ms ok
ds4: [t=+58923.4ms] req seq=936 L18 k=1 ids=[104] w=[0.1624] compute=1.79 ms ok
ds4: [t=+58935.0ms] req seq=937 L22 k=3 ids=[52,89,224] w=[0.1924,0.1801,0.1540] compute=1.86 ms ok
ds4: [t=+58954.0ms] req seq=938 L28 k=1 ids=[4] w=[0.2495] compute=1.91 ms ok
ds4: [t=+58978.1ms] req seq=939 L35 k=1 ids=[57] w=[0.1226] compute=1.87 ms ok
ds4: [t=+58995.7ms] req seq=940 L39 k=1 ids=[21] w=[0.1498] compute=1.88 ms ok
ds4: [t=+59005.1ms] req seq=941 L41 k=1 ids=[23] w=[0.3811] compute=1.86 ms ok
ds4: [t=+59011.2ms] req seq=942 L42 k=1 ids=[30] w=[0.1138] compute=1.80 ms ok
ds4: [t=+59038.1ms] req seq=943 L4 k=1 ids=[22] w=[0.1415] compute=1.90 ms ok
ds4: [t=+59038.2ms] tok#79 done: 17 layer-reqs, 22 experts, compute 31.17 ms (1.83 ms/layer), wall 185.49 ms, errors=0, evict-hints=17 | cache: resident=3337/3337 slabs=3 wired=22.00 GiB mlock-fail=0 B hits=943 misses=0 swaps=942
ds4: [t=+59038.3ms] tok#79 experts: L3=[214] L5=[45,94,30] L7=[76] L8=[35,230] L10=[10] L13=[163] L14=[102] L15=[111] L16=[112] L17=[85] L18=[104] L22=[52,89,224] L28=[4] L35=[57] L39=[21] L41=[23] L42=[30]
ds4: [t=+59046.8ms] req seq=944 L5 k=1 ids=[94] w=[0.3710] compute=1.82 ms ok
ds4: [t=+59052.9ms] req seq=945 L6 k=1 ids=[80] w=[0.1429] compute=1.85 ms ok
ds4: [t=+59063.7ms] req seq=946 L7 k=3 ids=[184,97,241] w=[0.2712,0.1984,0.1868] compute=1.83 ms ok
ds4: [t=+59077.4ms] req seq=947 L9 k=1 ids=[59] w=[0.1421] compute=1.89 ms ok
ds4: [t=+59085.3ms] req seq=948 L10 k=1 ids=[49] w=[0.1478] compute=1.88 ms ok
ds4: [t=+59097.6ms] req seq=949 L12 k=1 ids=[59] w=[0.3982] compute=1.83 ms ok
ds4: [t=+59119.8ms] req seq=950 L15 k=1 ids=[96] w=[0.3470] compute=1.88 ms ok
ds4: [t=+59132.5ms] req seq=951 L16 k=2 ids=[43,157] w=[0.2101,0.1822] compute=1.85 ms ok
ds4: [t=+59161.8ms] req seq=952 L21 k=1 ids=[81] w=[0.1615] compute=1.87 ms ok
ds4: [t=+59171.2ms] req seq=953 L22 k=1 ids=[89] w=[0.1902] compute=1.85 ms ok
ds4: [t=+59190.9ms] req seq=954 L25 k=1 ids=[236] w=[0.1997] compute=1.85 ms ok
ds4: [t=+59206.1ms] req seq=955 L27 k=1 ids=[14] w=[0.1477] compute=1.89 ms ok
ds4: [t=+59220.3ms] req seq=956 L29 k=1 ids=[31] w=[0.2218] compute=1.89 ms ok
ds4: [t=+59246.8ms] req seq=957 L33 k=1 ids=[19] w=[0.2807] compute=1.89 ms ok
ds4: [t=+59276.3ms] req seq=958 L37 k=1 ids=[6] w=[0.1749] compute=1.88 ms ok
ds4: [t=+59327.2ms] req seq=959 L3 k=1 ids=[102] w=[0.2266] compute=2.08 ms ok
ds4: [t=+59327.3ms] tok#80 done: 16 layer-reqs, 19 experts, compute 29.87 ms (1.87 ms/layer), wall 291.06 ms, errors=0, evict-hints=16 | cache: resident=3337/3337 slabs=3 wired=22.00 GiB mlock-fail=0 B hits=959 misses=0 swaps=958
ds4: [t=+59327.4ms] tok#80 experts: L4=[22] L5=[94] L6=[80] L7=[184,97,241] L9=[59] L10=[49] L12=[59] L15=[96] L16=[43,157] L21=[81] L22=[89] L25=[236] L27=[14] L29=[31] L33=[19] L37=[6]
ds4: [t=+59341.2ms] req seq=960 L8 k=1 ids=[86] w=[0.1163] compute=1.84 ms ok
ds4: [t=+59422.7ms] req seq=961 L39 k=1 ids=[37] w=[0.1996] compute=2.05 ms ok
ds4: [t=+59456.8ms] req seq=962 L6 k=1 ids=[96] w=[0.1839] compute=1.84 ms ok
ds4: [t=+59456.9ms] tok#81 done: 3 layer-reqs, 3 experts, compute 5.97 ms (1.99 ms/layer), wall 131.74 ms, errors=0, evict-hints=3 | cache: resident=3337/3337 slabs=3 wired=22.00 GiB mlock-fail=0 B hits=962 misses=0 swaps=961
ds4: [t=+59456.9ms] tok#81 experts: L3=[102] L8=[86] L39=[37]
ds4: [t=+59475.2ms] req seq=963 L11 k=1 ids=[106] w=[0.1248] compute=1.87 ms ok
ds4: [t=+59490.2ms] req seq=964 L16 k=1 ids=[157] w=[0.3676] compute=1.88 ms ok
ds4: [t=+59500.4ms] req seq=965 L18 k=1 ids=[57] w=[0.1407] compute=1.90 ms ok
ds4: [t=+59529.1ms] req seq=966 L28 k=1 ids=[251] w=[0.2511] compute=1.87 ms ok
ds4: [t=+59560.2ms] req seq=967 L40 k=1 ids=[61] w=[0.2161] compute=1.91 ms ok
ds4: [t=+59606.6ms] req seq=968 L15 k=1 ids=[79] w=[0.1865] compute=2.09 ms ok
ds4: [t=+59606.7ms] tok#82 done: 6 layer-reqs, 6 experts, compute 11.27 ms (1.88 ms/layer), wall 151.72 ms, errors=0, evict-hints=6 | cache: resident=3337/3337 slabs=3 wired=22.00 GiB mlock-fail=0 B hits=968 misses=0 swaps=967
ds4: [t=+59606.7ms] tok#82 experts: L6=[96] L11=[106] L16=[157] L18=[57] L28=[251] L40=[61]
ds4: [t=+59612.8ms] req seq=969 L16 k=1 ids=[143] w=[0.1907] compute=1.82 ms ok
ds4: [t=+59621.0ms] req seq=970 L18 k=1 ids=[25] w=[0.2184] compute=1.84 ms ok
ds4: [t=+59627.4ms] req seq=971 L19 k=1 ids=[234] w=[0.1610] compute=1.79 ms ok
ds4: [t=+59635.0ms] req seq=972 L21 k=1 ids=[129] w=[0.2290] compute=1.85 ms ok
ds4: [t=+59698.3ms] req seq=973 L11 k=1 ids=[200] w=[0.1163] compute=2.03 ms ok
ds4: [t=+59698.5ms] tok#83 done: 5 layer-reqs, 5 experts, compute 9.40 ms (1.88 ms/layer), wall 94.00 ms, errors=0, evict-hints=5 | cache: resident=3337/3337 slabs=3 wired=22.00 GiB mlock-fail=0 B hits=973 misses=0 swaps=972
ds4: [t=+59698.5ms] tok#83 experts: L15=[79] L16=[143] L18=[25] L19=[234] L21=[129]
ds4: [t=+59704.9ms] req seq=974 L12 k=1 ids=[165] w=[0.1666] compute=1.90 ms ok
ds4: [t=+59713.5ms] req seq=975 L15 k=1 ids=[163] w=[0.1632] compute=1.84 ms ok
ds4: [t=+59723.4ms] req seq=976 L19 k=1 ids=[0] w=[0.0719] compute=1.88 ms ok
ds4: [t=+59729.8ms] req seq=977 L21 k=1 ids=[56] w=[0.1765] compute=1.83 ms ok
ds4: [t=+59776.5ms] req seq=978 L3 k=2 ids=[99,95] w=[0.1183,0.1150] compute=1.97 ms ok
ds4: [t=+59776.6ms] tok#84 done: 5 layer-reqs, 5 experts, compute 9.48 ms (1.90 ms/layer), wall 80.26 ms, errors=0, evict-hints=5 | cache: resident=3337/3337 slabs=3 wired=22.00 GiB mlock-fail=0 B hits=978 misses=0 swaps=977
ds4: [t=+59776.6ms] tok#84 experts: L11=[200] L12=[165] L15=[163] L19=[0] L21=[56]
ds4: [t=+59786.3ms] req seq=979 L7 k=1 ids=[181] w=[0.3338] compute=1.87 ms ok
ds4: [t=+59792.7ms] req seq=980 L8 k=1 ids=[230] w=[0.2825] compute=1.82 ms ok
ds4: [t=+59799.2ms] req seq=981 L9 k=3 ids=[123,33,90] w=[0.2772,0.1740,0.1494] compute=1.84 ms ok
ds4: [t=+59805.4ms] req seq=982 L10 k=1 ids=[48] w=[0.1912] compute=1.83 ms ok
ds4: [t=+59811.7ms] req seq=983 L11 k=1 ids=[177] w=[0.0892] compute=1.79 ms ok
ds4: [t=+59823.1ms] req seq=984 L14 k=1 ids=[195] w=[0.1435] compute=1.88 ms ok
ds4: [t=+59840.3ms] req seq=985 L21 k=2 ids=[62,21] w=[0.2009,0.1843] compute=1.93 ms ok
ds4: [t=+59871.6ms] req seq=986 L33 k=1 ids=[22] w=[0.1894] compute=1.88 ms ok
ds4: [t=+59883.8ms] req seq=987 L37 k=2 ids=[56,67] w=[0.1639,0.1857] compute=1.86 ms ok
ds4: [t=+59895.2ms] req seq=988 L40 k=1 ids=[62] w=[0.1655] compute=1.86 ms ok
ds4: [t=+59922.1ms] req seq=989 L6 k=1 ids=[9] w=[0.1182] compute=1.86 ms ok
ds4: [t=+59922.3ms] tok#85 done: 11 layer-reqs, 16 experts, compute 20.54 ms (1.87 ms/layer), wall 147.73 ms, errors=0, evict-hints=11 | cache: resident=3337/3337 slabs=3 wired=22.00 GiB mlock-fail=0 B hits=989 misses=0 swaps=988
ds4: [t=+59922.3ms] tok#85 experts: L3=[99,95] L7=[181] L8=[230] L9=[123,33,90] L10=[48] L11=[177] L14=[195] L21=[62,21] L33=[22] L37=[56,67] L40=[62]
ds4: [t=+59945.5ms] req seq=990 L14 k=1 ids=[155] w=[0.1672] compute=1.87 ms ok
ds4: [t=+60034.1ms] req seq=991 L6 k=1 ids=[137] w=[0.1405] compute=1.92 ms ok
ds4: [t=+60034.1ms] tok#86 done: 2 layer-reqs, 2 experts, compute 3.73 ms (1.87 ms/layer), wall 113.82 ms, errors=0, evict-hints=2 | cache: resident=3337/3337 slabs=3 wired=22.00 GiB mlock-fail=0 B hits=991 misses=0 swaps=990
ds4: [t=+60034.2ms] tok#86 experts: L6=[9] L14=[155]
ds4: [t=+60040.9ms] req seq=992 L7 k=1 ids=[131] w=[0.2106] compute=1.82 ms ok
ds4: [t=+60047.4ms] req seq=993 L9 k=2 ids=[167,149] w=[0.1770,0.1544] compute=1.79 ms ok
ds4: [t=+60053.7ms] req seq=994 L10 k=1 ids=[19] w=[0.2713] compute=1.82 ms ok
ds4: [t=+60059.9ms] req seq=995 L11 k=2 ids=[182,125] w=[0.3341,0.2403] compute=1.82 ms ok
ds4: [t=+60066.2ms] req seq=996 L12 k=1 ids=[131] w=[0.2730] compute=1.94 ms ok
ds4: [t=+60078.1ms] req seq=997 L16 k=1 ids=[52] w=[0.2648] compute=1.84 ms ok
ds4: [t=+60084.3ms] req seq=998 L17 k=2 ids=[26,117] w=[0.2615,0.2041] compute=1.87 ms ok
ds4: [t=+60090.4ms] req seq=999 L18 k=2 ids=[85,134] w=[0.3416,0.1913] compute=1.85 ms ok
ds4: [t=+60096.4ms] req seq=1000 L19 k=1 ids=[83] w=[0.2731] compute=1.85 ms ok
ds4: [t=+60107.8ms] req seq=1001 L22 k=2 ids=[27,144] w=[0.3051,0.2579] compute=1.94 ms ok
ds4: [t=+60114.5ms] req seq=1002 L23 k=1 ids=[10] w=[0.4301] compute=1.81 ms ok
ds4: [t=+60122.5ms] req seq=1003 L25 k=1 ids=[1] w=[0.3344] compute=1.76 ms ok
ds4: [t=+60153.7ms] req seq=1004 L34 k=1 ids=[102] w=[0.2656] compute=1.91 ms ok
ds4: [t=+60173.6ms] req seq=1005 L36 k=1 ids=[91] w=[0.3054] compute=1.90 ms ok
ds4: [t=+60180.2ms] req seq=1006 L37 k=1 ids=[108] w=[0.3138] compute=1.80 ms ok
ds4: [t=+60195.6ms] req seq=1007 L39 k=1 ids=[55] w=[0.5425] compute=1.84 ms ok
ds4: [t=+60216.8ms] req seq=1008 L41 k=1 ids=[48] w=[0.2204] compute=1.89 ms ok
ds4: [t=+60262.0ms] req seq=1009 L4 k=1 ids=[15] w=[0.6258] compute=2.09 ms ok
ds4: [t=+60262.1ms] tok#87 done: 18 layer-reqs, 23 experts, compute 33.35 ms (1.85 ms/layer), wall 229.94 ms, errors=0, evict-hints=18 | cache: resident=3337/3337 slabs=3 wired=22.00 GiB mlock-fail=0 B hits=1009 misses=0 swaps=1008
ds4: [t=+60262.2ms] tok#87 experts: L6=[137] L7=[131] L9=[167,149] L10=[19] L11=[182,125] L12=[131] L16=[52] L17=[26,117] L18=[85,134] L19=[83] L22=[27,144] L23=[10] L25=[1] L34=[102] L36=[91] L37=[108] L39=[55] L41=[48]
ds4: [t=+60269.5ms] req seq=1010 L5 k=1 ids=[32] w=[0.4648] compute=1.95 ms ok
ds4: [t=+60289.0ms] req seq=1011 L7 k=1 ids=[137] w=[0.2040] compute=1.85 ms ok
ds4: [t=+60302.4ms] req seq=1012 L9 k=1 ids=[112] w=[0.1764] compute=1.88 ms ok
ds4: [t=+60325.6ms] req seq=1013 L13 k=1 ids=[95] w=[0.2176] compute=1.87 ms ok
ds4: [t=+60339.6ms] req seq=1014 L14 k=1 ids=[2] w=[0.1631] compute=1.84 ms ok
ds4: [t=+60364.6ms] req seq=1015 L17 k=1 ids=[117] w=[0.1685] compute=1.86 ms ok
ds4: [t=+60375.1ms] req seq=1016 L18 k=1 ids=[249] w=[0.3246] compute=1.87 ms ok
ds4: [t=+60382.7ms] req seq=1017 L19 k=3 ids=[40,17,47] w=[0.4441,0.4416,0.1112] compute=1.83 ms ok
ds4: [t=+60395.9ms] req seq=1018 L21 k=1 ids=[21] w=[0.1523] compute=1.91 ms ok
ds4: [t=+60421.2ms] req seq=1019 L28 k=1 ids=[14] w=[0.2196] compute=1.92 ms ok
ds4: [t=+60427.6ms] req seq=1020 L29 k=1 ids=[12] w=[0.3281] compute=1.82 ms ok
ds4: [t=+60463.8ms] req seq=1021 L39 k=1 ids=[33] w=[0.3790] compute=1.89 ms ok
ds4: [t=+60489.2ms] req seq=1022 L0 k=1 ids=[7] w=[0.1977] compute=1.94 ms ok
ds4: [t=+60489.3ms] tok#88 done: 13 layer-reqs, 15 experts, compute 24.59 ms (1.89 ms/layer), wall 229.37 ms, errors=0, evict-hints=13 | cache: resident=3337/3337 slabs=3 wired=22.00 GiB mlock-fail=0 B hits=1022 misses=0 swaps=1021
ds4: [t=+60489.3ms] tok#88 experts: L4=[15] L5=[32] L7=[137] L9=[112] L13=[95] L14=[2] L17=[117] L18=[249] L19=[40,17,47] L21=[21] L28=[14] L29=[12] L39=[33]
ds4: [t=+60500.8ms] req seq=1023 L3 k=1 ids=[238] w=[0.1259] compute=1.89 ms ok
ds4: [t=+60522.7ms] req seq=1024 L8 k=1 ids=[165] w=[0.1036] compute=1.85 ms ok
ds4: [t=+60541.8ms] req seq=1025 L14 k=1 ids=[30] w=[0.1786] compute=1.89 ms ok
ds4: [t=+60548.8ms] req seq=1026 L15 k=1 ids=[75] w=[0.2204] compute=1.82 ms ok
ds4: [t=+60555.6ms] req seq=1027 L16 k=2 ids=[146,232] w=[0.3651,0.2600] compute=1.81 ms ok
ds4: [t=+60562.0ms] req seq=1028 L17 k=2 ids=[30,46] w=[0.2323,0.2139] compute=1.79 ms ok
ds4: [t=+60569.0ms] req seq=1029 L18 k=1 ids=[35] w=[0.1573] compute=1.86 ms ok
ds4: [t=+60580.6ms] req seq=1030 L20 k=2 ids=[41,62] w=[0.1435,0.1497] compute=1.86 ms ok
ds4: [t=+60587.7ms] req seq=1031 L21 k=1 ids=[223] w=[0.4035] compute=1.87 ms ok
ds4: [t=+60635.4ms] req seq=1032 L36 k=1 ids=[47] w=[0.2399] compute=2.09 ms ok
ds4: [t=+60663.0ms] req seq=1033 L1 k=1 ids=[177] w=[0.2496] compute=1.87 ms ok
ds4: [t=+60663.1ms] tok#89 done: 11 layer-reqs, 14 experts, compute 20.69 ms (1.88 ms/layer), wall 175.83 ms, errors=0, evict-hints=11 | cache: resident=3337/3337 slabs=3 wired=22.00 GiB mlock-fail=0 B hits=1033 misses=0 swaps=1032
ds4: [t=+60663.1ms] tok#89 experts: L0=[7] L3=[238] L8=[165] L14=[30] L15=[75] L16=[146,232] L17=[30,46] L18=[35] L20=[41,62] L21=[223] L36=[47]
ds4: [t=+60671.5ms] req seq=1034 L3 k=1 ids=[11] w=[0.1700] compute=1.87 ms ok
ds4: [t=+60678.1ms] req seq=1035 L5 k=1 ids=[85] w=[0.2139] compute=1.79 ms ok
ds4: [t=+60684.3ms] req seq=1036 L6 k=1 ids=[29] w=[0.4865] compute=1.83 ms ok
ds4: [t=+60690.2ms] req seq=1037 L7 k=1 ids=[119] w=[0.2362] compute=1.82 ms ok
ds4: [t=+60703.7ms] req seq=1038 L10 k=1 ids=[18] w=[0.2051] compute=1.87 ms ok
ds4: [t=+60710.1ms] req seq=1039 L11 k=2 ids=[162,121] w=[0.2618,0.2544] compute=1.82 ms ok
ds4: [t=+60721.9ms] req seq=1040 L15 k=1 ids=[8] w=[0.2035] compute=1.87 ms ok
ds4: [t=+60728.8ms] req seq=1041 L16 k=2 ids=[58,41] w=[0.2939,0.2209] compute=1.86 ms ok
ds4: [t=+60742.8ms] req seq=1042 L18 k=2 ids=[134,55] w=[0.2456,0.2180] compute=1.89 ms ok
ds4: [t=+60749.3ms] req seq=1043 L19 k=2 ids=[229,209] w=[0.4809,0.1079] compute=1.84 ms ok
ds4: [t=+60771.9ms] req seq=1044 L20 k=2 ids=[155,240] w=[0.1659,0.1546] compute=1.88 ms ok
ds4: [t=+60786.5ms] req seq=1045 L22 k=2 ids=[68,3] w=[0.2777,0.1928] compute=1.88 ms ok
ds4: [t=+60793.5ms] req seq=1046 L23 k=1 ids=[36] w=[0.4358] compute=1.82 ms ok
ds4: [t=+60800.5ms] req seq=1047 L24 k=1 ids=[110] w=[0.1512] compute=1.89 ms ok
ds4: [t=+60854.3ms] req seq=1048 L34 k=1 ids=[92] w=[0.2305] compute=2.09 ms ok
ds4: [t=+60864.0ms] req seq=1049 L37 k=1 ids=[60] w=[0.3616] compute=1.82 ms ok
ds4: [t=+60875.2ms] req seq=1050 L39 k=2 ids=[95,89] w=[0.2163,0.1480] compute=1.86 ms ok
ds4: [t=+60887.9ms] req seq=1051 L42 k=1 ids=[7] w=[0.1336] compute=1.89 ms ok
ds4: [t=+60907.1ms] req seq=1052 L3 k=1 ids=[109] w=[0.1489] compute=1.88 ms ok
ds4: [t=+60907.3ms] tok#90 done: 19 layer-reqs, 26 experts, compute 35.46 ms (1.87 ms/layer), wall 246.14 ms, errors=0, evict-hints=19 | cache: resident=3337/3337 slabs=3 wired=22.00 GiB mlock-fail=0 B hits=1052 misses=0 swaps=1051
ds4: [t=+60907.3ms] tok#90 experts: L1=[177] L3=[11] L5=[85] L6=[29] L7=[119] L10=[18] L11=[162,121] L15=[8] L16=[58,41] L18=[134,55] L19=[229,209] L20=[155,240] L22=[68,3] L23=[36] L24=[110] L34=[92] L37=[60] L39=[95,89] L42=[7]
ds4: [t=+60922.3ms] req seq=1053 L6 k=1 ids=[213] w=[0.1318] compute=1.88 ms ok
ds4: [t=+60928.6ms] req seq=1054 L7 k=1 ids=[60] w=[0.1866] compute=1.83 ms ok
ds4: [t=+60939.0ms] req seq=1055 L9 k=1 ids=[55] w=[0.2517] compute=1.85 ms ok
ds4: [t=+60965.6ms] req seq=1056 L16 k=1 ids=[42] w=[0.1667] compute=1.65 ms ok
ds4: [t=+60974.3ms] req seq=1057 L18 k=2 ids=[58,66] w=[0.2305,0.2182] compute=1.54 ms ok
ds4: [t=+60992.9ms] req seq=1058 L22 k=1 ids=[122] w=[0.5102] compute=1.52 ms ok
ds4: [t=+61021.8ms] req seq=1059 L30 k=1 ids=[198] w=[0.3012] compute=1.56 ms ok
ds4: [t=+61028.1ms] req seq=1060 L31 k=1 ids=[84] w=[0.2688] compute=1.41 ms ok
ds4: [t=+61068.2ms] req seq=1061 L42 k=1 ids=[14] w=[0.2418] compute=1.59 ms ok
ds4: [t=+61089.8ms] req seq=1062 L4 k=2 ids=[13,25] w=[0.1592,0.1513] compute=1.62 ms ok
ds4: [t=+61089.9ms] tok#91 done: 10 layer-reqs, 11 experts, compute 16.69 ms (1.67 ms/layer), wall 184.63 ms, errors=0, evict-hints=10 | cache: resident=3337/3337 slabs=3 wired=22.00 GiB mlock-fail=0 B hits=1062 misses=0 swaps=1061
ds4: [t=+61090.0ms] tok#91 experts: L3=[109] L6=[213] L7=[60] L9=[55] L16=[42] L18=[58,66] L22=[122] L30=[198] L31=[84] L42=[14]
ds4: [t=+61099.1ms] req seq=1063 L7 k=1 ids=[5] w=[0.1621] compute=1.68 ms ok
ds4: [t=+61126.0ms] req seq=1064 L16 k=1 ids=[232] w=[0.2383] compute=1.58 ms ok
ds4: [t=+61133.1ms] req seq=1065 L18 k=1 ids=[135] w=[0.2462] compute=1.74 ms ok
ds4: [t=+61196.7ms] req seq=1066 L3 k=1 ids=[192] w=[0.1407] compute=1.82 ms ok
ds4: [t=+61196.8ms] tok#92 done: 4 layer-reqs, 5 experts, compute 6.63 ms (1.66 ms/layer), wall 108.58 ms, errors=0, evict-hints=4 | cache: resident=3337/3337 slabs=3 wired=22.00 GiB mlock-fail=0 B hits=1066 misses=0 swaps=1065
ds4: [t=+61196.8ms] tok#92 experts: L4=[13,25] L7=[5] L16=[232] L18=[135]
ds4: [t=+61204.2ms] req seq=1067 L6 k=1 ids=[27] w=[0.6159] compute=1.91 ms ok
ds4: [t=+61211.6ms] req seq=1068 L8 k=1 ids=[42] w=[0.1106] compute=1.68 ms ok
ds4: [t=+61231.6ms] req seq=1069 L16 k=2 ids=[87,41] w=[0.2514,0.1899] compute=1.98 ms ok
ds4: [t=+61240.6ms] req seq=1070 L20 k=1 ids=[135] w=[0.1993] compute=1.86 ms ok
ds4: [t=+61259.1ms] req seq=1071 L28 k=1 ids=[20] w=[0.1880] compute=1.89 ms ok
ds4: [t=+61298.2ms] req seq=1072 L3 k=1 ids=[127] w=[0.5112] compute=1.86 ms ok
ds4: [t=+61298.3ms] tok#93 done: 6 layer-reqs, 7 experts, compute 11.14 ms (1.86 ms/layer), wall 103.39 ms, errors=0, evict-hints=6 | cache: resident=3337/3337 slabs=3 wired=22.00 GiB mlock-fail=0 B hits=1072 misses=0 swaps=1071
ds4: [t=+61298.3ms] tok#93 experts: L3=[192] L6=[27] L8=[42] L16=[87,41] L20=[135] L28=[20]
ds4: [t=+61304.6ms] req seq=1073 L4 k=1 ids=[45] w=[0.3826] compute=1.87 ms ok
ds4: [t=+61310.8ms] req seq=1074 L5 k=1 ids=[38] w=[0.2549] compute=1.77 ms ok
ds4: [t=+61318.7ms] req seq=1075 L7 k=1 ids=[30] w=[0.3459] compute=1.86 ms ok
ds4: [t=+61325.1ms] req seq=1076 L8 k=1 ids=[130] w=[0.1469] compute=1.84 ms ok
ds4: [t=+61332.9ms] req seq=1077 L9 k=1 ids=[17] w=[0.2544] compute=1.87 ms ok
ds4: [t=+61339.4ms] req seq=1078 L11 k=1 ids=[121] w=[0.2548] compute=1.80 ms ok
ds4: [t=+61345.5ms] req seq=1079 L12 k=1 ids=[83] w=[0.1893] compute=1.78 ms ok
ds4: [t=+61356.4ms] req seq=1080 L15 k=1 ids=[110] w=[0.1645] compute=1.90 ms ok
ds4: [t=+61362.7ms] req seq=1081 L16 k=1 ids=[41] w=[0.2053] compute=1.80 ms ok
ds4: [t=+61372.8ms] req seq=1082 L18 k=2 ids=[92,55] w=[0.2852,0.1680] compute=1.88 ms ok
ds4: [t=+61384.2ms] req seq=1083 L19 k=3 ids=[137,100,69] w=[0.3816,0.1534,0.1356] compute=1.92 ms ok
ds4: [t=+61393.7ms] req seq=1084 L21 k=2 ids=[78,26] w=[0.2084,0.1263] compute=1.84 ms ok
ds4: [t=+61399.9ms] req seq=1085 L22 k=2 ids=[25,11] w=[0.3762,0.1448] compute=1.87 ms ok
ds4: [t=+61441.2ms] req seq=1086 L32 k=1 ids=[35] w=[0.0892] compute=1.85 ms ok
ds4: [t=+61458.4ms] req seq=1087 L35 k=1 ids=[54] w=[0.1026] compute=1.86 ms ok
ds4: [t=+61490.1ms] req seq=1088 L39 k=1 ids=[32] w=[0.2253] compute=1.90 ms ok
ds4: [t=+61497.6ms] req seq=1089 L40 k=1 ids=[60] w=[0.2849] compute=1.85 ms ok
ds4: [t=+61528.0ms] req seq=1090 L42 k=1 ids=[92] w=[0.0803] compute=1.90 ms ok
ds4: [t=+61559.8ms] req seq=1091 L4 k=1 ids=[140] w=[0.1336] compute=1.86 ms ok
ds4: [t=+61559.9ms] tok#94 done: 19 layer-reqs, 24 experts, compute 35.23 ms (1.85 ms/layer), wall 263.54 ms, errors=0, evict-hints=19 | cache: resident=3337/3337 slabs=3 wired=22.00 GiB mlock-fail=0 B hits=1091 misses=0 swaps=1090
ds4: [t=+61559.9ms] tok#94 experts: L3=[127] L4=[45] L5=[38] L7=[30] L8=[130] L9=[17] L11=[121] L12=[83] L15=[110] L16=[41] L18=[92,55] L19=[137,100,69] L21=[78,26] L22=[25,11] L32=[35] L35=[54] L39=[32] L40=[60] L42=[92]
ds4: [t=+61568.7ms] req seq=1092 L6 k=1 ids=[118] w=[0.3887] compute=1.90 ms ok
ds4: [t=+61579.6ms] req seq=1093 L7 k=2 ids=[65,111] w=[0.3534,0.1822] compute=1.83 ms ok
ds4: [t=+61587.8ms] req seq=1094 L9 k=1 ids=[145] w=[0.2962] compute=1.85 ms ok
ds4: [t=+61595.5ms] req seq=1095 L10 k=1 ids=[165] w=[0.1102] compute=1.80 ms ok
ds4: [t=+61619.9ms] req seq=1096 L18 k=1 ids=[55] w=[0.2219] compute=1.90 ms ok
ds4: [t=+61626.7ms] req seq=1097 L19 k=3 ids=[209,90,152] w=[0.1401,0.0878,0.0724] compute=1.86 ms ok
ds4: [t=+61633.6ms] req seq=1098 L20 k=2 ids=[240,108] w=[0.2876,0.1259] compute=1.83 ms ok
ds4: [t=+61640.1ms] req seq=1099 L21 k=2 ids=[101,136] w=[0.2849,0.2500] compute=1.78 ms ok
ds4: [t=+61645.9ms] req seq=1100 L22 k=1 ids=[3] w=[0.3384] compute=1.77 ms ok
ds4: [t=+61652.0ms] req seq=1101 L23 k=3 ids=[75,13,17] w=[0.2019,0.1935,0.1423] compute=1.84 ms ok
ds4: [t=+61661.5ms] req seq=1102 L25 k=1 ids=[193] w=[0.2042] compute=1.82 ms ok
ds4: [t=+61682.1ms] req seq=1103 L30 k=1 ids=[89] w=[0.1583] compute=1.72 ms ok
ds4: [t=+61696.2ms] req seq=1104 L33 k=1 ids=[90] w=[0.0761] compute=1.48 ms ok
ds4: [t=+61712.4ms] req seq=1105 L35 k=2 ids=[238,49] w=[0.2965,0.0524] compute=1.56 ms ok
ds4: [t=+61729.9ms] req seq=1106 L39 k=1 ids=[109] w=[0.4605] compute=1.47 ms ok
ds4: [t=+61782.8ms] req seq=1107 L8 k=1 ids=[87] w=[0.3469] compute=1.82 ms ok
ds4: [t=+61782.9ms] tok#95 done: 16 layer-reqs, 24 experts, compute 28.25 ms (1.77 ms/layer), wall 224.98 ms, errors=0, evict-hints=16 | cache: resident=3337/3337 slabs=3 wired=22.00 GiB mlock-fail=0 B hits=1107 misses=0 swaps=1106
ds4: [t=+61783.0ms] tok#95 experts: L4=[140] L6=[118] L7=[65,111] L9=[145] L10=[165] L18=[55] L19=[209,90,152] L20=[240,108] L21=[101,136] L22=[3] L23=[75,13,17] L25=[193] L30=[89] L33=[90] L35=[238,49] L39=[109]
ds4: [t=+61792.6ms] req seq=1108 L11 k=1 ids=[39] w=[0.1359] compute=1.32 ms ok
ds4: [t=+61800.1ms] req seq=1109 L14 k=1 ids=[8] w=[0.1807] compute=1.46 ms ok
ds4: [t=+61804.8ms] req seq=1110 L15 k=1 ids=[233] w=[0.3442] compute=1.47 ms ok
ds4: [t=+61813.4ms] req seq=1111 L18 k=1 ids=[66] w=[0.1885] compute=1.39 ms ok
ds4: [t=+61818.9ms] req seq=1112 L19 k=1 ids=[90] w=[0.1055] compute=1.53 ms ok
ds4: [t=+61824.8ms] req seq=1113 L21 k=1 ids=[6] w=[0.3301] compute=1.51 ms ok
ds4: [t=+61830.5ms] req seq=1114 L23 k=2 ids=[13,17] w=[0.3820,0.2062] compute=1.53 ms ok
ds4: [t=+61836.1ms] req seq=1115 L24 k=1 ids=[73] w=[0.1512] compute=1.75 ms ok
ds4: [t=+61870.7ms] req seq=1116 L35 k=1 ids=[49] w=[0.1607] compute=1.76 ms ok
ds4: [t=+61877.1ms] req seq=1117 L36 k=2 ids=[235,234] w=[0.1073,0.1043] compute=1.71 ms ok
ds4: [t=+61907.8ms] req seq=1118 L5 k=1 ids=[1] w=[0.1227] compute=1.76 ms ok
ds4: [t=+61907.9ms] tok#96 done: 11 layer-reqs, 13 experts, compute 17.26 ms (1.57 ms/layer), wall 126.88 ms, errors=0, evict-hints=11 | cache: resident=3337/3337 slabs=3 wired=22.00 GiB mlock-fail=0 B hits=1118 misses=0 swaps=1117
ds4: [t=+61907.9ms] tok#96 experts: L8=[87] L11=[39] L14=[8] L15=[233] L18=[66] L19=[90] L21=[6] L23=[13,17] L24=[73] L35=[49] L36=[235,234]
ds4: [t=+61915.4ms] req seq=1119 L7 k=4 ids=[121,173,122,146] w=[0.2539,0.2086,0.2272,0.2109] compute=1.76 ms ok
ds4: [t=+61945.4ms] req seq=1120 L19 k=1 ids=[100] w=[0.1548] compute=1.94 ms ok
ds4: [t=+61954.1ms] req seq=1121 L22 k=1 ids=[74] w=[0.2278] compute=1.88 ms ok
ds4: [t=+61960.3ms] req seq=1122 L23 k=1 ids=[84] w=[0.2224] compute=1.84 ms ok
ds4: [t=+61969.8ms] req seq=1123 L26 k=1 ids=[18] w=[0.3090] compute=1.87 ms ok
ds4: [t=+61985.7ms] req seq=1124 L29 k=1 ids=[81] w=[0.2217] compute=1.92 ms ok
ds4: [t=+61992.0ms] req seq=1125 L30 k=2 ids=[50,193] w=[0.2854,0.2086] compute=1.84 ms ok
ds4: [t=+61998.6ms] req seq=1126 L31 k=1 ids=[94] w=[0.3359] compute=1.79 ms ok
ds4: [t=+62004.4ms] req seq=1127 L32 k=1 ids=[51] w=[0.1823] compute=1.76 ms ok
ds4: [t=+62015.6ms] req seq=1128 L35 k=1 ids=[109] w=[0.4162] compute=1.80 ms ok
ds4: [t=+62030.1ms] req seq=1129 L39 k=1 ids=[1] w=[0.2497] compute=1.85 ms ok
ds4: [t=+62056.6ms] req seq=1130 L3 k=1 ids=[9] w=[0.1187] compute=1.88 ms ok
ds4: [t=+62056.7ms] tok#97 done: 12 layer-reqs, 16 experts, compute 22.02 ms (1.83 ms/layer), wall 150.63 ms, errors=0, evict-hints=12 | cache: resident=3337/3337 slabs=3 wired=22.00 GiB mlock-fail=0 B hits=1130 misses=0 swaps=1129
ds4: [t=+62056.7ms] tok#97 experts: L5=[1] L7=[121,173,122,146] L19=[100] L22=[74] L23=[84] L26=[18] L29=[81] L30=[50,193] L31=[94] L32=[51] L35=[109] L39=[1]
ds4: [t=+62069.7ms] req seq=1131 L7 k=3 ids=[209,108,78] w=[0.2056,0.1761,0.1694] compute=1.91 ms ok
ds4: [t=+62076.3ms] req seq=1132 L8 k=1 ids=[208] w=[0.1866] compute=1.82 ms ok
ds4: [t=+62083.0ms] req seq=1133 L9 k=1 ids=[118] w=[0.1975] compute=1.85 ms ok
ds4: [t=+62107.1ms] req seq=1134 L18 k=1 ids=[183] w=[0.1925] compute=1.90 ms ok
ds4: [t=+62113.2ms] req seq=1135 L19 k=2 ids=[58,231] w=[0.1797,0.1504] compute=1.86 ms ok
ds4: [t=+62123.5ms] req seq=1136 L22 k=1 ids=[216] w=[0.1609] compute=1.86 ms ok
ds4: [t=+62129.4ms] req seq=1137 L23 k=2 ids=[164,62] w=[0.3342,0.3095] compute=1.78 ms ok
ds4: [t=+62150.9ms] req seq=1138 L29 k=2 ids=[140,232] w=[0.1619,0.1328] compute=1.93 ms ok
ds4: [t=+62157.4ms] req seq=1139 L30 k=1 ids=[193] w=[0.2117] compute=1.82 ms ok
ds4: [t=+62183.0ms] req seq=1140 L39 k=1 ids=[111] w=[0.1402] compute=1.95 ms ok
ds4: [t=+62193.4ms] req seq=1141 L41 k=1 ids=[223] w=[0.1573] compute=1.83 ms ok
ds4: [t=+62210.4ms] req seq=1142 L3 k=1 ids=[75] w=[0.0943] compute=1.90 ms ok
ds4: [t=+62210.5ms] tok#98 done: 12 layer-reqs, 17 experts, compute 22.39 ms (1.87 ms/layer), wall 155.74 ms, errors=0, evict-hints=12 | cache: resident=3337/3337 slabs=3 wired=22.00 GiB mlock-fail=0 B hits=1142 misses=0 swaps=1141
ds4: [t=+62210.5ms] tok#98 experts: L3=[9] L7=[209,108,78] L8=[208] L9=[118] L18=[183] L19=[58,231] L22=[216] L23=[164,62] L29=[140,232] L30=[193] L39=[111] L41=[223]
ds4: [t=+62217.4ms] req seq=1143 L5 k=1 ids=[166] w=[0.1952] compute=1.84 ms ok
ds4: [t=+62250.6ms] req seq=1144 L19 k=1 ids=[155] w=[0.1248] compute=1.88 ms ok
ds4: [t=+62256.9ms] req seq=1145 L21 k=2 ids=[179,136] w=[0.2154,0.1692] compute=1.81 ms ok
ds4: [t=+62267.0ms] req seq=1146 L25 k=1 ids=[39] w=[0.2302] compute=1.91 ms ok
ds4: [t=+62275.1ms] req seq=1147 L28 k=1 ids=[58] w=[0.1220] compute=1.84 ms ok
ds4: [t=+62287.4ms] req seq=1148 L32 k=1 ids=[22] w=[0.2198] compute=1.86 ms ok
ds4: [t=+62302.4ms] req seq=1149 L37 k=1 ids=[120] w=[0.1473] compute=1.88 ms ok
ds4: [t=+62308.2ms] req seq=1150 L38 k=1 ids=[120] w=[0.1702] compute=1.82 ms ok
ds4: [t=+62336.1ms] req seq=1151 L4 k=1 ids=[95] w=[0.1436] compute=1.89 ms ok
ds4: [t=+62336.3ms] tok#99 done: 9 layer-reqs, 10 experts, compute 16.74 ms (1.86 ms/layer), wall 127.74 ms, errors=0, evict-hints=9 | cache: resident=3337/3337 slabs=3 wired=22.00 GiB mlock-fail=0 B hits=1151 misses=0 swaps=1150
ds4: [t=+62336.3ms] tok#99 experts: L3=[75] L5=[166] L19=[155] L21=[179,136] L25=[39] L28=[58] L32=[22] L37=[120] L38=[120]
ds4: [t=+62348.0ms] req seq=1152 L9 k=1 ids=[197] w=[0.1541] compute=1.83 ms ok
ds4: [t=+62354.0ms] req seq=1153 L10 k=1 ids=[192] w=[0.1936] compute=1.81 ms ok
ds4: [t=+62382.3ms] req seq=1154 L23 k=1 ids=[51] w=[0.1382] compute=1.63 ms ok
ds4: [t=+62390.4ms] req seq=1155 L25 k=1 ids=[23] w=[0.1649] compute=1.42 ms ok
ds4: [t=+62416.0ms] req seq=1156 L35 k=1 ids=[60] w=[0.2259] compute=1.62 ms ok
ds4: [t=+62452.1ms] req seq=1157 L9 k=1 ids=[194] w=[0.1479] compute=1.61 ms ok
ds4: [t=+62452.1ms] tok#100 done: 6 layer-reqs, 6 experts, compute 10.20 ms (1.70 ms/layer), wall 117.90 ms, errors=0, evict-hints=6 | cache: resident=3337/3337 slabs=3 wired=22.00 GiB mlock-fail=0 B hits=1157 misses=0 swaps=1156
ds4: [t=+62452.2ms] tok#100 experts: L4=[95] L9=[197] L10=[192] L23=[51] L25=[23] L35=[60]
ds4: [t=+62458.0ms] req seq=1158 L11 k=1 ids=[112] w=[0.1817] compute=1.49 ms ok
ds4: [t=+62466.9ms] req seq=1159 L15 k=1 ids=[26] w=[0.1468] compute=1.62 ms ok
ds4: [t=+62473.1ms] req seq=1160 L17 k=1 ids=[71] w=[0.1823] compute=1.57 ms ok
ds4: [t=+62479.0ms] req seq=1161 L18 k=1 ids=[158] w=[0.1863] compute=1.42 ms ok
ds4: [t=+62533.7ms] req seq=1162 L0 k=1 ids=[12] w=[0.0582] compute=1.82 ms ok
ds4: [t=+62533.8ms] tok#101 done: 5 layer-reqs, 5 experts, compute 7.71 ms (1.54 ms/layer), wall 83.34 ms, errors=0, evict-hints=5 | cache: resident=3337/3337 slabs=3 wired=22.00 GiB mlock-fail=0 B hits=1162 misses=0 swaps=1161
ds4: [t=+62533.8ms] tok#101 experts: L9=[194] L11=[112] L15=[26] L17=[71] L18=[158]
ds4: [t=+62552.3ms] req seq=1163 L7 k=1 ids=[33] w=[0.5132] compute=1.61 ms ok
ds4: [t=+62572.8ms] req seq=1164 L14 k=1 ids=[119] w=[0.1664] compute=1.60 ms ok
ds4: [t=+62588.8ms] req seq=1165 L19 k=2 ids=[85,71] w=[0.3084,0.2137] compute=1.77 ms ok
ds4: [t=+62595.1ms] req seq=1166 L20 k=1 ids=[45] w=[0.1777] compute=1.60 ms ok
ds4: [t=+62601.0ms] req seq=1167 L21 k=1 ids=[3] w=[0.4585] compute=1.66 ms ok
ds4: [t=+62607.3ms] req seq=1168 L22 k=1 ids=[204] w=[0.3114] compute=1.68 ms ok
ds4: [t=+62682.5ms] req seq=1169 L0 k=1 ids=[49] w=[0.6541] compute=1.99 ms ok
ds4: [t=+62682.6ms] tok#102 done: 7 layer-reqs, 8 experts, compute 11.75 ms (1.68 ms/layer), wall 150.69 ms, errors=0, evict-hints=7 | cache: resident=3337/3337 slabs=3 wired=22.00 GiB mlock-fail=0 B hits=1169 misses=0 swaps=1168
ds4: [t=+62682.6ms] tok#102 experts: L0=[12] L7=[33] L14=[119] L19=[85,71] L20=[45] L21=[3] L22=[204]
ds4: [t=+62705.6ms] req seq=1170 L11 k=1 ids=[229] w=[0.1498] compute=1.89 ms ok
ds4: [t=+62718.1ms] req seq=1171 L16 k=1 ids=[152] w=[0.1715] compute=1.91 ms ok
ds4: [t=+62729.3ms] req seq=1172 L21 k=1 ids=[213] w=[0.1406] compute=1.81 ms ok
ds4: [t=+62798.0ms] req seq=1173 L7 k=1 ids=[40] w=[0.2482] compute=2.02 ms ok
ds4: [t=+62798.1ms] tok#103 done: 4 layer-reqs, 4 experts, compute 7.60 ms (1.90 ms/layer), wall 117.60 ms, errors=0, evict-hints=4 | cache: resident=3337/3337 slabs=3 wired=22.00 GiB mlock-fail=0 B hits=1173 misses=0 swaps=1172
ds4: [t=+62798.1ms] tok#103 experts: L0=[49] L11=[229] L16=[152] L21=[213]
ds4: [t=+62806.7ms] req seq=1174 L10 k=1 ids=[46] w=[0.1226] compute=1.88 ms ok
ds4: [t=+62814.9ms] req seq=1175 L13 k=1 ids=[170] w=[0.1854] compute=1.80 ms ok
ds4: [t=+62820.9ms] req seq=1176 L14 k=2 ids=[99,242] w=[0.1961,0.1918] compute=1.83 ms ok
ds4: [t=+62827.2ms] req seq=1177 L16 k=1 ids=[37] w=[0.1761] compute=1.82 ms ok
ds4: [t=+62833.8ms] req seq=1178 L17 k=1 ids=[20] w=[0.2302] compute=1.87 ms ok
ds4: [t=+62839.9ms] req seq=1179 L19 k=1 ids=[174] w=[0.3266] compute=1.79 ms ok
ds4: [t=+62886.2ms] req seq=1180 L39 k=1 ids=[14] w=[0.3464] compute=2.09 ms ok
ds4: [t=+62910.8ms] req seq=1181 L4 k=2 ids=[56,63] w=[0.5351,0.0928] compute=1.88 ms ok
ds4: [t=+62910.9ms] tok#104 done: 8 layer-reqs, 9 experts, compute 15.11 ms (1.89 ms/layer), wall 114.87 ms, errors=0, evict-hints=8 | cache: resident=3337/3337 slabs=3 wired=22.00 GiB mlock-fail=0 B hits=1181 misses=0 swaps=1180
ds4: [t=+62910.9ms] tok#104 experts: L7=[40] L10=[46] L13=[170] L14=[99,242] L16=[37] L17=[20] L19=[174] L39=[14]
ds4: [t=+62918.6ms] req seq=1182 L7 k=1 ids=[32] w=[0.1709] compute=1.87 ms ok
ds4: [t=+62924.9ms] req seq=1183 L8 k=1 ids=[81] w=[0.5234] compute=1.79 ms ok
ds4: [t=+62931.2ms] req seq=1184 L9 k=1 ids=[69] w=[0.2359] compute=1.75 ms ok
ds4: [t=+62939.9ms] req seq=1185 L12 k=1 ids=[154] w=[0.2768] compute=1.82 ms ok
ds4: [t=+62945.8ms] req seq=1186 L13 k=1 ids=[194] w=[0.2120] compute=1.85 ms ok
ds4: [t=+62952.2ms] req seq=1187 L14 k=1 ids=[97] w=[0.2599] compute=1.86 ms ok
ds4: [t=+62958.5ms] req seq=1188 L15 k=3 ids=[25,144,128] w=[0.5617,0.1449,0.1302] compute=1.78 ms ok
ds4: [t=+62966.5ms] req seq=1189 L17 k=1 ids=[4] w=[0.1778] compute=1.90 ms ok
ds4: [t=+62972.4ms] req seq=1190 L18 k=1 ids=[225] w=[0.1614] compute=1.76 ms ok
ds4: [t=+62978.3ms] req seq=1191 L19 k=2 ids=[130,189] w=[0.5855,0.2427] compute=1.77 ms ok
ds4: [t=+62990.1ms] req seq=1192 L21 k=1 ids=[245] w=[0.4678] compute=1.84 ms ok
ds4: [t=+62999.6ms] req seq=1193 L23 k=1 ids=[110] w=[0.1502] compute=1.95 ms ok
ds4: [t=+63034.4ms] req seq=1194 L29 k=1 ids=[157] w=[0.6285] compute=1.89 ms ok
ds4: [t=+63053.5ms] req seq=1195 L32 k=1 ids=[32] w=[0.3024] compute=1.84 ms ok
ds4: [t=+63086.7ms] req seq=1196 L39 k=1 ids=[11] w=[0.1526] compute=1.88 ms ok
ds4: [t=+63117.2ms] req seq=1197 L0 k=1 ids=[6] w=[0.0714] compute=1.86 ms ok
ds4: [t=+63117.3ms] tok#105 done: 16 layer-reqs, 20 experts, compute 29.43 ms (1.84 ms/layer), wall 208.41 ms, errors=0, evict-hints=16 | cache: resident=3337/3337 slabs=3 wired=22.00 GiB mlock-fail=0 B hits=1197 misses=0 swaps=1196
ds4: [t=+63117.4ms] tok#105 experts: L4=[56,63] L7=[32] L8=[81] L9=[69] L12=[154] L13=[194] L14=[97] L15=[25,144,128] L17=[4] L18=[225] L19=[130,189] L21=[245] L23=[110] L29=[157] L32=[32] L39=[11]
ds4: [t=+63129.7ms] req seq=1198 L3 k=1 ids=[129] w=[0.1288] compute=1.82 ms ok
ds4: [t=+63143.4ms] req seq=1199 L5 k=1 ids=[47] w=[0.2218] compute=1.87 ms ok
ds4: [t=+63159.3ms] req seq=1200 L8 k=1 ids=[173] w=[0.2237] compute=1.89 ms ok
ds4: [t=+63181.8ms] req seq=1201 L13 k=1 ids=[249] w=[0.2184] compute=1.97 ms ok
ds4: [t=+63193.8ms] req seq=1202 L15 k=1 ids=[144] w=[0.2744] compute=1.50 ms ok
ds4: [t=+63221.4ms] req seq=1203 L20 k=1 ids=[196] w=[0.2226] compute=1.51 ms ok
ds4: [t=+63227.9ms] req seq=1204 L21 k=1 ids=[240] w=[0.1889] compute=1.49 ms ok
ds4: [t=+63235.8ms] req seq=1205 L22 k=2 ids=[96,143] w=[0.2609,0.1866] compute=1.66 ms ok
ds4: [t=+63243.3ms] req seq=1206 L23 k=2 ids=[239,88] w=[0.2466,0.1931] compute=1.47 ms ok
ds4: [t=+63249.9ms] req seq=1207 L24 k=1 ids=[158] w=[0.2292] compute=1.57 ms ok
ds4: [t=+63256.9ms] req seq=1208 L25 k=1 ids=[61] w=[0.2893] compute=1.57 ms ok
ds4: [t=+63293.1ms] req seq=1209 L35 k=1 ids=[30] w=[0.2006] compute=1.62 ms ok
ds4: [t=+63318.1ms] req seq=1210 L41 k=1 ids=[54] w=[0.1901] compute=1.60 ms ok
ds4: [t=+63323.8ms] req seq=1211 L42 k=1 ids=[214] w=[0.1877] compute=1.48 ms ok
ds4: [t=+63343.1ms] req seq=1212 L5 k=1 ids=[30] w=[0.1751] compute=1.64 ms ok
ds4: [t=+63343.2ms] tok#106 done: 15 layer-reqs, 17 experts, compute 24.87 ms (1.66 ms/layer), wall 227.78 ms, errors=0, evict-hints=15 | cache: resident=3337/3337 slabs=3 wired=22.00 GiB mlock-fail=0 B hits=1212 misses=0 swaps=1211
ds4: [t=+63343.2ms] tok#106 experts: L0=[6] L3=[129] L5=[47] L8=[173] L13=[249] L15=[144] L20=[196] L21=[240] L22=[96,143] L23=[239,88] L24=[158] L25=[61] L35=[30] L41=[54] L42=[214]
ds4: [t=+63351.4ms] req seq=1213 L7 k=1 ids=[206] w=[0.1382] compute=1.75 ms ok
ds4: [t=+63363.3ms] req seq=1214 L11 k=1 ids=[181] w=[0.2813] compute=1.57 ms ok
ds4: [t=+63369.4ms] req seq=1215 L12 k=1 ids=[22] w=[0.1718] compute=1.75 ms ok
ds4: [t=+63377.6ms] req seq=1216 L14 k=1 ids=[104] w=[0.1532] compute=1.72 ms ok
ds4: [t=+63385.6ms] req seq=1217 L16 k=1 ids=[235] w=[0.2053] compute=1.87 ms ok
ds4: [t=+63395.1ms] req seq=1218 L19 k=1 ids=[71] w=[0.0943] compute=1.67 ms ok
ds4: [t=+63408.3ms] req seq=1219 L23 k=1 ids=[247] w=[0.1615] compute=1.90 ms ok
ds4: [t=+63461.5ms] req seq=1220 L3 k=1 ids=[152] w=[0.5080] compute=2.11 ms ok
ds4: [t=+63461.6ms] tok#107 done: 8 layer-reqs, 8 experts, compute 13.87 ms (1.73 ms/layer), wall 120.10 ms, errors=0, evict-hints=8 | cache: resident=3337/3337 slabs=3 wired=22.00 GiB mlock-fail=0 B hits=1220 misses=0 swaps=1219
ds4: [t=+63461.6ms] tok#107 experts: L5=[30] L7=[206] L11=[181] L12=[22] L14=[104] L16=[235] L19=[71] L23=[247]
ds4: [t=+63467.7ms] req seq=1221 L4 k=1 ids=[29] w=[0.1834] compute=1.87 ms ok
ds4: [t=+63476.2ms] req seq=1222 L7 k=2 ids=[182,163] w=[0.2841,0.2383] compute=1.81 ms ok
ds4: [t=+63482.3ms] req seq=1223 L9 k=2 ids=[14,187] w=[0.3568,0.2441] compute=1.77 ms ok
ds4: [t=+63488.0ms] req seq=1224 L10 k=1 ids=[74] w=[0.4624] compute=1.77 ms ok
ds4: [t=+63494.0ms] req seq=1225 L11 k=2 ids=[193,129] w=[0.2734,0.2312] compute=1.80 ms ok
ds4: [t=+63502.0ms] req seq=1226 L14 k=2 ids=[137,139] w=[0.3172,0.1231] compute=1.81 ms ok
ds4: [t=+63511.1ms] req seq=1227 L16 k=1 ids=[173] w=[0.2011] compute=1.84 ms ok
ds4: [t=+63517.6ms] req seq=1228 L17 k=1 ids=[37] w=[0.3776] compute=1.85 ms ok
ds4: [t=+63525.6ms] req seq=1229 L19 k=2 ids=[223,189] w=[0.2362,0.2118] compute=1.78 ms ok
ds4: [t=+63532.0ms] req seq=1230 L20 k=2 ids=[118,85] w=[0.2705,0.1795] compute=1.84 ms ok
ds4: [t=+63540.2ms] req seq=1231 L22 k=2 ids=[152,17] w=[0.3202,0.1912] compute=1.78 ms ok
ds4: [t=+63554.4ms] req seq=1232 L25 k=1 ids=[32] w=[0.2639] compute=1.88 ms ok
ds4: [t=+63567.2ms] req seq=1233 L27 k=1 ids=[46] w=[0.3304] compute=1.87 ms ok
ds4: [t=+63591.9ms] req seq=1234 L31 k=1 ids=[116] w=[0.2061] compute=1.87 ms ok
ds4: [t=+63605.1ms] req seq=1235 L32 k=2 ids=[171,46] w=[0.2954,0.1951] compute=1.87 ms ok
ds4: [t=+63641.4ms] req seq=1236 L37 k=2 ids=[226,87] w=[0.6186,0.2358] compute=1.92 ms ok
ds4: [t=+63651.1ms] req seq=1237 L39 k=1 ids=[200] w=[0.2941] compute=1.85 ms ok
ds4: [t=+63659.3ms] req seq=1238 L40 k=1 ids=[172] w=[0.1407] compute=1.76 ms ok
ds4: [t=+63665.6ms] req seq=1239 L41 k=1 ids=[58] w=[0.1265] compute=1.80 ms ok
ds4: [t=+63736.9ms] req seq=1240 L9 k=2 ids=[187,36] w=[0.4053,0.1983] compute=2.08 ms ok
ds4: [t=+63737.0ms] tok#108 done: 20 layer-reqs, 29 experts, compute 36.83 ms (1.84 ms/layer), wall 277.66 ms, errors=0, evict-hints=20 | cache: resident=3337/3337 slabs=3 wired=22.00 GiB mlock-fail=0 B hits=1240 misses=0 swaps=1239
ds4: [t=+63737.1ms] tok#108 experts: L3=[152] L4=[29] L7=[182,163] L9=[14,187] L10=[74] L11=[193,129] L14=[137,139] L16=[173] L17=[37] L19=[223,189] L20=[118,85] L22=[152,17] L25=[32] L27=[46] L31=[116] L32=[171,46] L37=[226,87] L39=[200] L40=[172] L41=[58]
ds4: [t=+63746.9ms] req seq=1241 L10 k=2 ids=[223,83] w=[0.1328,0.1351] compute=1.86 ms ok
ds4: [t=+63754.6ms] req seq=1242 L11 k=1 ids=[41] w=[0.1677] compute=1.85 ms ok
ds4: [t=+63763.9ms] req seq=1243 L12 k=2 ids=[95,117] w=[0.1491,0.1338] compute=1.87 ms ok
ds4: [t=+63773.8ms] req seq=1244 L13 k=2 ids=[132,18] w=[0.2105,0.1880] compute=1.90 ms ok
ds4: [t=+63789.7ms] req seq=1245 L15 k=1 ids=[120] w=[0.1908] compute=1.96 ms ok
ds4: [t=+63818.8ms] req seq=1246 L19 k=1 ids=[45] w=[0.3580] compute=1.81 ms ok
ds4: [t=+63838.1ms] req seq=1247 L23 k=1 ids=[68] w=[0.2357] compute=1.89 ms ok
ds4: [t=+63919.0ms] req seq=1248 L40 k=1 ids=[7] w=[0.1642] compute=2.05 ms ok
ds4: [t=+63927.7ms] req seq=1249 L42 k=1 ids=[136] w=[0.2106] compute=1.84 ms ok
ds4: [t=+63945.1ms] req seq=1250 L3 k=1 ids=[7] w=[0.1875] compute=1.84 ms ok
ds4: [t=+63945.2ms] tok#109 done: 10 layer-reqs, 14 experts, compute 19.10 ms (1.91 ms/layer), wall 210.36 ms, errors=0, evict-hints=10 | cache: resident=3337/3337 slabs=3 wired=22.00 GiB mlock-fail=0 B hits=1250 misses=0 swaps=1249
ds4: [t=+63945.2ms] tok#109 experts: L9=[187,36] L10=[223,83] L11=[41] L12=[95,117] L13=[132,18] L15=[120] L19=[45] L23=[68] L40=[7] L42=[136]
ds4: [t=+63952.9ms] req seq=1251 L5 k=1 ids=[114] w=[0.2081] compute=1.87 ms ok
ds4: [t=+63986.6ms] req seq=1252 L14 k=1 ids=[242] w=[0.2152] compute=1.90 ms ok
ds4: [t=+64040.2ms] req seq=1253 L32 k=1 ids=[46] w=[0.2228] compute=2.08 ms ok
ds4: [t=+64055.3ms] req seq=1254 L37 k=1 ids=[67] w=[0.1960] compute=1.88 ms ok
ds4: [t=+64069.2ms] req seq=1255 L41 k=1 ids=[66] w=[0.2251] compute=1.87 ms ok
ds4: [t=+64075.4ms] req seq=1256 L42 k=1 ids=[217] w=[0.2727] compute=1.83 ms ok
ds4: [t=+64091.4ms] req seq=1257 L3 k=1 ids=[70] w=[0.2125] compute=1.87 ms ok
ds4: [t=+64091.5ms] tok#110 done: 7 layer-reqs, 7 experts, compute 13.27 ms (1.90 ms/layer), wall 148.23 ms, errors=0, evict-hints=7 | cache: resident=3337/3337 slabs=3 wired=22.00 GiB mlock-fail=0 B hits=1257 misses=0 swaps=1256
ds4: [t=+64091.6ms] tok#110 experts: L3=[7] L5=[114] L14=[242] L32=[46] L37=[67] L41=[66] L42=[217]
ds4: [t=+64097.4ms] req seq=1258 L4 k=1 ids=[183] w=[0.1446] compute=1.89 ms ok
ds4: [t=+64103.6ms] req seq=1259 L5 k=1 ids=[206] w=[0.1785] compute=1.86 ms ok
ds4: [t=+64118.3ms] req seq=1260 L9 k=2 ids=[86,11] w=[0.6874,0.1226] compute=1.86 ms ok
ds4: [t=+64124.2ms] req seq=1261 L10 k=1 ids=[61] w=[0.1477] compute=1.83 ms ok
ds4: [t=+64132.8ms] req seq=1262 L12 k=1 ids=[224] w=[0.0635] compute=1.91 ms ok
ds4: [t=+64152.7ms] req seq=1263 L19 k=2 ids=[116,92] w=[0.1924,0.1425] compute=1.87 ms ok
ds4: [t=+64159.2ms] req seq=1264 L20 k=2 ids=[146,130] w=[0.1976,0.1616] compute=1.89 ms ok
ds4: [t=+64165.8ms] req seq=1265 L21 k=2 ids=[109,75] w=[0.1708,0.1384] compute=1.79 ms ok
ds4: [t=+64172.1ms] req seq=1266 L22 k=1 ids=[138] w=[0.1772] compute=1.78 ms ok
ds4: [t=+64191.3ms] req seq=1267 L28 k=1 ids=[7] w=[0.2117] compute=1.86 ms ok
ds4: [t=+64208.5ms] req seq=1268 L33 k=1 ids=[5] w=[0.1075] compute=1.89 ms ok
ds4: [t=+64214.5ms] req seq=1269 L34 k=1 ids=[201] w=[0.1366] compute=1.88 ms ok
ds4: [t=+64223.0ms] req seq=1270 L36 k=1 ids=[61] w=[0.1082] compute=1.85 ms ok
ds4: [t=+64233.0ms] req seq=1271 L38 k=1 ids=[104] w=[0.1289] compute=1.87 ms ok
ds4: [t=+64239.1ms] req seq=1272 L39 k=1 ids=[26] w=[0.1453] compute=1.80 ms ok
ds4: [t=+64253.5ms] req seq=1273 L42 k=1 ids=[73] w=[0.4239] compute=1.94 ms ok
ds4: [t=+64261.8ms] req seq=1274 L0 k=1 ids=[68] w=[0.2198] compute=1.84 ms ok
ds4: [t=+64261.9ms] tok#111 done: 17 layer-reqs, 21 experts, compute 31.66 ms (1.86 ms/layer), wall 172.33 ms, errors=0, evict-hints=17 | cache: resident=3337/3337 slabs=3 wired=22.00 GiB mlock-fail=0 B hits=1274 misses=0 swaps=1273
ds4: [t=+64262.0ms] tok#111 experts: L3=[70] L4=[183] L5=[206] L9=[86,11] L10=[61] L12=[224] L19=[116,92] L20=[146,130] L21=[109,75] L22=[138] L28=[7] L33=[5] L34=[201] L36=[61] L38=[104] L39=[26] L42=[73]
ds4: [t=+64279.9ms] req seq=1275 L7 k=1 ids=[122] w=[0.1172] compute=1.88 ms ok
ds4: [t=+64286.6ms] req seq=1276 L8 k=1 ids=[236] w=[0.4395] compute=1.88 ms ok
ds4: [t=+64304.3ms] req seq=1277 L13 k=1 ids=[248] w=[0.1075] compute=1.87 ms ok
ds4: [t=+64314.9ms] req seq=1278 L16 k=3 ids=[57,31,215] w=[0.2726,0.2071,0.1289] compute=1.84 ms ok
ds4: [t=+64322.5ms] req seq=1279 L18 k=1 ids=[20] w=[0.1367] compute=1.87 ms ok
ds4: [t=+64328.1ms] req seq=1280 L19 k=4 ids=[131,246,193,47] w=[0.5144,0.2355,0.1951,0.1636] compute=1.85 ms ok
ds4: [t=+64336.0ms] req seq=1281 L21 k=1 ids=[226] w=[0.1934] compute=1.90 ms ok
ds4: [t=+64342.2ms] req seq=1282 L22 k=1 ids=[192] w=[0.1143] compute=1.84 ms ok
ds4: [t=+64348.4ms] req seq=1283 L23 k=1 ids=[8] w=[0.4812] compute=1.81 ms ok
ds4: [t=+64354.5ms] req seq=1284 L24 k=1 ids=[41] w=[0.2171] compute=1.82 ms ok
ds4: [t=+64364.3ms] req seq=1285 L26 k=1 ids=[239] w=[0.1762] compute=1.79 ms ok
ds4: [t=+64375.1ms] req seq=1286 L28 k=2 ids=[51,165] w=[0.2271,0.1445] compute=1.89 ms ok
ds4: [t=+64388.4ms] req seq=1287 L31 k=1 ids=[16] w=[0.4011] compute=1.92 ms ok
ds4: [t=+64405.5ms] req seq=1288 L34 k=1 ids=[109] w=[0.1324] compute=1.89 ms ok
ds4: [t=+64414.9ms] req seq=1289 L35 k=1 ids=[246] w=[0.1052] compute=1.84 ms ok
ds4: [t=+64432.1ms] req seq=1290 L37 k=2 ids=[160,77] w=[0.2063,0.1340] compute=1.78 ms ok
ds4: [t=+64483.0ms] req seq=1291 L3 k=1 ids=[177] w=[0.1682] compute=1.83 ms ok
ds4: [t=+64483.1ms] tok#112 done: 17 layer-reqs, 24 experts, compute 31.50 ms (1.85 ms/layer), wall 223.09 ms, errors=0, evict-hints=17 | cache: resident=3337/3337 slabs=3 wired=22.00 GiB mlock-fail=0 B hits=1291 misses=0 swaps=1290
ds4: [t=+64483.1ms] tok#112 experts: L0=[68] L7=[122] L8=[236] L13=[248] L16=[57,31,215] L18=[20] L19=[131,246,193,47] L21=[226] L22=[192] L23=[8] L24=[41] L26=[239] L28=[51,165] L31=[16] L34=[109] L35=[246] L37=[160,77]
ds4: [t=+64495.6ms] req seq=1292 L7 k=1 ids=[39] w=[0.1951] compute=1.43 ms ok
ds4: [t=+64529.3ms] req seq=1293 L16 k=1 ids=[104] w=[0.2143] compute=1.49 ms ok
ds4: [t=+64536.6ms] req seq=1294 L18 k=1 ids=[224] w=[0.1971] compute=1.58 ms ok
ds4: [t=+64542.9ms] req seq=1295 L19 k=1 ids=[193] w=[0.1291] compute=1.46 ms ok
ds4: [t=+64550.6ms] req seq=1296 L21 k=1 ids=[41] w=[0.1739] compute=1.59 ms ok
ds4: [t=+64556.4ms] req seq=1297 L22 k=1 ids=[75] w=[0.1819] compute=1.58 ms ok
ds4: [t=+64631.2ms] req seq=1298 L3 k=1 ids=[137] w=[0.0984] compute=1.79 ms ok
ds4: [t=+64631.3ms] tok#113 done: 7 layer-reqs, 7 experts, compute 10.96 ms (1.57 ms/layer), wall 150.14 ms, errors=0, evict-hints=7 | cache: resident=3337/3337 slabs=3 wired=22.00 GiB mlock-fail=0 B hits=1298 misses=0 swaps=1297
ds4: [t=+64631.3ms] tok#113 experts: L3=[177] L7=[39] L16=[104] L18=[224] L19=[193] L21=[41] L22=[75]
ds4: [t=+64638.1ms] req seq=1299 L4 k=1 ids=[26] w=[0.1244] compute=1.79 ms ok
ds4: [t=+64647.4ms] req seq=1300 L6 k=1 ids=[103] w=[0.2757] compute=1.56 ms ok
ds4: [t=+64661.5ms] req seq=1301 L10 k=1 ids=[185] w=[0.1349] compute=1.61 ms ok
ds4: [t=+64667.6ms] req seq=1302 L11 k=1 ids=[255] w=[0.1640] compute=1.72 ms ok
ds4: [t=+64682.9ms] req seq=1303 L16 k=1 ids=[181] w=[0.2409] compute=2.12 ms ok
ds4: [t=+64689.1ms] req seq=1304 L17 k=1 ids=[144] w=[0.2046] compute=1.85 ms ok
ds4: [t=+64700.2ms] req seq=1305 L20 k=1 ids=[246] w=[0.1665] compute=1.88 ms ok
ds4: [t=+64709.2ms] req seq=1306 L22 k=2 ids=[92,175] w=[0.2312,0.1596] compute=1.79 ms ok
ds4: [t=+64718.4ms] req seq=1307 L25 k=1 ids=[26] w=[0.1382] compute=1.90 ms ok
ds4: [t=+64733.4ms] req seq=1308 L29 k=1 ids=[59] w=[0.1253] compute=1.87 ms ok
ds4: [t=+64740.7ms] req seq=1309 L31 k=1 ids=[125] w=[0.2355] compute=1.82 ms ok
ds4: [t=+64757.7ms] req seq=1310 L37 k=1 ids=[142] w=[0.1230] compute=1.89 ms ok
ds4: [t=+64769.1ms] req seq=1311 L41 k=1 ids=[5] w=[0.2091] compute=1.88 ms ok
ds4: [t=+64784.2ms] req seq=1312 L3 k=1 ids=[106] w=[0.0901] compute=1.88 ms ok
ds4: [t=+64784.3ms] tok#114 done: 14 layer-reqs, 15 experts, compute 25.48 ms (1.82 ms/layer), wall 154.91 ms, errors=0, evict-hints=14 | cache: resident=3337/3337 slabs=3 wired=22.00 GiB mlock-fail=0 B hits=1312 misses=0 swaps=1311
ds4: [t=+64784.4ms] tok#114 experts: L3=[137] L4=[26] L6=[103] L10=[185] L11=[255] L16=[181] L17=[144] L20=[246] L22=[92,175] L25=[26] L29=[59] L31=[125] L37=[142] L41=[5]
ds4: [t=+64790.5ms] req seq=1313 L4 k=1 ids=[46] w=[0.1006] compute=1.87 ms ok
ds4: [t=+64809.9ms] req seq=1314 L13 k=1 ids=[63] w=[0.1738] compute=1.86 ms ok
ds4: [t=+64817.0ms] req seq=1315 L15 k=1 ids=[247] w=[0.1294] compute=1.88 ms ok
ds4: [t=+64830.5ms] req seq=1316 L20 k=1 ids=[47] w=[0.1512] compute=1.82 ms ok
ds4: [t=+64837.7ms] req seq=1317 L22 k=1 ids=[175] w=[0.1168] compute=1.85 ms ok
ds4: [t=+64843.6ms] req seq=1318 L23 k=1 ids=[116] w=[0.1558] compute=1.79 ms ok
ds4: [t=+64849.8ms] req seq=1319 L24 k=1 ids=[0] w=[0.1237] compute=1.88 ms ok
ds4: [t=+64905.1ms] req seq=1320 L41 k=1 ids=[158] w=[0.1539] compute=2.07 ms ok
ds4: [t=+64926.9ms] req seq=1321 L3 k=2 ids=[56,71] w=[0.2296,0.2451] compute=1.87 ms ok
ds4: [t=+64926.9ms] tok#115 done: 9 layer-reqs, 9 experts, compute 16.91 ms (1.88 ms/layer), wall 144.55 ms, errors=0, evict-hints=9 | cache: resident=3337/3337 slabs=3 wired=22.00 GiB mlock-fail=0 B hits=1321 misses=0 swaps=1320
ds4: [t=+64927.0ms] tok#115 experts: L3=[106] L4=[46] L13=[63] L15=[247] L20=[47] L22=[175] L23=[116] L24=[0] L41=[158]
ds4: [t=+64944.5ms] req seq=1322 L8 k=1 ids=[223] w=[0.1151] compute=1.86 ms ok
ds4: [t=+64975.0ms] req seq=1323 L19 k=1 ids=[215] w=[0.4701] compute=1.87 ms ok
ds4: [t=+64986.2ms] req seq=1324 L23 k=1 ids=[120] w=[0.1506] compute=1.94 ms ok
ds4: [t=+64997.5ms] req seq=1325 L26 k=1 ids=[25] w=[0.1778] compute=1.84 ms ok
ds4: [t=+65066.9ms] req seq=1326 L11 k=1 ids=[1] w=[0.2166] compute=2.07 ms ok
ds4: [t=+65067.0ms] tok#116 done: 5 layer-reqs, 6 experts, compute 9.39 ms (1.88 ms/layer), wall 142.03 ms, errors=0, evict-hints=5 | cache: resident=3337/3337 slabs=3 wired=22.00 GiB mlock-fail=0 B hits=1326 misses=0 swaps=1325
ds4: [t=+65067.1ms] tok#116 experts: L3=[56,71] L8=[223] L19=[215] L23=[120] L26=[25]
ds4: [t=+65087.1ms] req seq=1327 L19 k=1 ids=[216] w=[0.2085] compute=1.90 ms ok
ds4: [t=+65094.7ms] req seq=1328 L22 k=1 ids=[159] w=[0.3542] compute=1.82 ms ok
ds4: [t=+65100.8ms] req seq=1329 L23 k=2 ids=[127,246] w=[0.3321,0.0961] compute=1.93 ms ok
ds4: [t=+65118.3ms] req seq=1330 L29 k=1 ids=[187] w=[0.1745] compute=1.86 ms ok
ds4: [t=+65200.9ms] req seq=1331 L16 k=1 ids=[106] w=[0.1416] compute=2.10 ms ok
ds4: [t=+65201.0ms] tok#117 done: 5 layer-reqs, 6 experts, compute 9.58 ms (1.92 ms/layer), wall 136.14 ms, errors=0, evict-hints=5 | cache: resident=3337/3337 slabs=3 wired=22.00 GiB mlock-fail=0 B hits=1331 misses=0 swaps=1330
ds4: [t=+65201.1ms] tok#117 experts: L11=[1] L19=[216] L22=[159] L23=[127,246] L29=[187]
ds4: [t=+65214.5ms] req seq=1332 L20 k=1 ids=[58] w=[0.1911] compute=1.84 ms ok
ds4: [t=+65237.3ms] req seq=1333 L28 k=1 ids=[66] w=[0.1541] compute=1.88 ms ok
ds4: [t=+65243.2ms] req seq=1334 L29 k=1 ids=[172] w=[0.1434] compute=1.77 ms ok
ds4: [t=+65252.8ms] req seq=1335 L32 k=1 ids=[71] w=[0.1397] compute=1.83 ms ok
ds4: [t=+65277.8ms] req seq=1336 L42 k=1 ids=[137] w=[0.5123] compute=1.88 ms ok
ds4: [t=+65297.5ms] req seq=1337 L8 k=1 ids=[112] w=[0.0892] compute=1.86 ms ok
ds4: [t=+65297.6ms] tok#118 done: 6 layer-reqs, 6 experts, compute 11.29 ms (1.88 ms/layer), wall 98.75 ms, errors=0, evict-hints=6 | cache: resident=3337/3337 slabs=3 wired=22.00 GiB mlock-fail=0 B hits=1337 misses=0 swaps=1336
ds4: [t=+65297.6ms] tok#118 experts: L16=[106] L20=[58] L28=[66] L29=[172] L32=[71] L42=[137]
ds4: [t=+65304.0ms] req seq=1338 L9 k=1 ids=[214] w=[0.1496] compute=1.89 ms ok
ds4: [t=+65318.6ms] req seq=1339 L15 k=2 ids=[121,188] w=[0.2176,0.1595] compute=1.84 ms ok
ds4: [t=+65327.7ms] req seq=1340 L19 k=2 ids=[17,47] w=[0.3895,0.0567] compute=1.82 ms ok
ds4: [t=+65337.7ms] req seq=1341 L23 k=1 ids=[241] w=[0.2813] compute=1.87 ms ok
ds4: [t=+65347.5ms] req seq=1342 L27 k=1 ids=[202] w=[0.1927] compute=1.80 ms ok
ds4: [t=+65398.9ms] req seq=1343 L7 k=1 ids=[15] w=[0.1087] compute=1.84 ms ok
ds4: [t=+65399.0ms] tok#119 done: 6 layer-reqs, 8 experts, compute 11.08 ms (1.85 ms/layer), wall 103.29 ms, errors=0, evict-hints=6 | cache: resident=3337/3337 slabs=3 wired=22.00 GiB mlock-fail=0 B hits=1343 misses=0 swaps=1342
ds4: [t=+65399.0ms] tok#119 experts: L8=[112] L9=[214] L15=[121,188] L19=[17,47] L23=[241] L27=[202]
ds4: [t=+65404.8ms] req seq=1344 L8 k=1 ids=[39] w=[0.1109] compute=1.50 ms ok
ds4: [t=+65427.9ms] req seq=1345 L17 k=1 ids=[253] w=[0.1723] compute=1.51 ms ok
ds4: [t=+65433.6ms] req seq=1346 L19 k=1 ids=[86] w=[0.4230] compute=1.59 ms ok
ds4: [t=+65439.5ms] req seq=1347 L21 k=2 ids=[221,249] w=[0.2146,0.1472] compute=1.50 ms ok
ds4: [t=+65447.1ms] req seq=1348 L24 k=1 ids=[239] w=[0.1562] compute=1.47 ms ok
ds4: [t=+65453.3ms] req seq=1349 L25 k=1 ids=[25] w=[0.1452] compute=1.62 ms ok
ds4: [t=+65470.1ms] req seq=1350 L30 k=1 ids=[118] w=[0.1277] compute=1.63 ms ok
ds4: [t=+65478.2ms] req seq=1351 L32 k=1 ids=[104] w=[0.2073] compute=1.54 ms ok
ds4: [t=+65534.0ms] req seq=1352 L11 k=1 ids=[22] w=[0.1390] compute=1.80 ms ok
ds4: [t=+65534.1ms] tok#120 done: 9 layer-reqs, 10 experts, compute 14.20 ms (1.58 ms/layer), wall 137.09 ms, errors=0, evict-hints=9 | cache: resident=3337/3337 slabs=3 wired=22.00 GiB mlock-fail=0 B hits=1352 misses=0 swaps=1351
ds4: [t=+65534.2ms] tok#120 experts: L7=[15] L8=[39] L17=[253] L19=[86] L21=[221,249] L24=[239] L25=[25] L30=[118] L32=[104]
ds4: [t=+65541.0ms] req seq=1353 L12 k=1 ids=[102] w=[0.1146] compute=1.59 ms ok
ds4: [t=+65555.0ms] req seq=1354 L17 k=1 ids=[92] w=[0.1432] compute=1.76 ms ok
ds4: [t=+65561.3ms] req seq=1355 L19 k=1 ids=[5] w=[0.1596] compute=1.53 ms ok
ds4: [t=+65601.6ms] req seq=1356 L36 k=1 ids=[48] w=[0.1585] compute=1.80 ms ok
ds4: [t=+65624.9ms] req seq=1357 L3 k=1 ids=[93] w=[0.2375] compute=1.77 ms ok
ds4: [t=+65625.0ms] tok#121 done: 5 layer-reqs, 5 experts, compute 8.48 ms (1.70 ms/layer), wall 92.75 ms, errors=0, evict-hints=5 | cache: resident=3337/3337 slabs=3 wired=22.00 GiB mlock-fail=0 B hits=1357 misses=0 swaps=1356
ds4: [t=+65625.0ms] tok#121 experts: L11=[22] L12=[102] L17=[92] L19=[5] L36=[48]
ds4: [t=+65631.8ms] req seq=1358 L5 k=1 ids=[36] w=[0.2436] compute=1.75 ms ok
ds4: [t=+65644.2ms] req seq=1359 L8 k=2 ids=[57,9] w=[0.1594,0.1435] compute=1.72 ms ok
ds4: [t=+65667.9ms] req seq=1360 L15 k=1 ids=[107] w=[0.1912] compute=1.91 ms ok
ds4: [t=+65675.3ms] req seq=1361 L17 k=1 ids=[193] w=[0.1525] compute=1.82 ms ok
ds4: [t=+65681.6ms] req seq=1362 L18 k=1 ids=[201] w=[0.2266] compute=1.79 ms ok
ds4: [t=+65687.8ms] req seq=1363 L19 k=1 ids=[210] w=[0.3802] compute=1.84 ms ok
ds4: [t=+65694.3ms] req seq=1364 L20 k=1 ids=[35] w=[0.1949] compute=1.80 ms ok
ds4: [t=+65702.6ms] req seq=1365 L22 k=1 ids=[178] w=[0.1623] compute=1.85 ms ok
ds4: [t=+65727.6ms] req seq=1366 L31 k=1 ids=[67] w=[0.2368] compute=1.89 ms ok
ds4: [t=+65733.2ms] req seq=1367 L32 k=1 ids=[86] w=[0.1473] compute=1.77 ms ok
ds4: [t=+65783.5ms] req seq=1368 L8 k=2 ids=[129,9] w=[0.1281,0.1010] compute=2.03 ms ok
ds4: [t=+65783.6ms] tok#122 done: 11 layer-reqs, 12 experts, compute 19.92 ms (1.81 ms/layer), wall 160.42 ms, errors=0, evict-hints=11 | cache: resident=3337/3337 slabs=3 wired=22.00 GiB mlock-fail=0 B hits=1368 misses=0 swaps=1367
ds4: [t=+65783.6ms] tok#122 experts: L3=[93] L5=[36] L8=[57,9] L15=[107] L17=[193] L18=[201] L19=[210] L20=[35] L22=[178] L31=[67] L32=[86]
ds4: [t=+65796.9ms] req seq=1369 L13 k=1 ids=[180] w=[0.1701] compute=1.71 ms ok
ds4: [t=+65802.8ms] req seq=1370 L15 k=1 ids=[222] w=[0.1775] compute=1.73 ms ok
ds4: [t=+65817.4ms] req seq=1371 L21 k=1 ids=[207] w=[0.1511] compute=1.80 ms ok
ds4: [t=+65869.2ms] req seq=1372 L3 k=1 ids=[107] w=[0.0862] compute=2.15 ms ok
ds4: [t=+65869.4ms] tok#123 done: 4 layer-reqs, 5 experts, compute 7.27 ms (1.82 ms/layer), wall 87.86 ms, errors=0, evict-hints=4 | cache: resident=3337/3337 slabs=3 wired=22.00 GiB mlock-fail=0 B hits=1372 misses=0 swaps=1371
ds4: [t=+65869.4ms] tok#123 experts: L8=[129,9] L13=[180] L15=[222] L21=[207]
ds4: [t=+65891.1ms] req seq=1373 L15 k=1 ids=[58] w=[0.1316] compute=1.87 ms ok
ds4: [t=+65900.5ms] req seq=1374 L18 k=1 ids=[148] w=[0.1768] compute=1.81 ms ok
ds4: [t=+65906.7ms] req seq=1375 L20 k=1 ids=[3] w=[0.1572] compute=1.84 ms ok
ds4: [t=+65955.8ms] req seq=1376 L3 k=1 ids=[173] w=[0.1746] compute=2.13 ms ok
ds4: [t=+65955.9ms] tok#124 done: 4 layer-reqs, 4 experts, compute 7.68 ms (1.92 ms/layer), wall 88.83 ms, errors=0, evict-hints=4 | cache: resident=3337/3337 slabs=3 wired=22.00 GiB mlock-fail=0 B hits=1376 misses=0 swaps=1375
ds4: [t=+65956.0ms] tok#124 experts: L3=[107] L15=[58] L18=[148] L20=[3]
ds4: [t=+65973.4ms] req seq=1377 L10 k=1 ids=[237] w=[0.1804] compute=1.87 ms ok
ds4: [t=+65992.9ms] req seq=1378 L17 k=1 ids=[185] w=[0.1505] compute=1.87 ms ok
ds4: [t=+66055.6ms] req seq=1379 L0 k=1 ids=[71] w=[0.2072] compute=2.11 ms ok
ds4: [t=+66055.7ms] tok#125 done: 3 layer-reqs, 3 experts, compute 5.86 ms (1.95 ms/layer), wall 102.05 ms, errors=0, evict-hints=3 | cache: resident=3337/3337 slabs=3 wired=22.00 GiB mlock-fail=0 B hits=1379 misses=0 swaps=1378
ds4: [t=+66055.8ms] tok#125 experts: L3=[173] L10=[237] L17=[185]
ds4: [t=+66065.3ms] req seq=1380 L3 k=2 ids=[121,236] w=[0.2029,0.1745] compute=1.81 ms ok
ds4: [t=+66076.9ms] req seq=1381 L7 k=1 ids=[136] w=[0.1778] compute=1.80 ms ok
ds4: [t=+66085.5ms] req seq=1382 L10 k=1 ids=[247] w=[0.2617] compute=1.86 ms ok
ds4: [t=+66101.6ms] req seq=1383 L15 k=2 ids=[241,141] w=[0.2101,0.1918] compute=1.93 ms ok
ds4: [t=+66111.4ms] req seq=1384 L19 k=1 ids=[226] w=[0.1324] compute=1.87 ms ok
ds4: [t=+66121.9ms] req seq=1385 L23 k=1 ids=[142] w=[0.2359] compute=1.84 ms ok
ds4: [t=+66140.0ms] req seq=1386 L29 k=1 ids=[67] w=[0.1557] compute=1.89 ms ok
ds4: [t=+66146.3ms] req seq=1387 L30 k=1 ids=[143] w=[0.1072] compute=1.83 ms ok
ds4: [t=+66167.3ms] req seq=1388 L37 k=1 ids=[43] w=[0.2202] compute=1.90 ms ok
ds4: [t=+66181.2ms] req seq=1389 L40 k=1 ids=[36] w=[0.1625] compute=1.80 ms ok
ds4: [t=+66203.1ms] req seq=1390 L3 k=1 ids=[25] w=[0.1512] compute=1.92 ms ok
ds4: [t=+66203.2ms] tok#126 done: 11 layer-reqs, 13 experts, compute 20.65 ms (1.88 ms/layer), wall 149.69 ms, errors=0, evict-hints=11 | cache: resident=3337/3337 slabs=3 wired=22.00 GiB mlock-fail=0 B hits=1390 misses=0 swaps=1389
ds4: [t=+66203.2ms] tok#126 experts: L0=[71] L3=[121,236] L7=[136] L10=[247] L15=[241,141] L19=[226] L23=[142] L29=[67] L30=[143] L37=[43] L40=[36]
ds4: [t=+66222.9ms] req seq=1391 L12 k=1 ids=[88] w=[0.1710] compute=1.89 ms ok
ds4: [t=+66245.4ms] req seq=1392 L22 k=1 ids=[11] w=[0.1147] compute=1.88 ms ok
ds4: [t=+66302.2ms] req seq=1393 L3 k=2 ids=[68,164] w=[0.1944,0.1575] compute=2.08 ms ok
ds4: [t=+66302.3ms] tok#127 done: 3 layer-reqs, 3 experts, compute 5.69 ms (1.90 ms/layer), wall 101.13 ms, errors=0, evict-hints=3 | cache: resident=3337/3337 slabs=3 wired=22.00 GiB mlock-fail=0 B hits=1393 misses=0 swaps=1392
ds4: [t=+66302.4ms] tok#127 experts: L3=[25] L12=[88] L22=[11]
ds4: [t=+66309.6ms] req seq=1394 L4 k=1 ids=[82] w=[0.3763] compute=1.80 ms ok
ds4: [t=+66331.9ms] req seq=1395 L13 k=1 ids=[44] w=[0.1490] compute=1.88 ms ok
ds4: [t=+66344.0ms] req seq=1396 L19 k=1 ids=[180] w=[0.2748] compute=1.50 ms ok
ds4: [t=+66352.2ms] req seq=1397 L22 k=1 ids=[129] w=[0.1181] compute=1.50 ms ok
ds4: [t=+66411.2ms] req seq=1398 L5 k=1 ids=[208] w=[0.1206] compute=1.74 ms ok
ds4: [t=+66411.3ms] tok#128 done: 5 layer-reqs, 6 experts, compute 8.76 ms (1.75 ms/layer), wall 111.15 ms, errors=0, evict-hints=5 | cache: resident=3337/3337 slabs=3 wired=22.00 GiB mlock-fail=0 B hits=1398 misses=0 swaps=1397
ds4: [t=+66411.3ms] tok#128 experts: L3=[68,164] L4=[82] L13=[44] L19=[180] L22=[129]
ds4: [t=+66420.2ms] req seq=1399 L9 k=1 ids=[228] w=[0.2567] compute=1.60 ms ok
ds4: [t=+66426.1ms] req seq=1400 L10 k=1 ids=[99] w=[0.1526] compute=1.41 ms ok
ds4: [t=+66431.9ms] req seq=1401 L11 k=1 ids=[6] w=[0.1806] compute=1.44 ms ok
ds4: [t=+66445.4ms] req seq=1402 L16 k=1 ids=[215] w=[0.1546] compute=1.60 ms ok
ds4: [t=+66451.8ms] req seq=1403 L18 k=1 ids=[198] w=[0.1706] compute=1.61 ms ok
ds4: [t=+66457.1ms] req seq=1404 L19 k=2 ids=[246,47] w=[0.2838,0.1034] compute=1.58 ms ok
ds4: [t=+66462.9ms] req seq=1405 L20 k=1 ids=[157] w=[0.1344] compute=1.52 ms ok
ds4: [t=+66507.4ms] req seq=1406 L35 k=1 ids=[111] w=[0.1790] compute=1.79 ms ok
ds4: [t=+66525.8ms] req seq=1407 L40 k=1 ids=[71] w=[0.1763] compute=1.75 ms ok
ds4: [t=+66531.8ms] req seq=1408 L42 k=1 ids=[44] w=[0.2177] compute=1.56 ms ok
ds4: [t=+66572.0ms] req seq=1409 L12 k=1 ids=[99] w=[0.1467] compute=1.87 ms ok
ds4: [t=+66572.1ms] tok#129 done: 11 layer-reqs, 12 experts, compute 17.61 ms (1.60 ms/layer), wall 162.57 ms, errors=0, evict-hints=11 | cache: resident=3337/3337 slabs=3 wired=22.00 GiB mlock-fail=0 B hits=1409 misses=0 swaps=1408
ds4: [t=+66572.1ms] tok#129 experts: L5=[208] L9=[228] L10=[99] L11=[6] L16=[215] L18=[198] L19=[246,47] L20=[157] L35=[111] L40=[71] L42=[44]
ds4: [t=+66578.0ms] req seq=1410 L14 k=1 ids=[124] w=[0.1275] compute=1.72 ms ok
ds4: [t=+66589.1ms] req seq=1411 L18 k=2 ids=[210,206] w=[0.1466,0.1300] compute=1.87 ms ok
ds4: [t=+66595.0ms] req seq=1412 L19 k=2 ids=[231,18] w=[0.1692,0.1485] compute=1.84 ms ok
ds4: [t=+66601.2ms] req seq=1413 L20 k=1 ids=[99] w=[0.1007] compute=1.87 ms ok
ds4: [t=+66607.5ms] req seq=1414 L21 k=1 ids=[75] w=[0.1937] compute=1.84 ms ok
ds4: [t=+66613.6ms] req seq=1415 L22 k=1 ids=[249] w=[0.1311] compute=1.84 ms ok
ds4: [t=+66635.4ms] req seq=1416 L30 k=1 ids=[131] w=[0.1466] compute=1.91 ms ok
ds4: [t=+66650.0ms] req seq=1417 L34 k=1 ids=[47] w=[0.0903] compute=1.90 ms ok
ds4: [t=+66657.6ms] req seq=1418 L36 k=1 ids=[234] w=[0.1486] compute=1.79 ms ok
ds4: [t=+66664.1ms] req seq=1419 L37 k=1 ids=[137] w=[0.1798] compute=1.83 ms ok
ds4: [t=+66697.6ms] req seq=1420 L5 k=1 ids=[167] w=[0.1530] compute=1.88 ms ok
ds4: [t=+66697.7ms] tok#130 done: 11 layer-reqs, 13 experts, compute 20.28 ms (1.84 ms/layer), wall 127.55 ms, errors=0, evict-hints=11 | cache: resident=3337/3337 slabs=3 wired=22.00 GiB mlock-fail=0 B hits=1420 misses=0 swaps=1419
ds4: [t=+66697.7ms] tok#130 experts: L12=[99] L14=[124] L18=[210,206] L19=[231,18] L20=[99] L21=[75] L22=[249] L30=[131] L34=[47] L36=[234] L37=[137]
ds4: [t=+66705.0ms] req seq=1421 L7 k=1 ids=[52] w=[0.1245] compute=1.87 ms ok
ds4: [t=+66722.7ms] req seq=1422 L15 k=1 ids=[135] w=[0.1373] compute=1.86 ms ok
ds4: [t=+66734.2ms] req seq=1423 L19 k=1 ids=[16] w=[0.1916] compute=1.88 ms ok
ds4: [t=+66740.1ms] req seq=1424 L20 k=1 ids=[173] w=[0.1324] compute=1.82 ms ok
ds4: [t=+66746.4ms] req seq=1425 L21 k=1 ids=[145] w=[0.1655] compute=1.76 ms ok
ds4: [t=+66775.9ms] req seq=1426 L33 k=1 ids=[116] w=[0.1133] compute=1.92 ms ok
ds4: [t=+66818.9ms] req seq=1427 L7 k=1 ids=[155] w=[0.1610] compute=2.08 ms ok
ds4: [t=+66819.0ms] tok#131 done: 7 layer-reqs, 7 experts, compute 12.99 ms (1.86 ms/layer), wall 123.25 ms, errors=0, evict-hints=7 | cache: resident=3337/3337 slabs=3 wired=22.00 GiB mlock-fail=0 B hits=1427 misses=0 swaps=1426
ds4: [t=+66819.0ms] tok#131 experts: L5=[167] L7=[52] L15=[135] L19=[16] L20=[173] L21=[145] L33=[116]
ds4: [t=+66832.7ms] req seq=1428 L13 k=1 ids=[108] w=[0.1645] compute=1.84 ms ok
ds4: [t=+66841.5ms] req seq=1429 L16 k=1 ids=[69] w=[0.2083] compute=1.79 ms ok
ds4: [t=+66847.6ms] req seq=1430 L17 k=2 ids=[227,139] w=[0.1897,0.1812] compute=1.81 ms ok
ds4: [t=+66854.1ms] req seq=1431 L18 k=2 ids=[250,1] w=[0.2162,0.1821] compute=1.90 ms ok
ds4: [t=+66860.9ms] req seq=1432 L20 k=1 ids=[166] w=[0.3180] compute=1.82 ms ok
ds4: [t=+66867.4ms] req seq=1433 L21 k=1 ids=[155] w=[0.1819] compute=1.87 ms ok
ds4: [t=+66873.6ms] req seq=1434 L22 k=1 ids=[176] w=[0.3479] compute=1.85 ms ok
ds4: [t=+66879.5ms] req seq=1435 L23 k=2 ids=[43,172] w=[0.1700,0.1644] compute=1.77 ms ok
ds4: [t=+66898.2ms] req seq=1436 L29 k=1 ids=[186] w=[0.3762] compute=1.92 ms ok
ds4: [t=+66904.4ms] req seq=1437 L30 k=1 ids=[106] w=[0.2064] compute=1.86 ms ok
ds4: [t=+66910.8ms] req seq=1438 L31 k=1 ids=[10] w=[0.2764] compute=1.82 ms ok
ds4: [t=+66916.7ms] req seq=1439 L32 k=1 ids=[84] w=[0.1540] compute=1.84 ms ok
ds4: [t=+66935.0ms] req seq=1440 L37 k=1 ids=[57] w=[0.3958] compute=1.87 ms ok
ds4: [t=+66954.1ms] req seq=1441 L41 k=1 ids=[105] w=[0.1276] compute=1.91 ms ok
ds4: [t=+66973.5ms] req seq=1442 L1 k=1 ids=[7] w=[0.2486] compute=1.89 ms ok
ds4: [t=+66973.6ms] tok#132 done: 15 layer-reqs, 18 experts, compute 27.95 ms (1.86 ms/layer), wall 156.74 ms, errors=0, evict-hints=15 | cache: resident=3337/3337 slabs=3 wired=22.00 GiB mlock-fail=0 B hits=1442 misses=0 swaps=1441
ds4: [t=+66973.6ms] tok#132 experts: L7=[155] L13=[108] L16=[69] L17=[227,139] L18=[250,1] L20=[166] L21=[155] L22=[176] L23=[43,172] L29=[186] L30=[106] L31=[10] L32=[84] L37=[57] L41=[105]
ds4: [t=+67037.4ms] req seq=1443 L9 k=1 ids=[153] w=[0.0834] compute=1.96 ms ok
ds4: [t=+67047.2ms] req seq=1444 L10 k=2 ids=[131,254] w=[0.0929,0.0915] compute=1.82 ms ok
ds4: [t=+67057.4ms] req seq=1445 L11 k=1 ids=[74] w=[0.1422] compute=1.86 ms ok
ds4: [t=+67086.4ms] req seq=1446 L17 k=1 ids=[112] w=[0.1401] compute=1.90 ms ok
ds4: [t=+67164.7ms] req seq=1447 L34 k=1 ids=[151] w=[0.1033] compute=1.93 ms ok
ds4: [t=+67212.4ms] req seq=1448 L5 k=2 ids=[121,104] w=[0.1462,0.1150] compute=2.04 ms ok
ds4: [t=+67212.5ms] tok#133 done: 6 layer-reqs, 7 experts, compute 11.35 ms (1.89 ms/layer), wall 240.91 ms, errors=0, evict-hints=6 | cache: resident=3337/3337 slabs=3 wired=22.00 GiB mlock-fail=0 B hits=1448 misses=0 swaps=1447
ds4: [t=+67212.5ms] tok#133 experts: L1=[7] L9=[153] L10=[131,254] L11=[74] L17=[112] L34=[151]
ds4: [t=+67219.9ms] req seq=1449 L7 k=1 ids=[85] w=[0.1844] compute=1.87 ms ok
ds4: [t=+67228.8ms] req seq=1450 L10 k=1 ids=[103] w=[0.1769] compute=1.79 ms ok
ds4: [t=+67235.1ms] req seq=1451 L11 k=1 ids=[250] w=[0.1379] compute=1.83 ms ok
ds4: [t=+67240.9ms] req seq=1452 L12 k=1 ids=[144] w=[0.3386] compute=1.74 ms ok
ds4: [t=+67259.7ms] req seq=1453 L18 k=1 ids=[118] w=[0.2170] compute=1.89 ms ok
ds4: [t=+67265.9ms] req seq=1454 L19 k=1 ids=[238] w=[0.4388] compute=1.82 ms ok
ds4: [t=+67272.3ms] req seq=1455 L20 k=1 ids=[4] w=[0.1987] compute=1.80 ms ok
ds4: [t=+67278.8ms] req seq=1456 L21 k=1 ids=[139] w=[0.1909] compute=1.81 ms ok
ds4: [t=+67285.3ms] req seq=1457 L22 k=1 ids=[218] w=[0.2608] compute=1.83 ms ok
ds4: [t=+67291.4ms] req seq=1458 L23 k=1 ids=[109] w=[0.1327] compute=1.82 ms ok
ds4: [t=+67297.7ms] req seq=1459 L24 k=1 ids=[197] w=[0.1795] compute=1.79 ms ok
ds4: [t=+67332.3ms] req seq=1460 L36 k=1 ids=[20] w=[0.1880] compute=1.57 ms ok
ds4: [t=+67342.3ms] req seq=1461 L38 k=2 ids=[8,150] w=[0.4903,0.1580] compute=1.49 ms ok
ds4: [t=+67348.0ms] req seq=1462 L39 k=1 ids=[178] w=[0.1449] compute=1.43 ms ok
ds4: [t=+67357.3ms] req seq=1463 L41 k=1 ids=[86] w=[0.2045] compute=1.49 ms ok
ds4: [t=+67363.4ms] req seq=1464 L42 k=1 ids=[39] w=[0.1039] compute=1.46 ms ok
ds4: [t=+67383.9ms] req seq=1465 L4 k=1 ids=[214] w=[0.1135] compute=1.62 ms ok
ds4: [t=+67384.0ms] tok#134 done: 17 layer-reqs, 19 experts, compute 29.46 ms (1.73 ms/layer), wall 173.60 ms, errors=0, evict-hints=17 | cache: resident=3337/3337 slabs=3 wired=22.00 GiB mlock-fail=0 B hits=1465 misses=0 swaps=1464
ds4: [t=+67384.0ms] tok#134 experts: L5=[121,104] L7=[85] L10=[103] L11=[250] L12=[144] L18=[118] L19=[238] L20=[4] L21=[139] L22=[218] L23=[109] L24=[197] L36=[20] L38=[8,150] L39=[178] L41=[86] L42=[39]
ds4: [t=+67402.5ms] req seq=1466 L10 k=1 ids=[92] w=[0.1023] compute=1.59 ms ok
ds4: [t=+67409.8ms] req seq=1467 L12 k=1 ids=[117] w=[0.1719] compute=1.43 ms ok
ds4: [t=+67422.0ms] req seq=1468 L17 k=2 ids=[139,87] w=[0.3032,0.2149] compute=1.63 ms ok
ds4: [t=+67428.1ms] req seq=1469 L18 k=1 ids=[1] w=[0.1897] compute=1.54 ms ok
ds4: [t=+67434.3ms] req seq=1470 L19 k=1 ids=[189] w=[0.3632] compute=1.71 ms ok
ds4: [t=+67443.0ms] req seq=1471 L21 k=2 ids=[90,199] w=[0.1783,0.1498] compute=1.55 ms ok
ds4: [t=+67470.0ms] req seq=1472 L29 k=1 ids=[66] w=[0.1292] compute=1.80 ms ok
ds4: [t=+67479.2ms] req seq=1473 L32 k=1 ids=[39] w=[0.4785] compute=1.54 ms ok
ds4: [t=+67524.9ms] req seq=1474 L3 k=1 ids=[77] w=[0.0884] compute=1.98 ms ok
ds4: [t=+67525.0ms] tok#135 done: 9 layer-reqs, 11 experts, compute 14.41 ms (1.60 ms/layer), wall 142.64 ms, errors=0, evict-hints=9 | cache: resident=3337/3337 slabs=3 wired=22.00 GiB mlock-fail=0 B hits=1474 misses=0 swaps=1473
ds4: [t=+67525.0ms] tok#135 experts: L4=[214] L10=[92] L12=[117] L17=[139,87] L18=[1] L19=[189] L21=[90,199] L29=[66] L32=[39]
ds4: [t=+67532.9ms] req seq=1475 L5 k=1 ids=[106] w=[0.1241] compute=2.09 ms ok
ds4: [t=+67544.5ms] req seq=1476 L9 k=2 ids=[148,52] w=[0.6760,0.1406] compute=1.71 ms ok
ds4: [t=+67554.9ms] req seq=1477 L13 k=1 ids=[94] w=[0.1521] compute=1.92 ms ok
ds4: [t=+67560.7ms] req seq=1478 L14 k=1 ids=[114] w=[0.1987] compute=1.71 ms ok
ds4: [t=+67568.3ms] req seq=1479 L16 k=1 ids=[138] w=[0.2389] compute=1.85 ms ok
ds4: [t=+67574.8ms] req seq=1480 L17 k=2 ids=[87,153] w=[0.3163,0.2184] compute=1.80 ms ok
ds4: [t=+67581.1ms] req seq=1481 L19 k=1 ids=[228] w=[0.4545] compute=1.79 ms ok
ds4: [t=+67589.4ms] req seq=1482 L21 k=1 ids=[58] w=[0.3633] compute=1.88 ms ok
ds4: [t=+67607.6ms] req seq=1483 L28 k=1 ids=[65] w=[0.2862] compute=1.88 ms ok
ds4: [t=+67614.5ms] req seq=1484 L30 k=1 ids=[173] w=[0.2023] compute=1.84 ms ok
ds4: [t=+67627.5ms] req seq=1485 L34 k=1 ids=[60] w=[0.3363] compute=1.86 ms ok
ds4: [t=+67633.8ms] req seq=1486 L35 k=1 ids=[168] w=[0.1538] compute=1.85 ms ok
ds4: [t=+67643.7ms] req seq=1487 L39 k=1 ids=[229] w=[0.1124] compute=1.82 ms ok
ds4: [t=+67669.6ms] req seq=1488 L4 k=1 ids=[120] w=[0.4511] compute=1.86 ms ok
ds4: [t=+67669.7ms] tok#136 done: 14 layer-reqs, 16 experts, compute 25.99 ms (1.86 ms/layer), wall 146.81 ms, errors=0, evict-hints=14 | cache: resident=3337/3337 slabs=3 wired=22.00 GiB mlock-fail=0 B hits=1488 misses=0 swaps=1487
ds4: [t=+67669.7ms] tok#136 experts: L3=[77] L5=[106] L9=[148,52] L13=[94] L14=[114] L16=[138] L17=[87,153] L19=[228] L21=[58] L28=[65] L30=[173] L34=[60] L35=[168] L39=[229]
ds4: [t=+67678.1ms] req seq=1489 L7 k=2 ids=[72,143] w=[0.1818,0.1779] compute=1.81 ms ok
ds4: [t=+67685.2ms] req seq=1490 L9 k=2 ids=[52,72] w=[0.2333,0.1690] compute=1.82 ms ok
ds4: [t=+67691.9ms] req seq=1491 L11 k=2 ids=[43,241] w=[0.2559,0.2516] compute=1.82 ms ok
ds4: [t=+67698.4ms] req seq=1492 L12 k=1 ids=[189] w=[0.1487] compute=1.92 ms ok
ds4: [t=+67712.6ms] req seq=1493 L17 k=2 ids=[128,205] w=[0.2396,0.1957] compute=1.83 ms ok
ds4: [t=+67722.7ms] req seq=1494 L20 k=1 ids=[232] w=[0.2008] compute=1.85 ms ok
ds4: [t=+67728.7ms] req seq=1495 L21 k=2 ids=[151,137] w=[0.2590,0.1244] compute=1.73 ms ok
ds4: [t=+67734.6ms] req seq=1496 L22 k=1 ids=[13] w=[0.1452] compute=1.79 ms ok
ds4: [t=+67746.5ms] req seq=1497 L24 k=2 ids=[24,202] w=[0.1810,0.1758] compute=1.79 ms ok
ds4: [t=+67781.2ms] req seq=1498 L32 k=1 ids=[190] w=[0.1462] compute=1.89 ms ok
ds4: [t=+67798.8ms] req seq=1499 L36 k=1 ids=[211] w=[0.2925] compute=1.66 ms ok
ds4: [t=+67825.2ms] req seq=1500 L41 k=1 ids=[147] w=[0.1731] compute=1.67 ms ok
ds4: [t=+67852.2ms] req seq=1501 L5 k=1 ids=[228] w=[0.2466] compute=1.64 ms ok
ds4: [t=+67852.3ms] tok#137 done: 13 layer-reqs, 19 experts, compute 23.44 ms (1.80 ms/layer), wall 184.53 ms, errors=0, evict-hints=13 | cache: resident=3337/3337 slabs=3 wired=22.00 GiB mlock-fail=0 B hits=1501 misses=0 swaps=1500
ds4: [t=+67852.4ms] tok#137 experts: L4=[120] L7=[72,143] L9=[52,72] L11=[43,241] L12=[189] L17=[128,205] L20=[232] L21=[151,137] L22=[13] L24=[24,202] L32=[190] L36=[211] L41=[147]
ds4: [t=+67861.3ms] req seq=1502 L7 k=1 ids=[63] w=[0.1516] compute=1.50 ms ok
ds4: [t=+67869.6ms] req seq=1503 L9 k=1 ids=[72] w=[0.2250] compute=1.59 ms ok
ds4: [t=+67890.4ms] req seq=1504 L15 k=1 ids=[219] w=[0.1596] compute=1.61 ms ok
ds4: [t=+67900.6ms] req seq=1505 L18 k=1 ids=[185] w=[0.2163] compute=1.76 ms ok
ds4: [t=+67910.3ms] req seq=1506 L21 k=2 ids=[11,24] w=[0.1716,0.1575] compute=1.58 ms ok
ds4: [t=+67922.3ms] req seq=1507 L24 k=1 ids=[22] w=[0.1806] compute=1.72 ms ok
ds4: [t=+67928.7ms] req seq=1508 L25 k=1 ids=[24] w=[0.1700] compute=1.56 ms ok
ds4: [t=+67935.3ms] req seq=1509 L26 k=1 ids=[80] w=[0.1486] compute=1.74 ms ok
ds4: [t=+67961.2ms] req seq=1510 L33 k=1 ids=[61] w=[0.1733] compute=1.80 ms ok
ds4: [t=+68020.6ms] req seq=1511 L5 k=1 ids=[11] w=[0.1458] compute=2.14 ms ok
ds4: [t=+68020.7ms] tok#138 done: 10 layer-reqs, 11 experts, compute 16.50 ms (1.65 ms/layer), wall 170.12 ms, errors=0, evict-hints=10 | cache: resident=3337/3337 slabs=3 wired=22.00 GiB mlock-fail=0 B hits=1511 misses=0 swaps=1510
ds4: [t=+68020.7ms] tok#138 experts: L5=[228] L7=[63] L9=[72] L15=[219] L18=[185] L21=[11,24] L24=[22] L25=[24] L26=[80] L33=[61]
ds4: [t=+68028.4ms] req seq=1512 L7 k=2 ids=[124,163] w=[0.2299,0.1911] compute=1.74 ms ok
ds4: [t=+68038.7ms] req seq=1513 L11 k=1 ids=[241] w=[0.2238] compute=1.87 ms ok
ds4: [t=+68046.6ms] req seq=1514 L14 k=1 ids=[22] w=[0.1500] compute=1.79 ms ok
ds4: [t=+68059.2ms] req seq=1515 L18 k=1 ids=[189] w=[0.3400] compute=1.86 ms ok
ds4: [t=+68070.2ms] req seq=1516 L22 k=1 ids=[115] w=[0.1997] compute=1.89 ms ok
ds4: [t=+68089.5ms] req seq=1517 L30 k=1 ids=[78] w=[0.1697] compute=1.88 ms ok
ds4: [t=+68111.0ms] req seq=1518 L38 k=1 ids=[150] w=[0.2787] compute=1.91 ms ok
ds4: [t=+68117.2ms] req seq=1519 L39 k=1 ids=[22] w=[0.1762] compute=1.90 ms ok
ds4: [t=+68127.2ms] req seq=1520 L42 k=2 ids=[211,11] w=[0.1893,0.1840] compute=1.81 ms ok
ds4: [t=+68153.3ms] req seq=1521 L7 k=1 ids=[74] w=[0.1710] compute=1.92 ms ok
ds4: [t=+68153.4ms] tok#139 done: 10 layer-reqs, 12 experts, compute 18.80 ms (1.88 ms/layer), wall 134.97 ms, errors=0, evict-hints=10 | cache: resident=3337/3337 slabs=3 wired=22.00 GiB mlock-fail=0 B hits=1521 misses=0 swaps=1520
ds4: [t=+68153.5ms] tok#139 experts: L5=[11] L7=[124,163] L11=[241] L14=[22] L18=[189] L22=[115] L30=[78] L38=[150] L39=[22] L42=[211,11]
ds4: [t=+68162.1ms] req seq=1522 L10 k=1 ids=[206] w=[0.1450] compute=1.85 ms ok
ds4: [t=+68191.7ms] req seq=1523 L19 k=1 ids=[77] w=[0.1479] compute=1.89 ms ok
ds4: [t=+68212.2ms] req seq=1524 L25 k=1 ids=[22] w=[0.1548] compute=1.88 ms ok
ds4: [t=+68232.0ms] req seq=1525 L30 k=1 ids=[115] w=[0.1650] compute=1.73 ms ok
ds4: [t=+68251.4ms] req seq=1526 L35 k=1 ids=[210] w=[0.2875] compute=1.61 ms ok
ds4: [t=+68257.3ms] req seq=1527 L37 k=1 ids=[77] w=[0.1752] compute=1.54 ms ok
ds4: [t=+68278.6ms] req seq=1528 L2 k=1 ids=[7] w=[0.1871] compute=1.57 ms ok
ds4: [t=+68278.7ms] tok#140 done: 7 layer-reqs, 7 experts, compute 12.43 ms (1.78 ms/layer), wall 127.30 ms, errors=0, evict-hints=7 | cache: resident=3337/3337 slabs=3 wired=22.00 GiB mlock-fail=0 B hits=1528 misses=0 swaps=1527
ds4: [t=+68278.8ms] tok#140 experts: L7=[74] L10=[206] L19=[77] L25=[22] L30=[115] L35=[210] L37=[77]
ds4: [t=+68284.3ms] req seq=1529 L3 k=1 ids=[135] w=[0.1030] compute=1.58 ms ok
ds4: [t=+68289.8ms] req seq=1530 L4 k=1 ids=[103] w=[0.0954] compute=1.52 ms ok
ds4: [t=+68295.5ms] req seq=1531 L5 k=2 ids=[246,154] w=[0.4755,0.2023] compute=1.47 ms ok
ds4: [t=+68302.9ms] req seq=1532 L7 k=1 ids=[168] w=[0.3749] compute=1.63 ms ok
ds4: [t=+68308.9ms] req seq=1533 L8 k=1 ids=[161] w=[0.1323] compute=1.51 ms ok
ds4: [t=+68322.7ms] req seq=1534 L12 k=2 ids=[109,150] w=[0.2528,0.1676] compute=1.63 ms ok
ds4: [t=+68336.5ms] req seq=1535 L17 k=1 ids=[113] w=[0.1527] compute=1.73 ms ok
ds4: [t=+68343.2ms] req seq=1536 L19 k=2 ids=[38,220] w=[0.3225,0.2206] compute=1.57 ms ok
ds4: [t=+68421.6ms] req seq=1537 L5 k=2 ids=[154,74] w=[0.4113,0.1158] compute=2.02 ms ok
ds4: [t=+68421.8ms] tok#141 done: 9 layer-reqs, 12 experts, compute 14.20 ms (1.58 ms/layer), wall 144.68 ms, errors=0, evict-hints=9 | cache: resident=3337/3337 slabs=3 wired=22.00 GiB mlock-fail=0 B hits=1537 misses=0 swaps=1536
ds4: [t=+68421.8ms] tok#141 experts: L2=[7] L3=[135] L4=[103] L5=[246,154] L7=[168] L8=[161] L12=[109,150] L17=[113] L19=[38,220]
ds4: [t=+68438.0ms] req seq=1538 L10 k=1 ids=[198] w=[0.1350] compute=1.73 ms ok
ds4: [t=+68446.9ms] req seq=1539 L13 k=1 ids=[97] w=[0.2173] compute=1.64 ms ok
ds4: [t=+68454.2ms] req seq=1540 L15 k=2 ids=[69,193] w=[0.1631,0.1472] compute=1.90 ms ok
ds4: [t=+68460.6ms] req seq=1541 L16 k=1 ids=[148] w=[0.2436] compute=1.71 ms ok
ds4: [t=+68468.5ms] req seq=1542 L18 k=1 ids=[67] w=[0.1787] compute=1.84 ms ok
ds4: [t=+68475.9ms] req seq=1543 L20 k=1 ids=[82] w=[0.1389] compute=1.84 ms ok
ds4: [t=+68486.1ms] req seq=1544 L23 k=1 ids=[222] w=[0.0980] compute=1.84 ms ok
ds4: [t=+68497.0ms] req seq=1545 L26 k=1 ids=[112] w=[0.0655] compute=1.84 ms ok
ds4: [t=+68559.3ms] req seq=1546 L10 k=1 ids=[29] w=[0.1389] compute=2.02 ms ok
ds4: [t=+68559.4ms] tok#142 done: 9 layer-reqs, 11 experts, compute 16.36 ms (1.82 ms/layer), wall 139.80 ms, errors=0, evict-hints=9 | cache: resident=3337/3337 slabs=3 wired=22.00 GiB mlock-fail=0 B hits=1546 misses=0 swaps=1545
ds4: [t=+68559.5ms] tok#142 experts: L5=[154,74] L10=[198] L13=[97] L15=[69,193] L16=[148] L18=[67] L20=[82] L23=[222] L26=[112]
ds4: [t=+68571.1ms] req seq=1547 L14 k=1 ids=[170] w=[0.1221] compute=1.88 ms ok
ds4: [t=+68578.4ms] req seq=1548 L17 k=1 ids=[121] w=[0.1733] compute=1.80 ms ok
ds4: [t=+68584.7ms] req seq=1549 L18 k=1 ids=[89] w=[0.1725] compute=1.86 ms ok
ds4: [t=+68592.3ms] req seq=1550 L21 k=1 ids=[59] w=[0.1290] compute=1.81 ms ok
ds4: [t=+68598.9ms] req seq=1551 L23 k=1 ids=[27] w=[0.0649] compute=1.82 ms ok
ds4: [t=+68605.6ms] req seq=1552 L24 k=1 ids=[91] w=[0.1138] compute=1.82 ms ok
ds4: [t=+68611.8ms] req seq=1553 L25 k=1 ids=[116] w=[0.0756] compute=1.84 ms ok
ds4: [t=+68630.3ms] req seq=1554 L31 k=1 ids=[114] w=[0.0634] compute=1.91 ms ok
ds4: [t=+68644.2ms] req seq=1555 L35 k=1 ids=[139] w=[0.2704] compute=1.84 ms ok
ds4: [t=+68666.1ms] req seq=1556 L42 k=1 ids=[202] w=[0.3613] compute=1.91 ms ok
ds4: [t=+68680.8ms] req seq=1557 L3 k=1 ids=[45] w=[0.1592] compute=1.82 ms ok
ds4: [t=+68680.9ms] tok#143 done: 11 layer-reqs, 11 experts, compute 20.48 ms (1.86 ms/layer), wall 123.64 ms, errors=0, evict-hints=11 | cache: resident=3337/3337 slabs=3 wired=22.00 GiB mlock-fail=0 B hits=1557 misses=0 swaps=1556
ds4: [t=+68681.0ms] tok#143 experts: L10=[29] L14=[170] L17=[121] L18=[89] L21=[59] L23=[27] L24=[91] L25=[116] L31=[114] L35=[139] L42=[202]
ds4: [t=+68688.8ms] req seq=1558 L5 k=1 ids=[96] w=[0.1825] compute=1.83 ms ok
ds4: [t=+68695.8ms] req seq=1559 L7 k=1 ids=[173] w=[0.1728] compute=1.81 ms ok
ds4: [t=+68702.1ms] req seq=1560 L8 k=1 ids=[59] w=[0.1931] compute=1.86 ms ok
ds4: [t=+68712.3ms] req seq=1561 L11 k=1 ids=[40] w=[0.1770] compute=1.87 ms ok
ds4: [t=+68720.6ms] req seq=1562 L14 k=1 ids=[184] w=[0.1169] compute=1.88 ms ok
ds4: [t=+68726.6ms] req seq=1563 L15 k=1 ids=[245] w=[0.1711] compute=1.80 ms ok
ds4: [t=+68733.0ms] req seq=1564 L16 k=1 ids=[67] w=[0.1763] compute=1.88 ms ok
ds4: [t=+68739.2ms] req seq=1565 L17 k=1 ids=[120] w=[0.1889] compute=1.80 ms ok
ds4: [t=+68746.5ms] req seq=1566 L19 k=1 ids=[22] w=[0.1203] compute=1.82 ms ok
ds4: [t=+68756.4ms] req seq=1567 L21 k=1 ids=[50] w=[0.2441] compute=1.90 ms ok
ds4: [t=+68769.1ms] req seq=1568 L24 k=2 ids=[188,233] w=[0.1407,0.1358] compute=1.89 ms ok
ds4: [t=+68776.4ms] req seq=1569 L25 k=1 ids=[229] w=[0.3129] compute=1.75 ms ok
ds4: [t=+68811.4ms] req seq=1570 L32 k=1 ids=[158] w=[0.1278] compute=1.90 ms ok
ds4: [t=+68839.3ms] req seq=1571 L39 k=1 ids=[119] w=[0.1256] compute=1.86 ms ok
ds4: [t=+68873.9ms] req seq=1572 L4 k=1 ids=[174] w=[0.1899] compute=1.86 ms ok
ds4: [t=+68874.0ms] tok#144 done: 15 layer-reqs, 16 experts, compute 27.66 ms (1.84 ms/layer), wall 194.96 ms, errors=0, evict-hints=15 | cache: resident=3337/3337 slabs=3 wired=22.00 GiB mlock-fail=0 B hits=1572 misses=0 swaps=1571
ds4: [t=+68874.1ms] tok#144 experts: L3=[45] L5=[96] L7=[173] L8=[59] L11=[40] L14=[184] L15=[245] L16=[67] L17=[120] L19=[22] L21=[50] L24=[188,233] L25=[229] L32=[158] L39=[119]
ds4: [t=+68887.2ms] req seq=1573 L7 k=1 ids=[156] w=[0.1755] compute=1.86 ms ok
ds4: [t=+68895.9ms] req seq=1574 L9 k=1 ids=[116] w=[0.1628] compute=1.80 ms ok
ds4: [t=+68914.6ms] req seq=1575 L13 k=1 ids=[133] w=[0.1566] compute=1.87 ms ok
ds4: [t=+68921.2ms] req seq=1576 L14 k=2 ids=[82,118] w=[0.1146,0.1012] compute=1.91 ms ok
ds4: [t=+68927.3ms] req seq=1577 L15 k=1 ids=[214] w=[0.2469] compute=1.83 ms ok
ds4: [t=+68936.8ms] req seq=1578 L17 k=2 ids=[89,23] w=[0.1383,0.1266] compute=1.83 ms ok
ds4: [t=+68943.6ms] req seq=1579 L18 k=2 ids=[126,100] w=[0.3182,0.1469] compute=1.85 ms ok
ds4: [t=+68950.5ms] req seq=1580 L19 k=1 ids=[35] w=[0.0699] compute=1.86 ms ok
ds4: [t=+68956.6ms] req seq=1581 L20 k=2 ids=[85,137] w=[0.3745,0.1216] compute=1.79 ms ok
ds4: [t=+68963.1ms] req seq=1582 L21 k=1 ids=[12] w=[0.1832] compute=1.79 ms ok
ds4: [t=+68976.2ms] req seq=1583 L24 k=2 ids=[240,233] w=[0.7665,0.1013] compute=1.90 ms ok
ds4: [t=+68982.8ms] req seq=1584 L25 k=1 ids=[58] w=[0.2756] compute=1.79 ms ok
ds4: [t=+68997.2ms] req seq=1585 L28 k=1 ids=[53] w=[0.1749] compute=1.83 ms ok
ds4: [t=+69003.5ms] req seq=1586 L29 k=1 ids=[149] w=[0.3338] compute=1.87 ms ok
ds4: [t=+69033.7ms] req seq=1587 L37 k=1 ids=[235] w=[0.1060] compute=1.89 ms ok
ds4: [t=+69068.5ms] req seq=1588 L3 k=2 ids=[113,138] w=[0.2295,0.2176] compute=1.91 ms ok
ds4: [t=+69068.6ms] tok#145 done: 16 layer-reqs, 21 experts, compute 29.54 ms (1.85 ms/layer), wall 196.57 ms, errors=0, evict-hints=16 | cache: resident=3337/3337 slabs=3 wired=22.00 GiB mlock-fail=0 B hits=1588 misses=0 swaps=1587
ds4: [t=+69068.7ms] tok#145 experts: L4=[174] L7=[156] L9=[116] L13=[133] L14=[82,118] L15=[214] L17=[89,23] L18=[126,100] L19=[35] L20=[85,137] L21=[12] L24=[240,233] L25=[58] L28=[53] L29=[149] L37=[235]
ds4: [t=+69082.5ms] req seq=1589 L8 k=1 ids=[145] w=[0.2066] compute=1.81 ms ok
ds4: [t=+69089.5ms] req seq=1590 L10 k=1 ids=[71] w=[0.1613] compute=1.81 ms ok
ds4: [t=+69095.5ms] req seq=1591 L11 k=1 ids=[144] w=[0.1670] compute=1.81 ms ok
ds4: [t=+69103.9ms] req seq=1592 L13 k=1 ids=[49] w=[0.1341] compute=1.84 ms ok
ds4: [t=+69113.4ms] req seq=1593 L16 k=1 ids=[230] w=[0.4179] compute=1.84 ms ok
ds4: [t=+69119.8ms] req seq=1594 L17 k=1 ids=[73] w=[0.1369] compute=1.88 ms ok
ds4: [t=+69130.8ms] req seq=1595 L19 k=1 ids=[3] w=[0.1513] compute=1.83 ms ok
ds4: [t=+69141.2ms] req seq=1596 L21 k=1 ids=[150] w=[0.1508] compute=1.91 ms ok
ds4: [t=+69148.0ms] req seq=1597 L22 k=1 ids=[215] w=[0.2213] compute=1.81 ms ok
ds4: [t=+69155.6ms] req seq=1598 L23 k=1 ids=[144] w=[0.0639] compute=1.85 ms ok
ds4: [t=+69162.7ms] req seq=1599 L24 k=1 ids=[233] w=[0.1060] compute=1.83 ms ok
ds4: [t=+69181.7ms] req seq=1600 L26 k=1 ids=[17] w=[0.0427] compute=1.91 ms ok
ds4: [t=+69213.8ms] req seq=1601 L30 k=1 ids=[58] w=[0.2021] compute=1.61 ms ok
ds4: [t=+69233.8ms] req seq=1602 L33 k=1 ids=[113] w=[0.1739] compute=1.60 ms ok
ds4: [t=+69258.3ms] req seq=1603 L39 k=1 ids=[147] w=[0.4255] compute=1.54 ms ok
ds4: [t=+69294.8ms] req seq=1604 L3 k=1 ids=[151] w=[0.1596] compute=1.57 ms ok
ds4: [t=+69294.9ms] tok#146 done: 16 layer-reqs, 17 experts, compute 28.80 ms (1.80 ms/layer), wall 228.22 ms, errors=0, evict-hints=16 | cache: resident=3337/3337 slabs=3 wired=22.00 GiB mlock-fail=0 B hits=1604 misses=0 swaps=1603
ds4: [t=+69294.9ms] tok#146 experts: L3=[113,138] L8=[145] L10=[71] L11=[144] L13=[49] L16=[230] L17=[73] L19=[3] L21=[150] L22=[215] L23=[144] L24=[233] L26=[17] L30=[58] L33=[113] L39=[147]
ds4: [t=+69304.5ms] req seq=1605 L5 k=1 ids=[48] w=[0.1468] compute=1.59 ms ok
ds4: [t=+69311.6ms] req seq=1606 L6 k=1 ids=[74] w=[0.3980] compute=1.49 ms ok
ds4: [t=+69323.0ms] req seq=1607 L9 k=1 ids=[192] w=[0.4689] compute=1.73 ms ok
ds4: [t=+69329.0ms] req seq=1608 L10 k=1 ids=[212] w=[0.1922] compute=1.51 ms ok
ds4: [t=+69336.2ms] req seq=1609 L11 k=2 ids=[167,91] w=[0.2322,0.2173] compute=1.75 ms ok
ds4: [t=+69348.8ms] req seq=1610 L14 k=1 ids=[118] w=[0.1337] compute=1.74 ms ok
ds4: [t=+69364.4ms] req seq=1611 L18 k=2 ids=[239,137] w=[0.2960,0.1993] compute=1.73 ms ok
ds4: [t=+69404.6ms] req seq=1612 L29 k=1 ids=[235] w=[0.2343] compute=1.87 ms ok
ds4: [t=+69410.3ms] req seq=1613 L30 k=1 ids=[19] w=[0.0918] compute=1.72 ms ok
ds4: [t=+69475.8ms] req seq=1614 L6 k=1 ids=[139] w=[0.1818] compute=2.07 ms ok
ds4: [t=+69475.9ms] tok#147 done: 10 layer-reqs, 12 experts, compute 16.70 ms (1.67 ms/layer), wall 182.71 ms, errors=0, evict-hints=10 | cache: resident=3337/3337 slabs=3 wired=22.00 GiB mlock-fail=0 B hits=1614 misses=0 swaps=1613
ds4: [t=+69476.0ms] tok#147 experts: L3=[151] L5=[48] L6=[74] L9=[192] L10=[212] L11=[167,91] L14=[118] L18=[239,137] L29=[235] L30=[19]
ds4: [t=+69488.8ms] req seq=1615 L10 k=1 ids=[86] w=[0.1887] compute=1.88 ms ok
ds4: [t=+69495.0ms] req seq=1616 L11 k=1 ids=[91] w=[0.2403] compute=1.84 ms ok
ds4: [t=+69511.3ms] req seq=1617 L16 k=1 ids=[177] w=[0.2050] compute=1.89 ms ok
ds4: [t=+69517.5ms] req seq=1618 L17 k=1 ids=[74] w=[0.2310] compute=1.88 ms ok
ds4: [t=+69527.8ms] req seq=1619 L20 k=1 ids=[137] w=[0.1201] compute=1.84 ms ok
ds4: [t=+69533.8ms] req seq=1620 L21 k=2 ids=[231,199] w=[0.7483,0.1315] compute=1.86 ms ok
ds4: [t=+69577.2ms] req seq=1621 L37 k=1 ids=[25] w=[0.1231] compute=1.97 ms ok
ds4: [t=+69609.8ms] req seq=1622 L6 k=1 ids=[155] w=[0.1375] compute=1.90 ms ok
ds4: [t=+69609.9ms] tok#148 done: 8 layer-reqs, 9 experts, compute 15.23 ms (1.90 ms/layer), wall 136.10 ms, errors=0, evict-hints=8 | cache: resident=3337/3337 slabs=3 wired=22.00 GiB mlock-fail=0 B hits=1622 misses=0 swaps=1621
ds4: [t=+69609.9ms] tok#148 experts: L6=[139] L10=[86] L11=[91] L16=[177] L17=[74] L20=[137] L21=[231,199] L37=[25]
ds4: [t=+69616.2ms] req seq=1623 L7 k=1 ids=[189] w=[0.1584] compute=1.92 ms ok
ds4: [t=+69624.7ms] req seq=1624 L10 k=1 ids=[15] w=[0.1422] compute=1.81 ms ok
ds4: [t=+69630.8ms] req seq=1625 L11 k=1 ids=[158] w=[0.1084] compute=1.79 ms ok
ds4: [t=+69636.7ms] req seq=1626 L12 k=2 ids=[201,68] w=[0.1351,0.1302] compute=1.80 ms ok
ds4: [t=+69644.0ms] req seq=1627 L14 k=1 ids=[23] w=[0.1352] compute=1.77 ms ok
ds4: [t=+69654.2ms] req seq=1628 L17 k=1 ids=[101] w=[0.1898] compute=1.85 ms ok
ds4: [t=+69662.5ms] req seq=1629 L19 k=1 ids=[95] w=[0.0749] compute=1.83 ms ok
ds4: [t=+69671.5ms] req seq=1630 L21 k=1 ids=[219] w=[0.1717] compute=1.86 ms ok
ds4: [t=+69683.6ms] req seq=1631 L25 k=1 ids=[49] w=[0.0853] compute=1.93 ms ok
ds4: [t=+69733.6ms] req seq=1632 L41 k=1 ids=[0] w=[0.2735] compute=2.04 ms ok
ds4: [t=+69747.1ms] req seq=1633 L1 k=1 ids=[17] w=[0.4442] compute=1.83 ms ok
ds4: [t=+69747.2ms] tok#149 done: 11 layer-reqs, 12 experts, compute 20.51 ms (1.86 ms/layer), wall 139.34 ms, errors=0, evict-hints=11 | cache: resident=3337/3337 slabs=3 wired=22.00 GiB mlock-fail=0 B hits=1633 misses=0 swaps=1632
ds4: [t=+69747.3ms] tok#149 experts: L6=[155] L7=[189] L10=[15] L11=[158] L12=[201,68] L14=[23] L17=[101] L19=[95] L21=[219] L25=[49] L41=[0]
ds4: [t=+69773.1ms] req seq=1634 L9 k=1 ids=[97] w=[0.1538] compute=1.88 ms ok
ds4: [t=+69779.5ms] req seq=1635 L10 k=1 ids=[106] w=[0.1538] compute=1.78 ms ok
ds4: [t=+69802.8ms] req seq=1636 L18 k=1 ids=[193] w=[0.1569] compute=1.88 ms ok
ds4: [t=+69813.2ms] req seq=1637 L21 k=2 ids=[38,156] w=[0.4128,0.1883] compute=1.84 ms ok
ds4: [t=+69820.9ms] req seq=1638 L23 k=1 ids=[14] w=[0.0879] compute=1.90 ms ok
ds4: [t=+69859.8ms] req seq=1639 L37 k=1 ids=[181] w=[0.4519] compute=1.95 ms ok
ds4: [t=+69908.4ms] req seq=1640 L9 k=1 ids=[203] w=[0.1193] compute=2.08 ms ok
ds4: [t=+69908.5ms] tok#150 done: 7 layer-reqs, 8 experts, compute 13.06 ms (1.87 ms/layer), wall 163.21 ms, errors=0, evict-hints=7 | cache: resident=3337/3337 slabs=3 wired=22.00 GiB mlock-fail=0 B hits=1640 misses=0 swaps=1639
ds4: [t=+69908.6ms] tok#150 experts: L1=[17] L9=[97] L10=[106] L18=[193] L21=[38,156] L23=[14] L37=[181]
ds4: [t=+69920.7ms] req seq=1641 L14 k=2 ids=[113,150] w=[0.1393,0.1388] compute=1.90 ms ok
ds4: [t=+69929.9ms] req seq=1642 L18 k=2 ids=[241,137] w=[0.2164,0.1933] compute=1.78 ms ok
ds4: [t=+69936.1ms] req seq=1643 L19 k=1 ids=[249] w=[0.1426] compute=1.81 ms ok
ds4: [t=+69942.4ms] req seq=1644 L20 k=1 ids=[224] w=[0.1700] compute=1.79 ms ok
ds4: [t=+69948.8ms] req seq=1645 L21 k=1 ids=[248] w=[0.1702] compute=1.79 ms ok
ds4: [t=+69954.7ms] req seq=1646 L22 k=1 ids=[137] w=[0.3423] compute=1.82 ms ok
ds4: [t=+69992.2ms] req seq=1647 L37 k=1 ids=[94] w=[0.1758] compute=1.94 ms ok
ds4: [t=+70014.2ms] req seq=1648 L1 k=1 ids=[9] w=[0.2557] compute=1.88 ms ok
ds4: [t=+70014.3ms] tok#151 done: 8 layer-reqs, 10 experts, compute 14.89 ms (1.86 ms/layer), wall 107.92 ms, errors=0, evict-hints=8 | cache: resident=3337/3337 slabs=3 wired=22.00 GiB mlock-fail=0 B hits=1648 misses=0 swaps=1647
ds4: [t=+70014.3ms] tok#151 experts: L9=[203] L14=[113,150] L18=[241,137] L19=[249] L20=[224] L21=[248] L22=[137] L37=[94]
ds4: [t=+70021.3ms] req seq=1649 L3 k=1 ids=[237] w=[0.2978] compute=1.85 ms ok
ds4: [t=+70027.6ms] req seq=1650 L4 k=1 ids=[61] w=[0.1583] compute=1.82 ms ok
ds4: [t=+70051.5ms] req seq=1651 L14 k=1 ids=[5] w=[0.1048] compute=1.90 ms ok
ds4: [t=+70064.8ms] req seq=1652 L18 k=2 ids=[100,70] w=[0.2024,0.1422] compute=1.82 ms ok
ds4: [t=+70073.9ms] req seq=1653 L21 k=1 ids=[42] w=[0.3050] compute=1.86 ms ok
ds4: [t=+70082.0ms] req seq=1654 L23 k=1 ids=[166] w=[0.0812] compute=1.79 ms ok
ds4: [t=+70096.7ms] req seq=1655 L28 k=1 ids=[186] w=[0.1387] compute=1.85 ms ok
ds4: [t=+70152.7ms] req seq=1656 L6 k=1 ids=[35] w=[0.0900] compute=1.91 ms ok
ds4: [t=+70152.8ms] tok#152 done: 8 layer-reqs, 9 experts, compute 14.77 ms (1.85 ms/layer), wall 140.47 ms, errors=0, evict-hints=8 | cache: resident=3337/3337 slabs=3 wired=22.00 GiB mlock-fail=0 B hits=1656 misses=0 swaps=1655
ds4: [t=+70152.8ms] tok#152 experts: L1=[9] L3=[237] L4=[61] L14=[5] L18=[100,70] L21=[42] L23=[166] L28=[186]
ds4: [t=+70160.7ms] req seq=1657 L7 k=1 ids=[221] w=[0.1570] compute=1.89 ms ok
ds4: [t=+70173.1ms] req seq=1658 L11 k=2 ids=[19,197] w=[0.2500,0.1101] compute=1.87 ms ok
ds4: [t=+70181.7ms] req seq=1659 L15 k=1 ids=[225] w=[0.1361] compute=1.86 ms ok
ds4: [t=+70190.4ms] req seq=1660 L18 k=1 ids=[188] w=[0.1943] compute=1.80 ms ok
ds4: [t=+70206.8ms] req seq=1661 L24 k=1 ids=[200] w=[0.1545] compute=1.88 ms ok
ds4: [t=+70235.4ms] req seq=1662 L34 k=1 ids=[49] w=[0.1250] compute=1.87 ms ok
ds4: [t=+70280.5ms] req seq=1663 L7 k=1 ids=[23] w=[0.1768] compute=2.08 ms ok
ds4: [t=+70280.6ms] tok#153 done: 7 layer-reqs, 8 experts, compute 13.08 ms (1.87 ms/layer), wall 129.83 ms, errors=0, evict-hints=7 | cache: resident=3337/3337 slabs=3 wired=22.00 GiB mlock-fail=0 B hits=1663 misses=0 swaps=1662
ds4: [t=+70280.7ms] tok#153 experts: L6=[35] L7=[221] L11=[19,197] L15=[225] L18=[188] L24=[200] L34=[49]
ds4: [t=+70290.2ms] req seq=1664 L9 k=1 ids=[96] w=[0.1963] compute=1.85 ms ok
ds4: [t=+70300.3ms] req seq=1665 L12 k=1 ids=[40] w=[0.2433] compute=1.80 ms ok
ds4: [t=+70310.1ms] req seq=1666 L15 k=1 ids=[119] w=[0.1755] compute=1.84 ms ok
ds4: [t=+70317.0ms] req seq=1667 L17 k=1 ids=[205] w=[0.2352] compute=1.84 ms ok
ds4: [t=+70325.2ms] req seq=1668 L19 k=3 ids=[74,101,11] w=[0.4368,0.1418,0.0901] compute=1.87 ms ok
ds4: [t=+70337.4ms] req seq=1669 L22 k=1 ids=[51] w=[0.3166] compute=1.88 ms ok
ds4: [t=+70381.6ms] req seq=1670 L36 k=1 ids=[50] w=[0.2455] compute=2.05 ms ok
ds4: [t=+70430.9ms] req seq=1671 L10 k=1 ids=[47] w=[0.1800] compute=1.66 ms ok
ds4: [t=+70431.0ms] tok#154 done: 8 layer-reqs, 10 experts, compute 15.22 ms (1.90 ms/layer), wall 152.49 ms, errors=0, evict-hints=8 | cache: resident=3337/3337 slabs=3 wired=22.00 GiB mlock-fail=0 B hits=1671 misses=0 swaps=1670
ds4: [t=+70431.0ms] tok#154 experts: L7=[23] L9=[96] L12=[40] L15=[119] L17=[205] L19=[74,101,11] L22=[51] L36=[50]
ds4: [t=+70437.1ms] req seq=1672 L11 k=1 ids=[66] w=[0.1753] compute=1.54 ms ok
ds4: [t=+70452.3ms] req seq=1673 L17 k=2 ids=[252,162] w=[0.2689,0.2062] compute=1.61 ms ok
ds4: [t=+70458.3ms] req seq=1674 L18 k=1 ids=[97] w=[0.3312] compute=1.47 ms ok
ds4: [t=+70463.9ms] req seq=1675 L19 k=2 ids=[49,208] w=[0.1435,0.1264] compute=1.48 ms ok
ds4: [t=+70470.2ms] req seq=1676 L20 k=1 ids=[154] w=[0.2954] compute=1.58 ms ok
ds4: [t=+70478.4ms] req seq=1677 L22 k=1 ids=[165] w=[0.1751] compute=1.53 ms ok
ds4: [t=+70484.4ms] req seq=1678 L23 k=1 ids=[220] w=[0.1835] compute=1.64 ms ok
ds4: [t=+70490.1ms] req seq=1679 L24 k=1 ids=[103] w=[0.0969] compute=1.53 ms ok
ds4: [t=+70522.9ms] req seq=1680 L33 k=1 ids=[255] w=[0.1560] compute=1.66 ms ok
ds4: [t=+70540.6ms] req seq=1681 L37 k=1 ids=[45] w=[0.1126] compute=1.82 ms ok
ds4: [t=+70580.0ms] req seq=1682 L7 k=1 ids=[245] w=[0.2348] compute=1.76 ms ok
ds4: [t=+70580.1ms] tok#155 done: 11 layer-reqs, 13 experts, compute 17.52 ms (1.59 ms/layer), wall 150.86 ms, errors=0, evict-hints=11 | cache: resident=3337/3337 slabs=3 wired=22.00 GiB mlock-fail=0 B hits=1682 misses=0 swaps=1681
ds4: [t=+70580.1ms] tok#155 experts: L10=[47] L11=[66] L17=[252,162] L18=[97] L19=[49,208] L20=[154] L22=[165] L23=[220] L24=[103] L33=[255] L37=[45]
ds4: [t=+70611.9ms] req seq=1683 L19 k=2 ids=[11,100] w=[0.3711,0.1808] compute=1.80 ms ok
ds4: [t=+70618.0ms] req seq=1684 L20 k=1 ids=[108] w=[0.1842] compute=1.87 ms ok
ds4: [t=+70624.3ms] req seq=1685 L21 k=1 ids=[37] w=[0.1390] compute=1.76 ms ok
ds4: [t=+70637.7ms] req seq=1686 L26 k=1 ids=[101] w=[0.1407] compute=1.83 ms ok
ds4: [t=+70653.4ms] req seq=1687 L31 k=1 ids=[222] w=[0.1026] compute=1.89 ms ok
ds4: [t=+70661.9ms] req seq=1688 L34 k=1 ids=[198] w=[0.1424] compute=1.79 ms ok
ds4: [t=+70667.9ms] req seq=1689 L35 k=1 ids=[65] w=[0.0662] compute=1.88 ms ok
ds4: [t=+70703.1ms] req seq=1690 L3 k=2 ids=[125,155] w=[0.1593,0.1456] compute=1.89 ms ok
ds4: [t=+70703.2ms] tok#156 done: 8 layer-reqs, 9 experts, compute 14.59 ms (1.82 ms/layer), wall 124.94 ms, errors=0, evict-hints=8 | cache: resident=3337/3337 slabs=3 wired=22.00 GiB mlock-fail=0 B hits=1690 misses=0 swaps=1689
ds4: [t=+70703.2ms] tok#156 experts: L7=[245] L19=[11,100] L20=[108] L21=[37] L26=[101] L31=[222] L34=[198] L35=[65]
ds4: [t=+70713.7ms] req seq=1691 L6 k=1 ids=[220] w=[0.1275] compute=1.85 ms ok
ds4: [t=+70720.4ms] req seq=1692 L7 k=1 ids=[92] w=[0.2811] compute=1.84 ms ok
ds4: [t=+70730.9ms] req seq=1693 L10 k=1 ids=[93] w=[0.1273] compute=1.84 ms ok
ds4: [t=+70737.4ms] req seq=1694 L11 k=1 ids=[196] w=[0.1563] compute=1.85 ms ok
ds4: [t=+70744.5ms] req seq=1695 L13 k=1 ids=[149] w=[0.1564] compute=1.85 ms ok
ds4: [t=+70751.0ms] req seq=1696 L15 k=1 ids=[155] w=[0.1623] compute=1.84 ms ok
ds4: [t=+70761.6ms] req seq=1697 L19 k=1 ids=[229] w=[0.4515] compute=1.87 ms ok
ds4: [t=+70769.7ms] req seq=1698 L21 k=2 ids=[27,190] w=[0.2072,0.1838] compute=1.84 ms ok
ds4: [t=+70804.6ms] req seq=1699 L33 k=1 ids=[117] w=[0.1053] compute=1.90 ms ok
ds4: [t=+70810.6ms] req seq=1700 L34 k=1 ids=[144] w=[0.4114] compute=1.87 ms ok
ds4: [t=+70857.4ms] req seq=1701 L7 k=2 ids=[21,26] w=[0.1862,0.1719] compute=2.08 ms ok
ds4: [t=+70857.5ms] tok#157 done: 11 layer-reqs, 13 experts, compute 20.43 ms (1.86 ms/layer), wall 156.30 ms, errors=0, evict-hints=11 | cache: resident=3337/3337 slabs=3 wired=22.00 GiB mlock-fail=0 B hits=1701 misses=0 swaps=1700
ds4: [t=+70857.5ms] tok#157 experts: L3=[125,155] L6=[220] L7=[92] L10=[93] L11=[196] L13=[149] L15=[155] L19=[229] L21=[27,190] L33=[117] L34=[144]
ds4: [t=+70883.3ms] req seq=1702 L19 k=1 ids=[106] w=[0.1013] compute=1.94 ms ok
ds4: [t=+70889.7ms] req seq=1703 L21 k=2 ids=[190,225] w=[0.2929,0.1707] compute=1.77 ms ok
ds4: [t=+70905.7ms] req seq=1704 L29 k=1 ids=[232] w=[0.2004] compute=1.91 ms ok
ds4: [t=+70911.9ms] req seq=1705 L31 k=1 ids=[112] w=[0.2279] compute=1.81 ms ok
ds4: [t=+70947.8ms] req seq=1706 L4 k=1 ids=[180] w=[0.1206] compute=1.85 ms ok
ds4: [t=+70948.0ms] tok#158 done: 5 layer-reqs, 7 experts, compute 9.50 ms (1.90 ms/layer), wall 92.64 ms, errors=0, evict-hints=5 | cache: resident=3337/3337 slabs=3 wired=22.00 GiB mlock-fail=0 B hits=1706 misses=0 swaps=1705
ds4: [t=+70948.0ms] tok#158 experts: L7=[21,26] L19=[106] L21=[190,225] L29=[232] L31=[112]
ds4: [t=+70954.4ms] req seq=1707 L5 k=1 ids=[229] w=[0.1506] compute=1.88 ms ok
ds4: [t=+70968.2ms] req seq=1708 L10 k=1 ids=[175] w=[0.0887] compute=1.89 ms ok
ds4: [t=+70974.2ms] req seq=1709 L11 k=1 ids=[61] w=[0.1374] compute=1.82 ms ok
ds4: [t=+70980.3ms] req seq=1710 L12 k=1 ids=[123] w=[0.1552] compute=1.81 ms ok
ds4: [t=+70987.3ms] req seq=1711 L14 k=1 ids=[176] w=[0.1223] compute=1.85 ms ok
ds4: [t=+70993.7ms] req seq=1712 L16 k=1 ids=[228] w=[0.2804] compute=1.81 ms ok
ds4: [t=+71000.2ms] req seq=1713 L18 k=1 ids=[233] w=[0.1810] compute=1.83 ms ok
ds4: [t=+71006.8ms] req seq=1714 L20 k=1 ids=[134] w=[0.1311] compute=1.74 ms ok
ds4: [t=+71012.7ms] req seq=1715 L21 k=1 ids=[121] w=[0.2404] compute=1.77 ms ok
ds4: [t=+71018.7ms] req seq=1716 L22 k=1 ids=[2] w=[0.1547] compute=1.82 ms ok
ds4: [t=+71031.0ms] req seq=1717 L26 k=1 ids=[117] w=[0.1741] compute=1.84 ms ok
ds4: [t=+71101.3ms] req seq=1718 L4 k=1 ids=[150] w=[0.1111] compute=2.09 ms ok
ds4: [t=+71101.5ms] tok#159 done: 12 layer-reqs, 12 experts, compute 21.91 ms (1.83 ms/layer), wall 155.46 ms, errors=0, evict-hints=12 | cache: resident=3337/3337 slabs=3 wired=22.00 GiB mlock-fail=0 B hits=1718 misses=0 swaps=1717
ds4: [t=+71101.6ms] tok#159 experts: L4=[180] L5=[229] L10=[175] L11=[61] L12=[123] L14=[176] L16=[228] L18=[233] L20=[134] L21=[121] L22=[2] L26=[117]
ds4: [t=+71110.1ms] req seq=1719 L7 k=1 ids=[226] w=[0.2022] compute=1.81 ms ok
ds4: [t=+71118.8ms] req seq=1720 L9 k=1 ids=[178] w=[0.1649] compute=1.85 ms ok
ds4: [t=+71125.1ms] req seq=1721 L10 k=1 ids=[116] w=[0.1430] compute=1.80 ms ok
ds4: [t=+71130.9ms] req seq=1722 L11 k=1 ids=[99] w=[0.1862] compute=1.87 ms ok
ds4: [t=+71144.3ms] req seq=1723 L14 k=1 ids=[116] w=[0.1566] compute=1.88 ms ok
ds4: [t=+71167.7ms] req seq=1724 L19 k=2 ids=[220,12] w=[0.3003,0.0815] compute=1.93 ms ok
ds4: [t=+71176.3ms] req seq=1725 L21 k=2 ids=[225,46] w=[0.3611,0.3091] compute=1.84 ms ok
ds4: [t=+71182.8ms] req seq=1726 L22 k=1 ids=[209] w=[0.1520] compute=1.86 ms ok
ds4: [t=+71219.7ms] req seq=1727 L33 k=1 ids=[118] w=[0.1744] compute=1.87 ms ok
ds4: [t=+71225.7ms] req seq=1728 L34 k=1 ids=[98] w=[0.1808] compute=1.78 ms ok
ds4: [t=+71251.6ms] req seq=1729 L40 k=1 ids=[91] w=[0.1930] compute=1.91 ms ok
ds4: [t=+71280.0ms] req seq=1730 L3 k=2 ids=[79,170] w=[0.1946,0.1580] compute=1.92 ms ok
ds4: [t=+71280.1ms] tok#160 done: 12 layer-reqs, 14 experts, compute 22.50 ms (1.87 ms/layer), wall 180.84 ms, errors=0, evict-hints=12 | cache: resident=3337/3337 slabs=3 wired=22.00 GiB mlock-fail=0 B hits=1730 misses=0 swaps=1729
ds4: [t=+71280.2ms] tok#160 experts: L4=[150] L7=[226] L9=[178] L10=[116] L11=[99] L14=[116] L19=[220,12] L21=[225,46] L22=[209] L33=[118] L34=[98] L40=[91]
ds4: [t=+71287.1ms] req seq=1731 L5 k=1 ids=[220] w=[0.3540] compute=1.85 ms ok
ds4: [t=+71295.4ms] req seq=1732 L7 k=1 ids=[26] w=[0.1194] compute=1.84 ms ok
ds4: [t=+71304.5ms] req seq=1733 L9 k=1 ids=[240] w=[0.4054] compute=1.83 ms ok
ds4: [t=+71310.5ms] req seq=1734 L10 k=1 ids=[49] w=[0.4371] compute=1.76 ms ok
ds4: [t=+71326.9ms] req seq=1735 L15 k=1 ids=[141] w=[0.1465] compute=1.88 ms ok
ds4: [t=+71333.3ms] req seq=1736 L16 k=1 ids=[48] w=[0.3115] compute=1.87 ms ok
ds4: [t=+71352.9ms] req seq=1737 L21 k=2 ids=[249,199] w=[0.2776,0.1822] compute=1.89 ms ok
ds4: [t=+71360.2ms] req seq=1738 L22 k=1 ids=[23] w=[0.4511] compute=1.83 ms ok
ds4: [t=+71367.7ms] req seq=1739 L23 k=1 ids=[172] w=[0.2525] compute=1.86 ms ok
ds4: [t=+71413.6ms] req seq=1740 L29 k=1 ids=[17] w=[0.2953] compute=2.06 ms ok
ds4: [t=+71447.0ms] req seq=1741 L34 k=1 ids=[114] w=[0.2756] compute=1.89 ms ok
ds4: [t=+71517.1ms] req seq=1742 L3 k=2 ids=[170,210] w=[0.2348,0.1558] compute=1.89 ms ok
ds4: [t=+71517.2ms] tok#161 done: 12 layer-reqs, 14 experts, compute 22.49 ms (1.87 ms/layer), wall 239.08 ms, errors=0, evict-hints=12 | cache: resident=3337/3337 slabs=3 wired=22.00 GiB mlock-fail=0 B hits=1742 misses=0 swaps=1741
ds4: [t=+71517.2ms] tok#161 experts: L3=[79,170] L5=[220] L7=[26] L9=[240] L10=[49] L15=[141] L16=[48] L21=[249,199] L22=[23] L23=[172] L29=[17] L34=[114]
ds4: [t=+71534.0ms] req seq=1743 L7 k=2 ids=[36,196] w=[0.1235,0.1215] compute=1.87 ms ok
ds4: [t=+71540.8ms] req seq=1744 L8 k=1 ids=[107] w=[0.1150] compute=1.79 ms ok
ds4: [t=+71556.8ms] req seq=1745 L12 k=1 ids=[68] w=[0.1425] compute=1.90 ms ok
ds4: [t=+71569.1ms] req seq=1746 L15 k=1 ids=[137] w=[0.1550] compute=1.91 ms ok
ds4: [t=+71581.1ms] req seq=1747 L17 k=2 ids=[100,29] w=[0.2543,0.1394] compute=1.84 ms ok
ds4: [t=+71621.4ms] req seq=1748 L28 k=1 ids=[117] w=[0.1260] compute=1.87 ms ok
ds4: [t=+71648.6ms] req seq=1749 L36 k=1 ids=[186] w=[0.1772] compute=1.73 ms ok
ds4: [t=+71664.2ms] req seq=1750 L41 k=1 ids=[187] w=[0.1751] compute=1.43 ms ok
ds4: [t=+71682.0ms] req seq=1751 L3 k=1 ids=[122] w=[0.1123] compute=1.61 ms ok
ds4: [t=+71682.1ms] tok#162 done: 9 layer-reqs, 12 experts, compute 16.23 ms (1.80 ms/layer), wall 166.87 ms, errors=0, evict-hints=9 | cache: resident=3337/3337 slabs=3 wired=22.00 GiB mlock-fail=0 B hits=1751 misses=0 swaps=1750
ds4: [t=+71682.2ms] tok#162 experts: L3=[170,210] L7=[36,196] L8=[107] L12=[68] L15=[137] L17=[100,29] L28=[117] L36=[186] L41=[187]
ds4: [t=+71687.8ms] req seq=1752 L4 k=1 ids=[63] w=[0.1060] compute=1.44 ms ok
ds4: [t=+71693.5ms] req seq=1753 L5 k=1 ids=[124] w=[0.1063] compute=1.46 ms ok
ds4: [t=+71709.5ms] req seq=1754 L11 k=1 ids=[119] w=[0.2738] compute=1.51 ms ok
ds4: [t=+71715.3ms] req seq=1755 L12 k=1 ids=[126] w=[0.1400] compute=1.51 ms ok
ds4: [t=+71722.2ms] req seq=1756 L14 k=1 ids=[255] w=[0.1199] compute=1.53 ms ok
ds4: [t=+71728.5ms] req seq=1757 L15 k=1 ids=[220] w=[0.1953] compute=1.55 ms ok
ds4: [t=+71734.7ms] req seq=1758 L16 k=2 ids=[224,132] w=[0.2646,0.2120] compute=1.55 ms ok
ds4: [t=+71740.4ms] req seq=1759 L17 k=2 ids=[124,29] w=[0.1913,0.1376] compute=1.48 ms ok
ds4: [t=+71747.4ms] req seq=1760 L19 k=1 ids=[224] w=[0.4882] compute=1.44 ms ok
ds4: [t=+71754.9ms] req seq=1761 L21 k=1 ids=[156] w=[0.4114] compute=1.63 ms ok
ds4: [t=+71760.1ms] req seq=1762 L22 k=1 ids=[61] w=[0.3897] compute=1.50 ms ok
ds4: [t=+71786.9ms] req seq=1763 L29 k=1 ids=[98] w=[0.3691] compute=1.79 ms ok
ds4: [t=+71793.1ms] req seq=1764 L30 k=1 ids=[75] w=[0.1236] compute=1.70 ms ok
ds4: [t=+71875.3ms] req seq=1765 L1 k=1 ids=[14] w=[0.2525] compute=2.05 ms ok
ds4: [t=+71875.5ms] tok#163 done: 14 layer-reqs, 16 experts, compute 21.69 ms (1.55 ms/layer), wall 195.03 ms, errors=0, evict-hints=14 | cache: resident=3337/3337 slabs=3 wired=22.00 GiB mlock-fail=0 B hits=1765 misses=0 swaps=1764
ds4: [t=+71875.5ms] tok#163 experts: L3=[122] L4=[63] L5=[124] L11=[119] L12=[126] L14=[255] L15=[220] L16=[224,132] L17=[124,29] L19=[224] L21=[156] L22=[61] L29=[98] L30=[75]
ds4: [t=+71884.1ms] req seq=1766 L3 k=2 ids=[115,0] w=[0.1475,0.1477] compute=1.83 ms ok
ds4: [t=+71889.7ms] req seq=1767 L4 k=1 ids=[41] w=[0.1360] compute=1.77 ms ok
ds4: [t=+71905.8ms] req seq=1768 L9 k=1 ids=[18] w=[0.2146] compute=1.89 ms ok
ds4: [t=+71912.0ms] req seq=1769 L10 k=1 ids=[75] w=[0.1279] compute=1.79 ms ok
ds4: [t=+71921.1ms] req seq=1770 L12 k=1 ids=[176] w=[0.1167] compute=1.83 ms ok
ds4: [t=+71927.2ms] req seq=1771 L13 k=2 ids=[54,171] w=[0.2087,0.1968] compute=1.79 ms ok
ds4: [t=+71933.7ms] req seq=1772 L14 k=1 ids=[120] w=[0.1367] compute=1.81 ms ok
ds4: [t=+71946.0ms] req seq=1773 L16 k=1 ids=[132] w=[0.2069] compute=1.85 ms ok
ds4: [t=+71956.8ms] req seq=1774 L18 k=1 ids=[82] w=[0.1583] compute=1.89 ms ok
ds4: [t=+71989.2ms] req seq=1775 L21 k=1 ids=[199] w=[0.0928] compute=1.93 ms ok
ds4: [t=+72028.6ms] req seq=1776 L29 k=1 ids=[85] w=[0.1788] compute=1.84 ms ok
ds4: [t=+72043.1ms] req seq=1777 L31 k=1 ids=[93] w=[0.1019] compute=1.90 ms ok
ds4: [t=+72117.3ms] req seq=1778 L3 k=2 ids=[0,172] w=[0.2353,0.2052] compute=2.07 ms ok
ds4: [t=+72117.4ms] tok#164 done: 13 layer-reqs, 15 experts, compute 24.19 ms (1.86 ms/layer), wall 244.09 ms, errors=0, evict-hints=13 | cache: resident=3337/3337 slabs=3 wired=22.00 GiB mlock-fail=0 B hits=1778 misses=0 swaps=1777
ds4: [t=+72117.4ms] tok#164 experts: L1=[14] L3=[115,0] L4=[41] L9=[18] L10=[75] L12=[176] L13=[54,171] L14=[120] L16=[132] L18=[82] L21=[199] L29=[85] L31=[93]
ds4: [t=+72141.0ms] req seq=1779 L6 k=1 ids=[200] w=[0.1214] compute=1.84 ms ok
ds4: [t=+72166.2ms] req seq=1780 L12 k=2 ids=[182,57] w=[0.2583,0.1881] compute=1.86 ms ok
ds4: [t=+72186.4ms] req seq=1781 L17 k=1 ids=[202] w=[0.2114] compute=1.87 ms ok
ds4: [t=+72193.6ms] req seq=1782 L18 k=1 ids=[122] w=[0.1641] compute=1.78 ms ok
ds4: [t=+72199.7ms] req seq=1783 L19 k=1 ids=[149] w=[0.0844] compute=1.89 ms ok
ds4: [t=+72239.0ms] req seq=1784 L29 k=1 ids=[70] w=[0.1663] compute=1.86 ms ok
ds4: [t=+72255.2ms] req seq=1785 L34 k=1 ids=[88] w=[0.2240] compute=1.86 ms ok
ds4: [t=+72263.1ms] req seq=1786 L36 k=1 ids=[71] w=[0.2125] compute=1.81 ms ok
ds4: [t=+72294.7ms] req seq=1787 L5 k=1 ids=[254] w=[0.1394] compute=1.90 ms ok
ds4: [t=+72294.8ms] tok#165 done: 9 layer-reqs, 11 experts, compute 16.85 ms (1.87 ms/layer), wall 179.55 ms, errors=0, evict-hints=9 | cache: resident=3337/3337 slabs=3 wired=22.00 GiB mlock-fail=0 B hits=1787 misses=0 swaps=1786
ds4: [t=+72294.8ms] tok#165 experts: L3=[0,172] L6=[200] L12=[182,57] L17=[202] L18=[122] L19=[149] L29=[70] L34=[88] L36=[71]
ds4: [t=+72300.9ms] req seq=1788 L6 k=2 ids=[208,64] w=[0.1707,0.1559] compute=1.89 ms ok
ds4: [t=+72310.0ms] req seq=1789 L9 k=1 ids=[106] w=[0.1397] compute=1.81 ms ok
ds4: [t=+72321.7ms] req seq=1790 L13 k=1 ids=[76] w=[0.1359] compute=1.89 ms ok
ds4: [t=+72338.9ms] req seq=1791 L19 k=2 ids=[43,2] w=[0.1254,0.1154] compute=1.89 ms ok
ds4: [t=+72348.1ms] req seq=1792 L22 k=1 ids=[251] w=[0.2039] compute=1.78 ms ok
ds4: [t=+72370.4ms] req seq=1793 L29 k=1 ids=[61] w=[0.1774] compute=1.90 ms ok
ds4: [t=+72396.5ms] req seq=1794 L35 k=1 ids=[40] w=[0.1850] compute=1.87 ms ok
ds4: [t=+72402.7ms] req seq=1795 L36 k=1 ids=[165] w=[0.2127] compute=1.88 ms ok
ds4: [t=+72423.6ms] req seq=1796 L42 k=1 ids=[150] w=[0.2142] compute=1.89 ms ok
ds4: [t=+72436.1ms] req seq=1797 L2 k=1 ids=[4] w=[0.3341] compute=1.86 ms ok
ds4: [t=+72436.3ms] tok#166 done: 10 layer-reqs, 12 experts, compute 18.69 ms (1.87 ms/layer), wall 143.45 ms, errors=0, evict-hints=10 | cache: resident=3337/3337 slabs=3 wired=22.00 GiB mlock-fail=0 B hits=1797 misses=0 swaps=1796
ds4: [t=+72436.3ms] tok#166 experts: L5=[254] L6=[208,64] L9=[106] L13=[76] L19=[43,2] L22=[251] L29=[61] L35=[40] L36=[165] L42=[150]
ds4: [t=+72449.0ms] req seq=1798 L7 k=1 ids=[230] w=[0.1504] compute=1.83 ms ok
ds4: [t=+72461.0ms] req seq=1799 L11 k=1 ids=[59] w=[0.2731] compute=1.82 ms ok
ds4: [t=+72479.5ms] req seq=1800 L17 k=1 ids=[215] w=[0.2071] compute=1.87 ms ok
ds4: [t=+72540.4ms] req seq=1801 L4 k=1 ids=[51] w=[0.1406] compute=2.08 ms ok
ds4: [t=+72540.5ms] tok#167 done: 4 layer-reqs, 4 experts, compute 7.38 ms (1.85 ms/layer), wall 106.22 ms, errors=0, evict-hints=4 | cache: resident=3337/3337 slabs=3 wired=22.00 GiB mlock-fail=0 B hits=1801 misses=0 swaps=1800
ds4: [t=+72540.5ms] tok#167 experts: L2=[4] L7=[230] L11=[59] L17=[215]
ds4: [t=+72603.7ms] req seq=1802 L36 k=1 ids=[63] w=[0.1373] compute=1.92 ms ok
ds4: [t=+72611.4ms] req seq=1803 L39 k=1 ids=[132] w=[0.1005] compute=1.81 ms ok
ds4: [t=+72657.3ms] req seq=1804 L18 k=1 ids=[130] w=[0.2881] compute=1.91 ms ok
ds4: [t=+72657.4ms] tok#168 done: 3 layer-reqs, 3 experts, compute 5.81 ms (1.94 ms/layer), wall 119.03 ms, errors=0, evict-hints=3 | cache: resident=3337/3337 slabs=3 wired=22.00 GiB mlock-fail=0 B hits=1804 misses=0 swaps=1803
ds4: [t=+72657.4ms] tok#168 experts: L4=[51] L36=[63] L39=[132]
ds4: [t=+72663.8ms] req seq=1805 L19 k=1 ids=[8] w=[0.1467] compute=1.86 ms ok
ds4: [t=+72670.1ms] req seq=1806 L20 k=1 ids=[74] w=[0.1740] compute=1.82 ms ok
ds4: [t=+72676.0ms] req seq=1807 L22 k=1 ids=[21] w=[0.1283] compute=1.79 ms ok
ds4: [t=+72682.9ms] req seq=1808 L24 k=1 ids=[202] w=[0.2965] compute=1.82 ms ok
ds4: [t=+72719.4ms] req seq=1809 L38 k=1 ids=[142] w=[0.1721] compute=1.87 ms ok
ds4: [t=+72742.3ms] req seq=1810 L3 k=2 ids=[105,249] w=[0.2495,0.2213] compute=1.86 ms ok
ds4: [t=+72742.4ms] tok#169 done: 6 layer-reqs, 6 experts, compute 11.07 ms (1.85 ms/layer), wall 87.02 ms, errors=0, evict-hints=6 | cache: resident=3337/3337 slabs=3 wired=22.00 GiB mlock-fail=0 B hits=1810 misses=0 swaps=1809
ds4: [t=+72742.4ms] tok#169 experts: L18=[130] L19=[8] L20=[74] L22=[21] L24=[202] L38=[142]
ds4: [t=+72748.7ms] req seq=1811 L5 k=1 ids=[90] w=[0.1671] compute=1.85 ms ok
ds4: [t=+72759.2ms] req seq=1812 L9 k=1 ids=[90] w=[0.1220] compute=1.80 ms ok
ds4: [t=+72767.6ms] req seq=1813 L12 k=1 ids=[195] w=[0.2353] compute=1.83 ms ok
ds4: [t=+72774.1ms] req seq=1814 L13 k=1 ids=[122] w=[0.1337] compute=1.87 ms ok
ds4: [t=+72783.5ms] req seq=1815 L15 k=1 ids=[50] w=[0.1749] compute=1.87 ms ok
ds4: [t=+72790.7ms] req seq=1816 L17 k=1 ids=[28] w=[0.1596] compute=1.82 ms ok
ds4: [t=+72809.9ms] req seq=1817 L25 k=1 ids=[57] w=[0.0622] compute=1.88 ms ok
ds4: [t=+72873.7ms] req seq=1818 L4 k=1 ids=[231] w=[0.1482] compute=2.12 ms ok
ds4: [t=+72873.9ms] tok#170 done: 8 layer-reqs, 9 experts, compute 14.78 ms (1.85 ms/layer), wall 133.37 ms, errors=0, evict-hints=8 | cache: resident=3337/3337 slabs=3 wired=22.00 GiB mlock-fail=0 B hits=1818 misses=0 swaps=1817
ds4: [t=+72873.9ms] tok#170 experts: L3=[105,249] L5=[90] L9=[90] L12=[195] L13=[122] L15=[50] L17=[28] L25=[57]
ds4: [t=+72885.3ms] req seq=1819 L7 k=1 ids=[204] w=[0.2107] compute=1.90 ms ok
ds4: [t=+72901.7ms] req seq=1820 L14 k=1 ids=[206] w=[0.2065] compute=1.87 ms ok
ds4: [t=+72910.0ms] req seq=1821 L17 k=1 ids=[234] w=[0.2714] compute=1.80 ms ok
ds4: [t=+72917.7ms] req seq=1822 L19 k=1 ids=[212] w=[0.1686] compute=1.82 ms ok
ds4: [t=+72923.7ms] req seq=1823 L20 k=1 ids=[84] w=[0.1169] compute=1.82 ms ok
ds4: [t=+72929.6ms] req seq=1824 L21 k=1 ids=[210] w=[0.2764] compute=1.82 ms ok
ds4: [t=+72946.5ms] req seq=1825 L28 k=1 ids=[29] w=[0.2219] compute=1.88 ms ok
ds4: [t=+72992.8ms] req seq=1826 L3 k=2 ids=[31,27] w=[0.3106,0.1852] compute=2.08 ms ok
ds4: [t=+72992.9ms] tok#171 done: 8 layer-reqs, 8 experts, compute 15.02 ms (1.88 ms/layer), wall 121.23 ms, errors=0, evict-hints=8 | cache: resident=3337/3337 slabs=3 wired=22.00 GiB mlock-fail=0 B hits=1826 misses=0 swaps=1825
ds4: [t=+72992.9ms] tok#171 experts: L4=[231] L7=[204] L14=[206] L17=[234] L19=[212] L20=[84] L21=[210] L28=[29]
ds4: [t=+72998.8ms] req seq=1827 L4 k=1 ids=[44] w=[0.0988] compute=1.82 ms ok
ds4: [t=+73004.8ms] req seq=1828 L5 k=1 ids=[35] w=[0.4162] compute=1.81 ms ok
ds4: [t=+73010.8ms] req seq=1829 L6 k=1 ids=[64] w=[0.1478] compute=1.84 ms ok
ds4: [t=+73044.9ms] req seq=1830 L21 k=1 ids=[138] w=[0.1689] compute=1.88 ms ok
ds4: [t=+73050.7ms] req seq=1831 L22 k=1 ids=[42] w=[0.1475] compute=1.87 ms ok
ds4: [t=+73107.0ms] req seq=1832 L4 k=1 ids=[121] w=[0.1215] compute=1.98 ms ok
ds4: [t=+73107.1ms] tok#172 done: 6 layer-reqs, 7 experts, compute 11.30 ms (1.88 ms/layer), wall 116.37 ms, errors=0, evict-hints=6 | cache: resident=3337/3337 slabs=3 wired=22.00 GiB mlock-fail=0 B hits=1832 misses=0 swaps=1831
ds4: [t=+73107.1ms] tok#172 experts: L3=[31,27] L4=[44] L5=[35] L6=[64] L21=[138] L22=[42]
ds4: [t=+73116.1ms] req seq=1833 L6 k=1 ids=[102] w=[0.1474] compute=1.86 ms ok
ds4: [t=+73122.0ms] req seq=1834 L7 k=1 ids=[209] w=[0.2181] compute=1.86 ms ok
ds4: [t=+73137.6ms] req seq=1835 L12 k=1 ids=[235] w=[0.4845] compute=1.89 ms ok
ds4: [t=+73147.2ms] req seq=1836 L16 k=1 ids=[188] w=[0.1706] compute=1.83 ms ok
ds4: [t=+73154.7ms] req seq=1837 L19 k=1 ids=[13] w=[0.1354] compute=1.84 ms ok
ds4: [t=+73163.0ms] req seq=1838 L22 k=1 ids=[214] w=[0.1505] compute=1.84 ms ok
ds4: [t=+73183.8ms] req seq=1839 L30 k=1 ids=[211] w=[0.1477] compute=1.89 ms ok
ds4: [t=+73226.6ms] req seq=1840 L6 k=1 ids=[42] w=[0.2649] compute=2.08 ms ok
ds4: [t=+73226.7ms] tok#173 done: 8 layer-reqs, 8 experts, compute 14.99 ms (1.87 ms/layer), wall 121.67 ms, errors=0, evict-hints=8 | cache: resident=3337/3337 slabs=3 wired=22.00 GiB mlock-fail=0 B hits=1840 misses=0 swaps=1839
ds4: [t=+73226.7ms] tok#173 experts: L4=[121] L6=[102] L7=[209] L12=[235] L16=[188] L19=[13] L22=[214] L30=[211]
ds4: [t=+73233.9ms] req seq=1841 L8 k=2 ids=[212,207] w=[0.3298,0.1900] compute=1.89 ms ok
ds4: [t=+73240.1ms] req seq=1842 L9 k=1 ids=[34] w=[0.1468] compute=1.81 ms ok
ds4: [t=+73248.8ms] req seq=1843 L12 k=1 ids=[214] w=[0.2668] compute=1.77 ms ok
ds4: [t=+73254.9ms] req seq=1844 L13 k=1 ids=[151] w=[0.1195] compute=1.78 ms ok
ds4: [t=+73267.0ms] req seq=1845 L18 k=1 ids=[45] w=[0.2769] compute=1.90 ms ok
ds4: [t=+73274.7ms] req seq=1846 L21 k=1 ids=[228] w=[0.1592] compute=1.80 ms ok
ds4: [t=+73281.2ms] req seq=1847 L22 k=1 ids=[88] w=[0.1548] compute=1.82 ms ok
ds4: [t=+73318.4ms] req seq=1848 L35 k=1 ids=[171] w=[0.1455] compute=1.88 ms ok
ds4: [t=+73354.2ms] req seq=1849 L4 k=1 ids=[165] w=[0.0823] compute=1.88 ms ok
ds4: [t=+73354.3ms] tok#174 done: 9 layer-reqs, 10 experts, compute 16.72 ms (1.86 ms/layer), wall 129.82 ms, errors=0, evict-hints=9 | cache: resident=3337/3337 slabs=3 wired=22.00 GiB mlock-fail=0 B hits=1849 misses=0 swaps=1848
ds4: [t=+73354.4ms] tok#174 experts: L6=[42] L8=[212,207] L9=[34] L12=[214] L13=[151] L18=[45] L21=[228] L22=[88] L35=[171]
ds4: [t=+73443.5ms] req seq=1850 L2 k=1 ids=[23] w=[0.2427] compute=2.08 ms ok
ds4: [t=+73443.6ms] tok#175 done: 1 layer-reqs, 1 experts, compute 1.88 ms (1.88 ms/layer), wall 91.21 ms, errors=0, evict-hints=1 | cache: resident=3337/3337 slabs=3 wired=22.00 GiB mlock-fail=0 B hits=1850 misses=0 swaps=1849
ds4: [t=+73443.6ms] tok#175 experts: L4=[165]
ds4: [t=+73455.6ms] req seq=1851 L6 k=1 ids=[83] w=[0.0907] compute=1.88 ms ok
ds4: [t=+73461.6ms] req seq=1852 L7 k=1 ids=[182] w=[0.3069] compute=1.81 ms ok
ds4: [t=+73484.9ms] req seq=1853 L14 k=1 ids=[225] w=[0.1521] compute=1.92 ms ok
ds4: [t=+73490.8ms] req seq=1854 L15 k=1 ids=[83] w=[0.1608] compute=1.81 ms ok
ds4: [t=+73500.0ms] req seq=1855 L18 k=2 ids=[125,211] w=[0.3181,0.1977] compute=1.88 ms ok
ds4: [t=+73506.3ms] req seq=1856 L19 k=1 ids=[66] w=[0.1017] compute=1.80 ms ok
ds4: [t=+73516.4ms] req seq=1857 L21 k=2 ids=[172,133] w=[0.5073,0.1231] compute=1.90 ms ok
ds4: [t=+73522.9ms] req seq=1858 L22 k=1 ids=[250] w=[0.2395] compute=1.81 ms ok
ds4: [t=+73528.8ms] req seq=1859 L23 k=1 ids=[23] w=[0.1577] compute=1.76 ms ok
ds4: [t=+73539.1ms] req seq=1860 L25 k=1 ids=[68] w=[0.1191] compute=1.85 ms ok
ds4: [t=+73556.0ms] req seq=1861 L29 k=1 ids=[130] w=[0.1637] compute=1.87 ms ok
ds4: [t=+73563.2ms] req seq=1862 L31 k=1 ids=[250] w=[0.1125] compute=1.77 ms ok
ds4: [t=+73576.8ms] req seq=1863 L35 k=1 ids=[88] w=[0.1075] compute=1.84 ms ok
ds4: [t=+73586.7ms] req seq=1864 L37 k=2 ids=[170,143] w=[0.4388,0.1679] compute=1.87 ms ok
ds4: [t=+73594.5ms] req seq=1865 L39 k=1 ids=[149] w=[0.0905] compute=1.81 ms ok
ds4: [t=+73628.3ms] req seq=1866 L6 k=1 ids=[7] w=[0.1829] compute=1.92 ms ok
ds4: [t=+73628.4ms] tok#176 done: 16 layer-reqs, 19 experts, compute 29.66 ms (1.85 ms/layer), wall 187.00 ms, errors=0, evict-hints=16 | cache: resident=3337/3337 slabs=3 wired=22.00 GiB mlock-fail=0 B hits=1866 misses=0 swaps=1865
ds4: [t=+73628.4ms] tok#176 experts: L2=[23] L6=[83] L7=[182] L14=[225] L15=[83] L18=[125,211] L19=[66] L21=[172,133] L22=[250] L23=[23] L25=[68] L29=[130] L31=[250] L35=[88] L37=[170,143] L39=[149]
ds4: [t=+73640.3ms] req seq=1867 L10 k=1 ids=[208] w=[0.1097] compute=1.89 ms ok
ds4: [t=+73665.4ms] req seq=1868 L18 k=1 ids=[211] w=[0.2622] compute=1.62 ms ok
ds4: [t=+73675.2ms] req seq=1869 L20 k=1 ids=[64] w=[0.1898] compute=1.44 ms ok
ds4: [t=+73685.5ms] req seq=1870 L23 k=1 ids=[104] w=[0.2015] compute=1.47 ms ok
ds4: [t=+73704.3ms] req seq=1871 L29 k=1 ids=[153] w=[0.2213] compute=1.52 ms ok
ds4: [t=+73718.1ms] req seq=1872 L34 k=1 ids=[20] w=[0.1753] compute=1.59 ms ok
ds4: [t=+73724.0ms] req seq=1873 L35 k=1 ids=[29] w=[0.1920] compute=1.50 ms ok
ds4: [t=+73772.6ms] req seq=1874 L9 k=1 ids=[30] w=[0.1118] compute=1.84 ms ok
ds4: [t=+73772.8ms] tok#177 done: 8 layer-reqs, 8 experts, compute 12.95 ms (1.62 ms/layer), wall 146.38 ms, errors=0, evict-hints=8 | cache: resident=3337/3337 slabs=3 wired=22.00 GiB mlock-fail=0 B hits=1874 misses=0 swaps=1873
ds4: [t=+73772.8ms] tok#177 experts: L6=[7] L10=[208] L18=[211] L20=[64] L23=[104] L29=[153] L34=[20] L35=[29]
ds4: [t=+73787.7ms] req seq=1875 L14 k=1 ids=[133] w=[0.1640] compute=1.63 ms ok
ds4: [t=+73793.1ms] req seq=1876 L15 k=1 ids=[4] w=[0.1098] compute=1.54 ms ok
ds4: [t=+73813.2ms] req seq=1877 L22 k=1 ids=[12] w=[0.1119] compute=1.63 ms ok
ds4: [t=+73852.9ms] req seq=1878 L38 k=1 ids=[59] w=[0.1400] compute=1.79 ms ok
ds4: [t=+73884.4ms] req seq=1879 L7 k=1 ids=[148] w=[0.1680] compute=1.90 ms ok
ds4: [t=+73884.5ms] tok#178 done: 5 layer-reqs, 5 experts, compute 8.44 ms (1.69 ms/layer), wall 113.71 ms, errors=0, evict-hints=5 | cache: resident=3337/3337 slabs=3 wired=22.00 GiB mlock-fail=0 B hits=1879 misses=0 swaps=1878
ds4: [t=+73884.5ms] tok#178 experts: L9=[30] L14=[133] L15=[4] L22=[12] L38=[59]
ds4: [t=+73903.2ms] req seq=1880 L16 k=1 ids=[170] w=[0.2057] compute=1.91 ms ok
ds4: [t=+73912.0ms] req seq=1881 L20 k=1 ids=[36] w=[0.1533] compute=1.72 ms ok
ds4: [t=+73918.4ms] req seq=1882 L22 k=1 ids=[75] w=[0.2533] compute=1.83 ms ok
ds4: [t=+73977.4ms] req seq=1883 L4 k=1 ids=[4] w=[0.1375] compute=2.06 ms ok
ds4: [t=+73977.5ms] tok#179 done: 4 layer-reqs, 4 experts, compute 7.36 ms (1.84 ms/layer), wall 94.96 ms, errors=0, evict-hints=4 | cache: resident=3337/3337 slabs=3 wired=22.00 GiB mlock-fail=0 B hits=1883 misses=0 swaps=1882
ds4: [t=+73977.5ms] tok#179 experts: L7=[148] L16=[170] L20=[36] L22=[75]
ds4: [t=+73985.7ms] req seq=1884 L7 k=1 ids=[39] w=[0.2154] compute=1.88 ms ok
ds4: [t=+73991.7ms] req seq=1885 L8 k=1 ids=[62] w=[0.0670] compute=1.85 ms ok
ds4: [t=+74005.0ms] req seq=1886 L11 k=2 ids=[253,48] w=[0.2452,0.1400] compute=1.92 ms ok
ds4: [t=+74011.5ms] req seq=1887 L12 k=1 ids=[63] w=[0.1260] compute=1.84 ms ok
ds4: [t=+74017.4ms] req seq=1888 L13 k=1 ids=[90] w=[0.2128] compute=1.85 ms ok
ds4: [t=+74045.0ms] req seq=1889 L25 k=1 ids=[72] w=[0.0919] compute=1.89 ms ok
ds4: [t=+74101.3ms] req seq=1890 L4 k=2 ids=[251,245] w=[0.1117,0.0946] compute=2.09 ms ok
ds4: [t=+74101.4ms] tok#180 done: 7 layer-reqs, 8 experts, compute 13.30 ms (1.90 ms/layer), wall 126.04 ms, errors=0, evict-hints=7 | cache: resident=3337/3337 slabs=3 wired=22.00 GiB mlock-fail=0 B hits=1890 misses=0 swaps=1889
ds4: [t=+74101.4ms] tok#180 experts: L4=[4] L7=[39] L8=[62] L11=[253,48] L12=[63] L13=[90] L25=[72]
ds4: [t=+74108.0ms] req seq=1891 L5 k=1 ids=[67] w=[0.1097] compute=1.85 ms ok
ds4: [t=+74117.7ms] req seq=1892 L8 k=1 ids=[174] w=[0.1246] compute=1.89 ms ok
ds4: [t=+74147.7ms] req seq=1893 L22 k=1 ids=[16] w=[0.1431] compute=1.89 ms ok
ds4: [t=+74153.8ms] req seq=1894 L23 k=1 ids=[71] w=[0.1297] compute=1.86 ms ok
ds4: [t=+74159.7ms] req seq=1895 L24 k=1 ids=[246] w=[0.1507] compute=1.87 ms ok
ds4: [t=+74174.0ms] req seq=1896 L29 k=1 ids=[43] w=[0.1124] compute=1.91 ms ok
ds4: [t=+74227.1ms] req seq=1897 L8 k=1 ids=[142] w=[0.1006] compute=1.93 ms ok
ds4: [t=+74227.2ms] tok#181 done: 7 layer-reqs, 8 experts, compute 13.36 ms (1.91 ms/layer), wall 128.03 ms, errors=0, evict-hints=7 | cache: resident=3337/3337 slabs=3 wired=22.00 GiB mlock-fail=0 B hits=1897 misses=0 swaps=1896
ds4: [t=+74227.3ms] tok#181 experts: L4=[251,245] L5=[67] L8=[174] L22=[16] L23=[71] L24=[246] L29=[43]
ds4: [t=+74235.3ms] req seq=1898 L11 k=1 ids=[141] w=[0.4022] compute=1.89 ms ok
ds4: [t=+74242.2ms] req seq=1899 L13 k=1 ids=[174] w=[0.2031] compute=1.78 ms ok
ds4: [t=+74248.4ms] req seq=1900 L15 k=1 ids=[244] w=[0.3033] compute=1.78 ms ok
ds4: [t=+74258.9ms] req seq=1901 L18 k=1 ids=[28] w=[0.2910] compute=1.83 ms ok
ds4: [t=+74265.3ms] req seq=1902 L19 k=1 ids=[196] w=[0.1301] compute=1.83 ms ok
ds4: [t=+74271.6ms] req seq=1903 L20 k=2 ids=[255,180] w=[0.4308,0.1517] compute=1.80 ms ok
ds4: [t=+74331.7ms] req seq=1904 L3 k=1 ids=[24] w=[0.1695] compute=2.10 ms ok
ds4: [t=+74331.9ms] tok#182 done: 7 layer-reqs, 8 experts, compute 12.83 ms (1.83 ms/layer), wall 106.65 ms, errors=0, evict-hints=7 | cache: resident=3337/3337 slabs=3 wired=22.00 GiB mlock-fail=0 B hits=1904 misses=0 swaps=1903
ds4: [t=+74331.9ms] tok#182 experts: L8=[142] L11=[141] L13=[174] L15=[244] L18=[28] L19=[196] L20=[255,180]
ds4: [t=+74338.3ms] req seq=1905 L5 k=1 ids=[160] w=[0.2278] compute=1.47 ms ok
ds4: [t=+74349.8ms] req seq=1906 L10 k=1 ids=[56] w=[0.1101] compute=1.62 ms ok
ds4: [t=+74359.3ms] req seq=1907 L14 k=1 ids=[200] w=[0.1347] compute=1.44 ms ok
ds4: [t=+74364.9ms] req seq=1908 L15 k=3 ids=[100,212,122] w=[0.3097,0.2432,0.1634] compute=1.55 ms ok
ds4: [t=+74371.2ms] req seq=1909 L16 k=1 ids=[131] w=[0.2316] compute=1.48 ms ok
ds4: [t=+74377.3ms] req seq=1910 L17 k=1 ids=[221] w=[0.2333] compute=1.46 ms ok
ds4: [t=+74385.0ms] req seq=1911 L20 k=1 ids=[213] w=[0.3455] compute=1.60 ms ok
ds4: [t=+74390.5ms] req seq=1912 L22 k=2 ids=[105,73] w=[0.3088,0.1263] compute=1.55 ms ok
ds4: [t=+74416.5ms] req seq=1913 L33 k=1 ids=[160] w=[0.2998] compute=1.62 ms ok
ds4: [t=+74430.5ms] req seq=1914 L37 k=1 ids=[102] w=[0.1856] compute=1.46 ms ok
ds4: [t=+74457.9ms] req seq=1915 L4 k=1 ids=[249] w=[0.4512] compute=1.59 ms ok
ds4: [t=+74458.0ms] tok#183 done: 11 layer-reqs, 14 experts, compute 17.35 ms (1.58 ms/layer), wall 128.32 ms, errors=0, evict-hints=11 | cache: resident=3337/3337 slabs=3 wired=22.00 GiB mlock-fail=0 B hits=1915 misses=0 swaps=1914
ds4: [t=+74458.0ms] tok#183 experts: L3=[24] L5=[160] L10=[56] L14=[200] L15=[100,212,122] L16=[131] L17=[221] L20=[213] L22=[105,73] L33=[160] L37=[102]
ds4: [t=+74467.2ms] req seq=1916 L7 k=2 ids=[196,43] w=[0.4224,0.1805] compute=1.72 ms ok
ds4: [t=+74476.9ms] req seq=1917 L10 k=2 ids=[149,178] w=[0.5028,0.0881] compute=1.54 ms ok
ds4: [t=+74487.0ms] req seq=1918 L13 k=1 ids=[103] w=[0.1949] compute=1.74 ms ok
ds4: [t=+74493.1ms] req seq=1919 L14 k=2 ids=[47,20] w=[0.3584,0.1367] compute=1.70 ms ok
ds4: [t=+74503.5ms] req seq=1920 L18 k=2 ids=[128,8] w=[0.2949,0.1599] compute=1.76 ms ok
ds4: [t=+74509.2ms] req seq=1921 L19 k=2 ids=[202,47] w=[0.4043,0.3077] compute=1.71 ms ok
ds4: [t=+74517.0ms] req seq=1922 L22 k=1 ids=[10] w=[0.2255] compute=1.86 ms ok
ds4: [t=+74560.4ms] req seq=1923 L39 k=1 ids=[181] w=[0.4779] compute=2.13 ms ok
ds4: [t=+74595.2ms] req seq=1924 L11 k=1 ids=[197] w=[0.1416] compute=1.88 ms ok
ds4: [t=+74595.3ms] tok#184 done: 9 layer-reqs, 14 experts, compute 15.75 ms (1.75 ms/layer), wall 138.99 ms, errors=0, evict-hints=9 | cache: resident=3337/3337 slabs=3 wired=22.00 GiB mlock-fail=0 B hits=1924 misses=0 swaps=1923
ds4: [t=+74595.3ms] tok#184 experts: L4=[249] L7=[196,43] L10=[149,178] L13=[103] L14=[47,20] L18=[128,8] L19=[202,47] L22=[10] L39=[181]
ds4: [t=+74606.0ms] req seq=1925 L15 k=1 ids=[136] w=[0.1252] compute=1.88 ms ok
ds4: [t=+74667.2ms] req seq=1926 L3 k=1 ids=[248] w=[0.1473] compute=2.05 ms ok
ds4: [t=+74667.3ms] tok#185 done: 2 layer-reqs, 2 experts, compute 3.76 ms (1.88 ms/layer), wall 73.97 ms, errors=0, evict-hints=2 | cache: resident=3337/3337 slabs=3 wired=22.00 GiB mlock-fail=0 B hits=1926 misses=0 swaps=1925
ds4: [t=+74667.3ms] tok#185 experts: L11=[197] L15=[136]
ds4: [t=+74685.8ms] req seq=1927 L11 k=1 ids=[30] w=[0.2322] compute=1.87 ms ok
ds4: [t=+74697.8ms] req seq=1928 L15 k=2 ids=[106,12] w=[0.1442,0.1479] compute=1.83 ms ok
ds4: [t=+74712.6ms] req seq=1929 L19 k=1 ids=[217] w=[0.1392] compute=1.89 ms ok
ds4: [t=+74728.1ms] req seq=1930 L24 k=2 ids=[70,92] w=[0.1504,0.1065] compute=1.89 ms ok
ds4: [t=+74759.7ms] req seq=1931 L35 k=1 ids=[47] w=[0.1365] compute=1.93 ms ok
ds4: [t=+74786.4ms] req seq=1932 L3 k=1 ids=[220] w=[0.3661] compute=1.86 ms ok
ds4: [t=+74786.5ms] tok#186 done: 6 layer-reqs, 8 experts, compute 11.46 ms (1.91 ms/layer), wall 121.31 ms, errors=0, evict-hints=6 | cache: resident=3337/3337 slabs=3 wired=22.00 GiB mlock-fail=0 B hits=1932 misses=0 swaps=1931
ds4: [t=+74786.5ms] tok#186 experts: L3=[248] L11=[30] L15=[106,12] L19=[217] L24=[70,92] L35=[47]
ds4: [t=+74793.8ms] req seq=1933 L5 k=1 ids=[51] w=[0.2974] compute=1.83 ms ok
ds4: [t=+74799.9ms] req seq=1934 L6 k=1 ids=[238] w=[0.1415] compute=1.87 ms ok
ds4: [t=+74806.1ms] req seq=1935 L8 k=1 ids=[148] w=[0.1500] compute=1.81 ms ok
ds4: [t=+74812.3ms] req seq=1936 L9 k=1 ids=[149] w=[0.3180] compute=1.85 ms ok
ds4: [t=+74818.3ms] req seq=1937 L10 k=2 ids=[155,46] w=[0.3295,0.1893] compute=1.81 ms ok
ds4: [t=+74826.8ms] req seq=1938 L12 k=1 ids=[60] w=[0.1030] compute=1.78 ms ok
ds4: [t=+74836.5ms] req seq=1939 L15 k=1 ids=[147] w=[0.1707] compute=1.78 ms ok
ds4: [t=+74842.9ms] req seq=1940 L17 k=1 ids=[125] w=[0.2279] compute=1.77 ms ok
ds4: [t=+74850.0ms] req seq=1941 L19 k=1 ids=[239] w=[0.1756] compute=1.87 ms ok
ds4: [t=+74856.4ms] req seq=1942 L21 k=1 ids=[170] w=[0.2174] compute=1.82 ms ok
ds4: [t=+74862.4ms] req seq=1943 L22 k=1 ids=[255] w=[0.1344] compute=1.80 ms ok
ds4: [t=+74872.1ms] req seq=1944 L24 k=2 ids=[98,83] w=[0.1651,0.1580] compute=1.87 ms ok
ds4: [t=+74895.9ms] req seq=1945 L28 k=2 ids=[69,238] w=[0.2570,0.1074] compute=1.89 ms ok
ds4: [t=+74903.0ms] req seq=1946 L29 k=1 ids=[7] w=[0.1119] compute=1.84 ms ok
ds4: [t=+74931.8ms] req seq=1947 L39 k=1 ids=[6] w=[0.1541] compute=1.78 ms ok
ds4: [t=+74964.2ms] req seq=1948 L5 k=1 ids=[31] w=[0.1416] compute=1.59 ms ok
ds4: [t=+74964.3ms] tok#187 done: 16 layer-reqs, 19 experts, compute 29.23 ms (1.83 ms/layer), wall 179.79 ms, errors=0, evict-hints=16 | cache: resident=3337/3337 slabs=3 wired=22.00 GiB mlock-fail=0 B hits=1948 misses=0 swaps=1947
ds4: [t=+74964.4ms] tok#187 experts: L3=[220] L5=[51] L6=[238] L8=[148] L9=[149] L10=[155,46] L12=[60] L15=[147] L17=[125] L19=[239] L21=[170] L22=[255] L24=[98,83] L28=[69,238] L29=[7] L39=[6]
ds4: [t=+74970.1ms] req seq=1949 L6 k=1 ids=[229] w=[0.2709] compute=1.54 ms ok
ds4: [t=+74988.2ms] req seq=1950 L12 k=1 ids=[8] w=[0.1882] compute=1.63 ms ok
ds4: [t=+75001.6ms] req seq=1951 L17 k=1 ids=[179] w=[0.1298] compute=1.62 ms ok
ds4: [t=+75015.5ms] req seq=1952 L22 k=2 ids=[149,67] w=[0.2894,0.1652] compute=1.72 ms ok
ds4: [t=+75035.8ms] req seq=1953 L29 k=2 ids=[32,224] w=[0.2135,0.1900] compute=1.79 ms ok
ds4: [t=+75086.2ms] req seq=1954 L4 k=1 ids=[130] w=[0.0985] compute=2.00 ms ok
ds4: [t=+75086.3ms] tok#188 done: 6 layer-reqs, 8 experts, compute 9.89 ms (1.65 ms/layer), wall 123.62 ms, errors=0, evict-hints=6 | cache: resident=3337/3337 slabs=3 wired=22.00 GiB mlock-fail=0 B hits=1954 misses=0 swaps=1953
ds4: [t=+75086.3ms] tok#188 experts: L5=[31] L6=[229] L12=[8] L17=[179] L22=[149,67] L29=[32,224]
ds4: [t=+75096.3ms] req seq=1955 L7 k=1 ids=[47] w=[0.3353] compute=1.50 ms ok
ds4: [t=+75118.1ms] req seq=1956 L18 k=1 ids=[187] w=[0.1079] compute=1.84 ms ok
ds4: [t=+75124.1ms] req seq=1957 L20 k=1 ids=[77] w=[0.3779] compute=1.69 ms ok
ds4: [t=+75130.3ms] req seq=1958 L22 k=2 ids=[175,14] w=[0.1458,0.1460] compute=1.71 ms ok
ds4: [t=+75136.6ms] req seq=1959 L23 k=1 ids=[7] w=[0.1045] compute=1.86 ms ok
ds4: [t=+75185.8ms] req seq=1960 L5 k=1 ids=[8] w=[0.0960] compute=2.11 ms ok
ds4: [t=+75185.9ms] tok#189 done: 6 layer-reqs, 7 experts, compute 10.60 ms (1.77 ms/layer), wall 101.69 ms, errors=0, evict-hints=6 | cache: resident=3337/3337 slabs=3 wired=22.00 GiB mlock-fail=0 B hits=1960 misses=0 swaps=1959
ds4: [t=+75185.9ms] tok#189 experts: L4=[130] L7=[47] L18=[187] L20=[77] L22=[175,14] L23=[7]
ds4: [t=+75204.5ms] req seq=1961 L12 k=1 ids=[221] w=[0.1629] compute=1.89 ms ok
ds4: [t=+75212.2ms] req seq=1962 L15 k=1 ids=[122] w=[0.2477] compute=1.84 ms ok
ds4: [t=+75224.5ms] req seq=1963 L21 k=1 ids=[26] w=[0.1111] compute=1.88 ms ok
ds4: [t=+75231.1ms] req seq=1964 L23 k=1 ids=[246] w=[0.1109] compute=1.83 ms ok
ds4: [t=+75290.0ms] req seq=1965 L7 k=1 ids=[64] w=[0.0996] compute=2.11 ms ok
ds4: [t=+75290.1ms] tok#190 done: 5 layer-reqs, 5 experts, compute 9.55 ms (1.91 ms/layer), wall 106.38 ms, errors=0, evict-hints=5 | cache: resident=3337/3337 slabs=3 wired=22.00 GiB mlock-fail=0 B hits=1965 misses=0 swaps=1964
ds4: [t=+75290.1ms] tok#190 experts: L5=[8] L12=[221] L15=[122] L21=[26] L23=[246]
ds4: [t=+75311.2ms] req seq=1966 L17 k=1 ids=[106] w=[0.1803] compute=1.87 ms ok
ds4: [t=+75365.3ms] req seq=1967 L3 k=1 ids=[51] w=[0.4034] compute=1.71 ms ok
ds4: [t=+75365.4ms] tok#191 done: 2 layer-reqs, 2 experts, compute 3.98 ms (1.99 ms/layer), wall 77.49 ms, errors=0, evict-hints=2 | cache: resident=3337/3337 slabs=3 wired=22.00 GiB mlock-fail=0 B hits=1967 misses=0 swaps=1966
ds4: [t=+75365.4ms] tok#191 experts: L7=[64] L17=[106]
ds4: [t=+75373.1ms] req seq=1968 L6 k=1 ids=[191] w=[0.1092] compute=1.44 ms ok
ds4: [t=+75378.9ms] req seq=1969 L7 k=1 ids=[42] w=[0.1115] compute=1.44 ms ok
ds4: [t=+75385.0ms] req seq=1970 L8 k=1 ids=[188] w=[0.1594] compute=1.49 ms ok
ds4: [t=+75391.3ms] req seq=1971 L10 k=1 ids=[154] w=[0.1335] compute=1.46 ms ok
ds4: [t=+75401.7ms] req seq=1972 L14 k=1 ids=[236] w=[0.1455] compute=1.60 ms ok
ds4: [t=+75412.0ms] req seq=1973 L19 k=1 ids=[182] w=[0.2076] compute=1.51 ms ok
ds4: [t=+75420.0ms] req seq=1974 L22 k=2 ids=[40,78] w=[0.1635,0.1483] compute=1.59 ms ok
ds4: [t=+75428.6ms] req seq=1975 L25 k=1 ids=[234] w=[0.1022] compute=1.44 ms ok
ds4: [t=+75440.8ms] req seq=1976 L29 k=1 ids=[136] w=[0.1774] compute=1.58 ms ok
ds4: [t=+75465.5ms] req seq=1977 L37 k=1 ids=[213] w=[0.1875] compute=1.75 ms ok
ds4: [t=+75480.8ms] req seq=1978 L41 k=1 ids=[89] w=[0.2994] compute=1.56 ms ok
ds4: [t=+75497.8ms] req seq=1979 L4 k=1 ids=[209] w=[0.1636] compute=1.60 ms ok
ds4: [t=+75497.9ms] tok#192 done: 12 layer-reqs, 13 experts, compute 18.58 ms (1.55 ms/layer), wall 134.31 ms, errors=0, evict-hints=12 | cache: resident=3337/3337 slabs=3 wired=22.00 GiB mlock-fail=0 B hits=1979 misses=0 swaps=1978
ds4: [t=+75497.9ms] tok#192 experts: L3=[51] L6=[191] L7=[42] L8=[188] L10=[154] L14=[236] L19=[182] L22=[40,78] L25=[234] L29=[136] L37=[213] L41=[89]
ds4: [t=+75505.0ms] req seq=1980 L7 k=1 ids=[43] w=[0.2452] compute=1.79 ms ok
ds4: [t=+75512.3ms] req seq=1981 L9 k=1 ids=[128] w=[0.3915] compute=1.67 ms ok
ds4: [t=+75518.6ms] req seq=1982 L10 k=1 ids=[85] w=[0.2794] compute=1.88 ms ok
ds4: [t=+75524.6ms] req seq=1983 L11 k=2 ids=[84,191] w=[0.1958,0.1815] compute=1.86 ms ok
ds4: [t=+75536.6ms] req seq=1984 L16 k=1 ids=[102] w=[0.1628] compute=1.89 ms ok
ds4: [t=+75547.0ms] req seq=1985 L19 k=1 ids=[47] w=[0.2771] compute=1.84 ms ok
ds4: [t=+75557.1ms] req seq=1986 L22 k=1 ids=[171] w=[0.1736] compute=1.87 ms ok
ds4: [t=+75581.9ms] req seq=1987 L29 k=1 ids=[212] w=[0.1821] compute=1.82 ms ok
ds4: [t=+75640.9ms] req seq=1988 L7 k=1 ids=[248] w=[0.4777] compute=1.56 ms ok
ds4: [t=+75641.0ms] tok#193 done: 9 layer-reqs, 10 experts, compute 16.20 ms (1.80 ms/layer), wall 144.76 ms, errors=0, evict-hints=9 | cache: resident=3337/3337 slabs=3 wired=22.00 GiB mlock-fail=0 B hits=1988 misses=0 swaps=1987
ds4: [t=+75641.0ms] tok#193 experts: L4=[209] L7=[43] L9=[128] L10=[85] L11=[84,191] L16=[102] L19=[47] L22=[171] L29=[212]
ds4: [t=+75648.1ms] req seq=1989 L10 k=1 ids=[210] w=[0.2398] compute=1.49 ms ok
ds4: [t=+75654.1ms] req seq=1990 L11 k=1 ids=[218] w=[0.1197] compute=1.43 ms ok
ds4: [t=+75660.8ms] req seq=1991 L13 k=1 ids=[139] w=[0.1372] compute=1.38 ms ok
ds4: [t=+75666.5ms] req seq=1992 L14 k=2 ids=[142,168] w=[0.1761,0.1631] compute=1.53 ms ok
ds4: [t=+75675.2ms] req seq=1993 L17 k=1 ids=[76] w=[0.1437] compute=1.38 ms ok
ds4: [t=+75749.5ms] req seq=1994 L7 k=1 ids=[75] w=[0.1466] compute=1.80 ms ok
ds4: [t=+75749.6ms] tok#194 done: 6 layer-reqs, 7 experts, compute 8.78 ms (1.46 ms/layer), wall 110.28 ms, errors=0, evict-hints=6 | cache: resident=3337/3337 slabs=3 wired=22.00 GiB mlock-fail=0 B hits=1994 misses=0 swaps=1993
ds4: [t=+75749.7ms] tok#194 experts: L7=[248] L10=[210] L11=[218] L13=[139] L14=[142,168] L17=[76]
ds4: [t=+75756.7ms] req seq=1995 L9 k=3 ids=[140,216,76] w=[0.4202,0.0962,0.0889] compute=1.50 ms ok
ds4: [t=+75763.8ms] req seq=1996 L11 k=1 ids=[118] w=[0.1040] compute=1.41 ms ok
ds4: [t=+75771.1ms] req seq=1997 L14 k=1 ids=[175] w=[0.1678] compute=1.54 ms ok
ds4: [t=+75777.6ms] req seq=1998 L16 k=1 ids=[127] w=[0.2436] compute=1.52 ms ok
ds4: [t=+75783.1ms] req seq=1999 L17 k=1 ids=[127] w=[0.2588] compute=1.74 ms ok
ds4: [t=+75788.9ms] req seq=2000 L18 k=1 ids=[145] w=[0.1675] compute=1.54 ms ok
ds4: [t=+75796.3ms] req seq=2001 L21 k=1 ids=[115] w=[0.1968] compute=1.62 ms ok
ds4: [t=+75819.5ms] req seq=2002 L31 k=1 ids=[246] w=[0.2142] compute=1.79 ms ok
ds4: [t=+75857.5ms] req seq=2003 L4 k=2 ids=[75,138] w=[0.1542,0.1530] compute=1.75 ms ok
ds4: [t=+75857.6ms] tok#195 done: 9 layer-reqs, 11 experts, compute 14.46 ms (1.61 ms/layer), wall 109.85 ms, errors=0, evict-hints=9 | cache: resident=3337/3337 slabs=3 wired=22.00 GiB mlock-fail=0 B hits=2003 misses=0 swaps=2002
ds4: [t=+75857.6ms] tok#195 experts: L7=[75] L9=[140,216,76] L11=[118] L14=[175] L16=[127] L17=[127] L18=[145] L21=[115] L31=[246]
ds4: [t=+75864.1ms] req seq=2004 L5 k=1 ids=[123] w=[0.1396] compute=1.78 ms ok
ds4: [t=+75870.5ms] req seq=2005 L7 k=1 ids=[233] w=[0.2004] compute=1.82 ms ok
ds4: [t=+75892.2ms] req seq=2006 L17 k=1 ids=[210] w=[0.1801] compute=1.92 ms ok
ds4: [t=+75902.9ms] req seq=2007 L21 k=1 ids=[72] w=[0.1564] compute=1.94 ms ok
ds4: [t=+75930.2ms] req seq=2008 L36 k=1 ids=[191] w=[0.1405] compute=1.87 ms ok
ds4: [t=+75948.3ms] req seq=2009 L0 k=1 ids=[70] w=[0.1988] compute=1.84 ms ok
ds4: [t=+75948.4ms] tok#196 done: 6 layer-reqs, 7 experts, compute 11.08 ms (1.85 ms/layer), wall 92.64 ms, errors=0, evict-hints=6 | cache: resident=3337/3337 slabs=3 wired=22.00 GiB mlock-fail=0 B hits=2009 misses=0 swaps=2008
ds4: [t=+75948.4ms] tok#196 experts: L4=[75,138] L5=[123] L7=[233] L17=[210] L21=[72] L36=[191]
ds4: [t=+75963.3ms] req seq=2010 L7 k=1 ids=[73] w=[0.4454] compute=1.47 ms ok
ds4: [t=+75970.9ms] req seq=2011 L10 k=2 ids=[12,81] w=[0.3538,0.1885] compute=1.49 ms ok
ds4: [t=+75981.4ms] req seq=2012 L15 k=1 ids=[84] w=[0.1829] compute=1.49 ms ok
ds4: [t=+75991.6ms] req seq=2013 L20 k=1 ids=[145] w=[0.2035] compute=1.54 ms ok
ds4: [t=+75997.4ms] req seq=2014 L21 k=1 ids=[135] w=[0.1642] compute=1.46 ms ok
ds4: [t=+76028.4ms] req seq=2015 L34 k=1 ids=[129] w=[0.1431] compute=1.54 ms ok
ds4: [t=+76075.6ms] req seq=2016 L10 k=1 ids=[9] w=[0.1500] compute=1.80 ms ok
ds4: [t=+76075.8ms] tok#197 done: 7 layer-reqs, 8 experts, compute 10.83 ms (1.55 ms/layer), wall 129.27 ms, errors=0, evict-hints=7 | cache: resident=3337/3337 slabs=3 wired=22.00 GiB mlock-fail=0 B hits=2016 misses=0 swaps=2015
ds4: [t=+76075.8ms] tok#197 experts: L0=[70] L7=[73] L10=[12,81] L15=[84] L20=[145] L21=[135] L34=[129]
ds4: [t=+76081.6ms] req seq=2017 L11 k=1 ids=[58] w=[0.1819] compute=1.45 ms ok
ds4: [t=+76089.4ms] req seq=2018 L14 k=1 ids=[11] w=[0.1605] compute=1.50 ms ok
ds4: [t=+76095.2ms] req seq=2019 L16 k=2 ids=[166,171] w=[0.2811,0.2303] compute=1.52 ms ok
ds4: [t=+76107.8ms] req seq=2020 L22 k=1 ids=[144] w=[0.1955] compute=1.68 ms ok
ds4: [t=+76116.6ms] req seq=2021 L25 k=1 ids=[148] w=[0.1254] compute=1.74 ms ok
ds4: [t=+76135.8ms] req seq=2022 L34 k=1 ids=[25] w=[0.1214] compute=1.78 ms ok
ds4: [t=+76168.7ms] req seq=2023 L3 k=2 ids=[230,142] w=[0.1020,0.0942] compute=1.95 ms ok
ds4: [t=+76168.8ms] tok#198 done: 7 layer-reqs, 8 experts, compute 11.47 ms (1.64 ms/layer), wall 95.02 ms, errors=0, evict-hints=7 | cache: resident=3337/3337 slabs=3 wired=22.00 GiB mlock-fail=0 B hits=2023 misses=0 swaps=2022
ds4: [t=+76168.9ms] tok#198 experts: L10=[9] L11=[58] L14=[11] L16=[166,171] L22=[144] L25=[148] L34=[25]
ds4: [t=+76179.3ms] req seq=2024 L6 k=1 ids=[207] w=[0.1753] compute=1.72 ms ok
ds4: [t=+76185.8ms] req seq=2025 L7 k=1 ids=[102] w=[0.1025] compute=1.86 ms ok
ds4: [t=+76217.7ms] req seq=2026 L22 k=1 ids=[17] w=[0.3229] compute=1.87 ms ok
ds4: [t=+76223.9ms] req seq=2027 L24 k=1 ids=[136] w=[0.2064] compute=1.81 ms ok
ds4: [t=+76256.0ms] req seq=2028 L41 k=1 ids=[117] w=[0.2629] compute=1.92 ms ok
ds4: [t=+76285.6ms] req seq=2029 L7 k=1 ids=[103] w=[0.2612] compute=1.89 ms ok
ds4: [t=+76285.7ms] tok#199 done: 6 layer-reqs, 7 experts, compute 11.14 ms (1.86 ms/layer), wall 118.92 ms, errors=0, evict-hints=6 | cache: resident=3337/3337 slabs=3 wired=22.00 GiB mlock-fail=0 B hits=2029 misses=0 swaps=2028
ds4: [t=+76285.8ms] tok#199 experts: L3=[230,142] L6=[207] L7=[102] L22=[17] L24=[136] L41=[117]
ds4: [t=+76291.8ms] req seq=2030 L9 k=1 ids=[36] w=[0.1712] compute=1.84 ms ok
ds4: [t=+76298.2ms] req seq=2031 L10 k=2 ids=[163,17] w=[0.3393,0.1280] compute=1.89 ms ok
ds4: [t=+76311.1ms] req seq=2032 L15 k=1 ids=[12] w=[0.1594] compute=1.75 ms ok
ds4: [t=+76318.5ms] req seq=2033 L18 k=1 ids=[217] w=[0.2642] compute=1.85 ms ok
ds4: [t=+76327.5ms] req seq=2034 L22 k=1 ids=[78] w=[0.1465] compute=1.82 ms ok
ds4: [t=+76333.7ms] req seq=2035 L23 k=1 ids=[178] w=[0.3251] compute=1.83 ms ok
ds4: [t=+76344.9ms] req seq=2036 L27 k=1 ids=[220] w=[0.1754] compute=1.84 ms ok
ds4: [t=+76401.4ms] req seq=2037 L3 k=1 ids=[201] w=[0.3066] compute=1.96 ms ok
ds4: [t=+76401.6ms] tok#200 done: 8 layer-reqs, 9 experts, compute 14.70 ms (1.84 ms/layer), wall 117.79 ms, errors=0, evict-hints=8 | cache: resident=3337/3337 slabs=3 wired=22.00 GiB mlock-fail=0 B hits=2037 misses=0 swaps=2036
ds4: [t=+76401.6ms] tok#200 experts: L7=[103] L9=[36] L10=[163,17] L15=[12] L18=[217] L22=[78] L23=[178] L27=[220]
ds4: [t=+76413.0ms] req seq=2038 L6 k=1 ids=[233] w=[0.1500] compute=1.90 ms ok
ds4: [t=+76442.6ms] req seq=2039 L19 k=1 ids=[145] w=[0.0794] compute=1.84 ms ok
ds4: [t=+76496.0ms] req seq=2040 L3 k=1 ids=[186] w=[0.1293] compute=1.94 ms ok
ds4: [t=+76496.1ms] tok#201 done: 3 layer-reqs, 3 experts, compute 5.70 ms (1.90 ms/layer), wall 96.60 ms, errors=0, evict-hints=3 | cache: resident=3337/3337 slabs=3 wired=22.00 GiB mlock-fail=0 B hits=2040 misses=0 swaps=2039
ds4: [t=+76496.1ms] tok#201 experts: L3=[201] L6=[233] L19=[145]
ds4: [t=+76514.7ms] req seq=2041 L11 k=1 ids=[225] w=[0.2218] compute=1.87 ms ok
ds4: [t=+76520.9ms] req seq=2042 L13 k=1 ids=[167] w=[0.1569] compute=1.86 ms ok
ds4: [t=+76527.0ms] req seq=2043 L15 k=1 ids=[45] w=[0.2848] compute=1.84 ms ok
ds4: [t=+76543.0ms] req seq=2044 L22 k=1 ids=[169] w=[0.1205] compute=1.90 ms ok
ds4: [t=+76549.3ms] req seq=2045 L23 k=1 ids=[240] w=[0.4718] compute=1.92 ms ok
ds4: [t=+76559.5ms] req seq=2046 L26 k=1 ids=[132] w=[0.1706] compute=1.81 ms ok
ds4: [t=+76569.3ms] req seq=2047 L29 k=1 ids=[110] w=[0.3467] compute=1.87 ms ok
ds4: [t=+76579.8ms] req seq=2048 L32 k=1 ids=[142] w=[0.1830] compute=1.86 ms ok
ds4: [t=+76587.9ms] req seq=2049 L35 k=1 ids=[170] w=[0.1345] compute=1.86 ms ok
ds4: [t=+76594.0ms] req seq=2050 L36 k=1 ids=[180] w=[0.1021] compute=1.83 ms ok
ds4: [t=+76624.7ms] req seq=2051 L3 k=1 ids=[35] w=[0.1038] compute=1.88 ms ok
ds4: [t=+76624.8ms] tok#202 done: 11 layer-reqs, 11 experts, compute 20.55 ms (1.87 ms/layer), wall 130.76 ms, errors=0, evict-hints=11 | cache: resident=3337/3337 slabs=3 wired=22.00 GiB mlock-fail=0 B hits=2051 misses=0 swaps=2050
ds4: [t=+76624.8ms] tok#202 experts: L3=[186] L11=[225] L13=[167] L15=[45] L22=[169] L23=[240] L26=[132] L29=[110] L32=[142] L35=[170] L36=[180]
ds4: [t=+76631.0ms] req seq=2052 L4 k=1 ids=[73] w=[0.1277] compute=1.83 ms ok
ds4: [t=+76647.4ms] req seq=2053 L11 k=1 ids=[11] w=[0.1524] compute=1.90 ms ok
ds4: [t=+76653.8ms] req seq=2054 L12 k=1 ids=[24] w=[0.1599] compute=1.87 ms ok
ds4: [t=+76668.7ms] req seq=2055 L17 k=1 ids=[52] w=[0.1495] compute=1.89 ms ok
ds4: [t=+76680.5ms] req seq=2056 L21 k=1 ids=[22] w=[0.1791] compute=1.89 ms ok
ds4: [t=+76686.8ms] req seq=2057 L22 k=1 ids=[224] w=[0.1481] compute=1.86 ms ok
ds4: [t=+76696.6ms] req seq=2058 L25 k=1 ids=[34] w=[0.5990] compute=1.80 ms ok
ds4: [t=+76714.3ms] req seq=2059 L29 k=2 ids=[109,147] w=[0.7349,0.1460] compute=1.88 ms ok
ds4: [t=+76750.0ms] req seq=2060 L37 k=1 ids=[87] w=[0.3266] compute=1.89 ms ok
ds4: [t=+76766.4ms] req seq=2061 L40 k=1 ids=[52] w=[0.1820] compute=1.85 ms ok
ds4: [t=+76804.2ms] req seq=2062 L7 k=1 ids=[121] w=[0.1685] compute=1.86 ms ok
ds4: [t=+76804.3ms] tok#203 done: 11 layer-reqs, 12 experts, compute 20.54 ms (1.87 ms/layer), wall 181.45 ms, errors=0, evict-hints=11 | cache: resident=3337/3337 slabs=3 wired=22.00 GiB mlock-fail=0 B hits=2062 misses=0 swaps=2061
ds4: [t=+76804.3ms] tok#203 experts: L3=[35] L4=[73] L11=[11] L12=[24] L17=[52] L21=[22] L22=[224] L25=[34] L29=[109,147] L37=[87] L40=[52]
ds4: [t=+76819.1ms] req seq=2063 L12 k=1 ids=[175] w=[0.1733] compute=1.85 ms ok
ds4: [t=+76838.6ms] req seq=2064 L21 k=1 ids=[58] w=[0.1726] compute=1.88 ms ok
ds4: [t=+76844.6ms] req seq=2065 L22 k=1 ids=[241] w=[0.1899] compute=1.85 ms ok
ds4: [t=+76853.7ms] req seq=2066 L25 k=1 ids=[251] w=[0.0635] compute=1.88 ms ok
ds4: [t=+76863.1ms] req seq=2067 L28 k=1 ids=[242] w=[0.1765] compute=1.79 ms ok
ds4: [t=+76922.0ms] req seq=2068 L5 k=1 ids=[55] w=[0.1209] compute=2.04 ms ok
ds4: [t=+76922.1ms] tok#204 done: 6 layer-reqs, 6 experts, compute 11.11 ms (1.85 ms/layer), wall 119.75 ms, errors=0, evict-hints=6 | cache: resident=3337/3337 slabs=3 wired=22.00 GiB mlock-fail=0 B hits=2068 misses=0 swaps=2067
ds4: [t=+76922.1ms] tok#204 experts: L7=[121] L12=[175] L21=[58] L22=[241] L25=[251] L28=[242]
ds4: [t=+76929.2ms] req seq=2069 L6 k=1 ids=[27] w=[0.3156] compute=1.85 ms ok
ds4: [t=+76938.3ms] req seq=2070 L9 k=1 ids=[160] w=[0.0933] compute=1.84 ms ok
ds4: [t=+76944.8ms] req seq=2071 L11 k=2 ids=[79,98] w=[0.4298,0.1909] compute=1.86 ms ok
ds4: [t=+76950.9ms] req seq=2072 L12 k=1 ids=[70] w=[0.1765] compute=1.83 ms ok
ds4: [t=+76957.5ms] req seq=2073 L14 k=1 ids=[147] w=[0.1096] compute=1.74 ms ok
ds4: [t=+76963.3ms] req seq=2074 L15 k=1 ids=[123] w=[0.1402] compute=1.77 ms ok
ds4: [t=+76969.3ms] req seq=2075 L16 k=1 ids=[202] w=[0.1649] compute=1.82 ms ok
ds4: [t=+76984.2ms] req seq=2076 L21 k=2 ids=[46,137] w=[0.1707,0.1328] compute=1.86 ms ok
ds4: [t=+77010.0ms] req seq=2077 L29 k=1 ids=[72] w=[0.2507] compute=1.85 ms ok
ds4: [t=+77065.5ms] req seq=2078 L3 k=1 ids=[92] w=[0.2094] compute=1.75 ms ok
ds4: [t=+77065.6ms] tok#205 done: 10 layer-reqs, 12 experts, compute 18.47 ms (1.85 ms/layer), wall 145.67 ms, errors=0, evict-hints=10 | cache: resident=3337/3337 slabs=3 wired=22.00 GiB mlock-fail=0 B hits=2078 misses=0 swaps=2077
ds4: [t=+77065.7ms] tok#205 experts: L5=[55] L6=[27] L9=[160] L11=[79,98] L12=[70] L14=[147] L15=[123] L16=[202] L21=[46,137] L29=[72]
ds4: [t=+77072.3ms] req seq=2079 L4 k=1 ids=[25] w=[0.1013] compute=1.45 ms ok
ds4: [t=+77077.8ms] req seq=2080 L5 k=1 ids=[205] w=[0.1759] compute=1.40 ms ok
ds4: [t=+77083.1ms] req seq=2081 L6 k=1 ids=[253] w=[0.1147] compute=1.53 ms ok
ds4: [t=+77089.1ms] req seq=2082 L8 k=1 ids=[167] w=[0.2978] compute=1.42 ms ok
ds4: [t=+77096.3ms] req seq=2083 L11 k=1 ids=[94] w=[0.2085] compute=1.41 ms ok
ds4: [t=+77102.4ms] req seq=2084 L13 k=1 ids=[228] w=[0.1919] compute=1.51 ms ok
ds4: [t=+77113.0ms] req seq=2085 L17 k=1 ids=[10] w=[0.1700] compute=1.49 ms ok
ds4: [t=+77123.6ms] req seq=2086 L21 k=1 ids=[179] w=[0.2668] compute=1.64 ms ok
ds4: [t=+77130.4ms] req seq=2087 L23 k=1 ids=[93] w=[0.2187] compute=1.47 ms ok
ds4: [t=+77202.4ms] req seq=2088 L7 k=2 ids=[32,174] w=[0.7392,0.1182] compute=1.68 ms ok
ds4: [t=+77202.6ms] tok#206 done: 10 layer-reqs, 10 experts, compute 15.07 ms (1.51 ms/layer), wall 138.78 ms, errors=0, evict-hints=10 | cache: resident=3337/3337 slabs=3 wired=22.00 GiB mlock-fail=0 B hits=2088 misses=0 swaps=2087
ds4: [t=+77202.6ms] tok#206 experts: L3=[92] L4=[25] L5=[205] L6=[253] L8=[167] L11=[94] L13=[228] L17=[10] L21=[179] L23=[93]
ds4: [t=+77211.5ms] req seq=2089 L10 k=1 ids=[156] w=[0.1059] compute=1.64 ms ok
ds4: [t=+77217.5ms] req seq=2090 L11 k=1 ids=[96] w=[0.4971] compute=1.59 ms ok
ds4: [t=+77223.7ms] req seq=2091 L12 k=1 ids=[223] w=[0.3757] compute=1.53 ms ok
ds4: [t=+77232.9ms] req seq=2092 L15 k=1 ids=[25] w=[0.5841] compute=1.77 ms ok
ds4: [t=+77239.0ms] req seq=2093 L16 k=2 ids=[123,3] w=[0.1518,0.1438] compute=1.57 ms ok
ds4: [t=+77245.0ms] req seq=2094 L17 k=1 ids=[123] w=[0.2241] compute=1.48 ms ok
ds4: [t=+77253.5ms] req seq=2095 L20 k=1 ids=[0] w=[0.2048] compute=1.75 ms ok
ds4: [t=+77259.7ms] req seq=2096 L22 k=1 ids=[48] w=[0.1591] compute=1.61 ms ok
ds4: [t=+77318.8ms] req seq=2097 L3 k=1 ids=[71] w=[0.1496] compute=1.95 ms ok
ds4: [t=+77318.9ms] tok#207 done: 9 layer-reqs, 11 experts, compute 14.61 ms (1.62 ms/layer), wall 118.09 ms, errors=0, evict-hints=9 | cache: resident=3337/3337 slabs=3 wired=22.00 GiB mlock-fail=0 B hits=2097 misses=0 swaps=2096
ds4: [t=+77318.9ms] tok#207 experts: L7=[32,174] L10=[156] L11=[96] L12=[223] L15=[25] L16=[123,3] L17=[123] L20=[0] L22=[48]
ds4: [t=+77325.4ms] req seq=2098 L4 k=1 ids=[8] w=[0.1243] compute=1.67 ms ok
ds4: [t=+77339.0ms] req seq=2099 L9 k=1 ids=[191] w=[0.1388] compute=1.86 ms ok
ds4: [t=+77345.0ms] req seq=2100 L10 k=1 ids=[201] w=[0.1180] compute=1.74 ms ok
ds4: [t=+77351.1ms] req seq=2101 L11 k=1 ids=[135] w=[0.2397] compute=1.87 ms ok
ds4: [t=+77358.6ms] req seq=2102 L13 k=2 ids=[47,252] w=[0.1877,0.1379] compute=1.82 ms ok
ds4: [t=+77364.6ms] req seq=2103 L14 k=1 ids=[49] w=[0.1889] compute=1.57 ms ok
ds4: [t=+77369.2ms] req seq=2104 L15 k=2 ids=[176,213] w=[0.2479,0.2062] compute=1.86 ms ok
ds4: [t=+77377.6ms] req seq=2105 L18 k=1 ids=[25] w=[0.1627] compute=1.85 ms ok
ds4: [t=+77386.3ms] req seq=2106 L20 k=1 ids=[76] w=[0.1821] compute=1.85 ms ok
ds4: [t=+77392.9ms] req seq=2107 L21 k=3 ids=[129,202,49] w=[0.3799,0.2225,0.1919] compute=1.79 ms ok
ds4: [t=+77399.5ms] req seq=2108 L22 k=3 ids=[239,219,74] w=[0.2353,0.1927,0.1825] compute=1.87 ms ok
ds4: [t=+77405.9ms] req seq=2109 L23 k=1 ids=[249] w=[0.0695] compute=1.78 ms ok
ds4: [t=+77434.1ms] req seq=2110 L29 k=1 ids=[132] w=[0.3855] compute=1.91 ms ok
ds4: [t=+77479.6ms] req seq=2111 L37 k=1 ids=[143] w=[0.0934] compute=2.09 ms ok
ds4: [t=+77518.1ms] req seq=2112 L3 k=1 ids=[118] w=[0.1141] compute=1.89 ms ok
ds4: [t=+77518.3ms] tok#208 done: 15 layer-reqs, 21 experts, compute 27.48 ms (1.83 ms/layer), wall 201.42 ms, errors=0, evict-hints=15 | cache: resident=3337/3337 slabs=3 wired=22.00 GiB mlock-fail=0 B hits=2112 misses=0 swaps=2111
ds4: [t=+77518.3ms] tok#208 experts: L3=[71] L4=[8] L9=[191] L10=[201] L11=[135] L13=[47,252] L14=[49] L15=[176,213] L18=[25] L20=[76] L21=[129,202,49] L22=[239,219,74] L23=[249] L29=[132] L37=[143]
ds4: [t=+77535.1ms] req seq=2113 L7 k=1 ids=[245] w=[0.3130] compute=1.97 ms ok
ds4: [t=+77545.4ms] req seq=2114 L9 k=2 ids=[63,19] w=[0.1596,0.1612] compute=1.87 ms ok
ds4: [t=+77555.2ms] req seq=2115 L11 k=2 ids=[191,244] w=[0.3825,0.2401] compute=1.90 ms ok
ds4: [t=+77562.4ms] req seq=2116 L12 k=1 ids=[34] w=[0.1208] compute=1.81 ms ok
ds4: [t=+77568.9ms] req seq=2117 L13 k=1 ids=[225] w=[0.1720] compute=1.89 ms ok
ds4: [t=+77577.7ms] req seq=2118 L15 k=2 ids=[130,94] w=[0.2666,0.1983] compute=1.83 ms ok
ds4: [t=+77588.9ms] req seq=2119 L18 k=1 ids=[85] w=[0.2380] compute=1.87 ms ok
ds4: [t=+77597.4ms] req seq=2120 L20 k=1 ids=[86] w=[0.1690] compute=1.79 ms ok
ds4: [t=+77612.8ms] req seq=2121 L24 k=1 ids=[116] w=[0.1358] compute=1.84 ms ok
ds4: [t=+77675.4ms] req seq=2122 L38 k=1 ids=[30] w=[0.1510] compute=1.89 ms ok
ds4: [t=+77702.7ms] req seq=2123 L1 k=1 ids=[199] w=[0.2676] compute=1.87 ms ok
ds4: [t=+77702.8ms] tok#209 done: 11 layer-reqs, 14 experts, compute 20.56 ms (1.87 ms/layer), wall 186.61 ms, errors=0, evict-hints=11 | cache: resident=3337/3337 slabs=3 wired=22.00 GiB mlock-fail=0 B hits=2123 misses=0 swaps=2122
ds4: [t=+77702.9ms] tok#209 experts: L3=[118] L7=[245] L9=[63,19] L11=[191,244] L12=[34] L13=[225] L15=[130,94] L18=[85] L20=[86] L24=[116] L38=[30]
ds4: [t=+77721.4ms] req seq=2124 L7 k=1 ids=[92] w=[0.2932] compute=1.88 ms ok
ds4: [t=+77733.7ms] req seq=2125 L11 k=1 ids=[185] w=[0.1730] compute=1.87 ms ok
ds4: [t=+77744.7ms] req seq=2126 L15 k=1 ids=[94] w=[0.2204] compute=1.84 ms ok
ds4: [t=+77755.3ms] req seq=2127 L19 k=1 ids=[161] w=[0.1718] compute=1.90 ms ok
ds4: [t=+77761.9ms] req seq=2128 L21 k=1 ids=[202] w=[0.2081] compute=1.85 ms ok
ds4: [t=+77768.1ms] req seq=2129 L22 k=2 ids=[74,219] w=[0.3099,0.2158] compute=1.78 ms ok
ds4: [t=+77773.7ms] req seq=2130 L23 k=2 ids=[72,114] w=[0.2172,0.2108] compute=1.70 ms ok
ds4: [t=+77790.9ms] req seq=2131 L28 k=1 ids=[165] w=[0.2914] compute=1.82 ms ok
ds4: [t=+77797.4ms] req seq=2132 L29 k=2 ids=[5,87] w=[0.2892,0.1373] compute=1.87 ms ok
ds4: [t=+77816.6ms] req seq=2133 L33 k=1 ids=[11] w=[0.1655] compute=1.91 ms ok
ds4: [t=+77824.4ms] req seq=2134 L34 k=1 ids=[75] w=[0.1795] compute=1.85 ms ok
ds4: [t=+77839.8ms] req seq=2135 L36 k=1 ids=[135] w=[0.2152] compute=1.98 ms ok
ds4: [t=+77847.6ms] req seq=2136 L37 k=1 ids=[201] w=[0.1883] compute=1.78 ms ok
ds4: [t=+77854.0ms] req seq=2137 L38 k=1 ids=[56] w=[0.2147] compute=1.75 ms ok
ds4: [t=+77859.3ms] req seq=2138 L39 k=1 ids=[176] w=[0.2012] compute=1.70 ms ok
ds4: [t=+77884.2ms] req seq=2139 L0 k=1 ids=[123] w=[0.6009] compute=1.86 ms ok
ds4: [t=+77884.3ms] tok#210 done: 16 layer-reqs, 19 experts, compute 29.34 ms (1.83 ms/layer), wall 183.41 ms, errors=0, evict-hints=16 | cache: resident=3337/3337 slabs=3 wired=22.00 GiB mlock-fail=0 B hits=2139 misses=0 swaps=2138
ds4: [t=+77884.3ms] tok#210 experts: L1=[199] L7=[92] L11=[185] L15=[94] L19=[161] L21=[202] L22=[74,219] L23=[72,114] L28=[165] L29=[5,87] L33=[11] L34=[75] L36=[135] L37=[201] L38=[56] L39=[176]
ds4: [t=+77895.9ms] req seq=2140 L4 k=1 ids=[82] w=[0.3064] compute=1.85 ms ok
ds4: [t=+77909.8ms] req seq=2141 L9 k=1 ids=[182] w=[0.2845] compute=1.88 ms ok
ds4: [t=+77916.6ms] req seq=2142 L10 k=2 ids=[215,153] w=[0.2437,0.1002] compute=1.96 ms ok
ds4: [t=+77922.9ms] req seq=2143 L11 k=1 ids=[178] w=[0.1250] compute=1.77 ms ok
ds4: [t=+77934.8ms] req seq=2144 L15 k=2 ids=[213,58] w=[0.2029,0.1363] compute=1.91 ms ok
ds4: [t=+77941.1ms] req seq=2145 L17 k=1 ids=[108] w=[0.1964] compute=1.83 ms ok
ds4: [t=+77947.1ms] req seq=2146 L18 k=1 ids=[198] w=[0.1833] compute=1.80 ms ok
ds4: [t=+77953.4ms] req seq=2147 L19 k=2 ids=[180,193] w=[0.2824,0.1727] compute=1.90 ms ok
ds4: [t=+77959.8ms] req seq=2148 L20 k=1 ids=[252] w=[0.1844] compute=1.78 ms ok
ds4: [t=+77965.7ms] req seq=2149 L21 k=3 ids=[49,28,201] w=[0.2845,0.1761,0.1151] compute=1.79 ms ok
ds4: [t=+77971.7ms] req seq=2150 L22 k=2 ids=[219,46] w=[0.3680,0.1957] compute=1.78 ms ok
ds4: [t=+78078.2ms] req seq=2151 L3 k=1 ids=[15] w=[0.1522] compute=2.08 ms ok
ds4: [t=+78078.3ms] tok#211 done: 12 layer-reqs, 18 experts, compute 22.10 ms (1.84 ms/layer), wall 195.96 ms, errors=0, evict-hints=12 | cache: resident=3337/3337 slabs=3 wired=22.00 GiB mlock-fail=0 B hits=2151 misses=0 swaps=2150
ds4: [t=+78078.3ms] tok#211 experts: L0=[123] L4=[82] L9=[182] L10=[215,153] L11=[178] L15=[213,58] L17=[108] L18=[198] L19=[180,193] L20=[252] L21=[49,28,201] L22=[219,46]
ds4: [t=+78090.7ms] req seq=2152 L7 k=2 ids=[187,110] w=[0.1601,0.1630] compute=1.85 ms ok
ds4: [t=+78100.9ms] req seq=2153 L9 k=3 ids=[144,133,13] w=[0.1583,0.1587,0.1126] compute=1.84 ms ok
ds4: [t=+78106.9ms] req seq=2154 L10 k=2 ids=[99,153] w=[0.2014,0.1078] compute=1.80 ms ok
ds4: [t=+78114.4ms] req seq=2155 L12 k=3 ids=[104,148,220] w=[0.1437,0.1261,0.1216] compute=1.82 ms ok
ds4: [t=+78120.4ms] req seq=2156 L13 k=2 ids=[252,38] w=[0.2348,0.1863] compute=1.79 ms ok
ds4: [t=+78129.1ms] req seq=2157 L15 k=1 ids=[238] w=[0.2078] compute=1.79 ms ok
ds4: [t=+78137.2ms] req seq=2158 L17 k=1 ids=[69] w=[0.1271] compute=1.89 ms ok
ds4: [t=+78144.6ms] req seq=2159 L19 k=3 ids=[131,246,193] w=[0.6583,0.2340,0.2286] compute=1.82 ms ok
ds4: [t=+78150.3ms] req seq=2160 L20 k=2 ids=[180,200] w=[0.1581,0.1356] compute=1.85 ms ok
ds4: [t=+78156.6ms] req seq=2161 L21 k=2 ids=[201,28] w=[0.4027,0.2395] compute=1.78 ms ok
ds4: [t=+78162.5ms] req seq=2162 L22 k=1 ids=[46] w=[0.3095] compute=1.76 ms ok
ds4: [t=+78205.7ms] req seq=2163 L34 k=1 ids=[19] w=[0.1651] compute=1.95 ms ok
ds4: [t=+78228.5ms] req seq=2164 L39 k=1 ids=[8] w=[0.1544] compute=1.90 ms ok
ds4: [t=+78264.9ms] req seq=2165 L3 k=1 ids=[253] w=[0.1364] compute=1.96 ms ok
ds4: [t=+78265.0ms] tok#212 done: 14 layer-reqs, 25 experts, compute 25.93 ms (1.85 ms/layer), wall 188.88 ms, errors=0, evict-hints=14 | cache: resident=3337/3337 slabs=3 wired=22.00 GiB mlock-fail=0 B hits=2165 misses=0 swaps=2164
ds4: [t=+78265.0ms] tok#212 experts: L3=[15] L7=[187,110] L9=[144,133,13] L10=[99,153] L12=[104,148,220] L13=[252,38] L15=[238] L17=[69] L19=[131,246,193] L20=[180,200] L21=[201,28] L22=[46] L34=[19] L39=[8]
ds4: [t=+78277.2ms] req seq=2166 L7 k=2 ids=[189,243] w=[0.1992,0.1740] compute=1.47 ms ok
ds4: [t=+78283.2ms] req seq=2167 L8 k=1 ids=[45] w=[0.2811] compute=1.59 ms ok
ds4: [t=+78297.6ms] req seq=2168 L11 k=1 ids=[66] w=[0.3677] compute=1.49 ms ok
ds4: [t=+78303.7ms] req seq=2169 L12 k=2 ids=[59,164] w=[0.3709,0.1718] compute=1.61 ms ok
ds4: [t=+78310.3ms] req seq=2170 L13 k=1 ids=[243] w=[0.2117] compute=1.44 ms ok
ds4: [t=+78316.4ms] req seq=2171 L14 k=1 ids=[198] w=[0.1374] compute=1.63 ms ok
ds4: [t=+78323.0ms] req seq=2172 L15 k=2 ids=[133,199] w=[0.1865,0.2174] compute=1.52 ms ok
ds4: [t=+78333.7ms] req seq=2173 L17 k=2 ids=[219,149] w=[0.2569,0.1994] compute=1.63 ms ok
ds4: [t=+78342.8ms] req seq=2174 L19 k=1 ids=[69] w=[0.2337] compute=1.54 ms ok
ds4: [t=+78350.1ms] req seq=2175 L20 k=3 ids=[200,66,147] w=[0.4124,0.3324,0.1608] compute=1.64 ms ok
ds4: [t=+78357.0ms] req seq=2176 L21 k=3 ids=[239,75,191] w=[0.4952,0.1974,0.1786] compute=1.58 ms ok
ds4: [t=+78364.9ms] req seq=2177 L22 k=1 ids=[65] w=[0.2391] compute=1.58 ms ok
ds4: [t=+78377.6ms] req seq=2178 L24 k=1 ids=[244] w=[0.3644] compute=1.55 ms ok
ds4: [t=+78399.8ms] req seq=2179 L28 k=1 ids=[157] w=[0.1134] compute=1.77 ms ok
ds4: [t=+78415.6ms] req seq=2180 L32 k=1 ids=[113] w=[0.1118] compute=1.89 ms ok
ds4: [t=+78429.7ms] req seq=2181 L34 k=1 ids=[133] w=[0.5053] compute=1.73 ms ok
ds4: [t=+78437.1ms] req seq=2182 L35 k=1 ids=[125] w=[0.1354] compute=1.83 ms ok
ds4: [t=+78445.3ms] req seq=2183 L36 k=1 ids=[89] w=[0.1774] compute=1.65 ms ok
ds4: [t=+78474.3ms] req seq=2184 L40 k=2 ids=[156,155] w=[0.1318,0.1166] compute=1.93 ms ok
ds4: [t=+78482.2ms] req seq=2185 L41 k=1 ids=[161] w=[0.3204] compute=1.82 ms ok
ds4: [t=+78490.6ms] req seq=2186 L42 k=1 ids=[84] w=[0.3929] compute=1.79 ms ok
ds4: [t=+78511.7ms] req seq=2187 L3 k=1 ids=[109] w=[0.1274] compute=1.90 ms ok
ds4: [t=+78511.8ms] tok#213 done: 22 layer-reqs, 31 experts, compute 36.65 ms (1.67 ms/layer), wall 248.85 ms, errors=0, evict-hints=22 | cache: resident=3337/3337 slabs=3 wired=22.00 GiB mlock-fail=0 B hits=2187 misses=0 swaps=2186
ds4: [t=+78511.9ms] tok#213 experts: L3=[253] L7=[189,243] L8=[45] L11=[66] L12=[59,164] L13=[243] L14=[198] L15=[133,199] L17=[219,149] L19=[69] L20=[200,66,147] L21=[239,75,191] L22=[65] L24=[244] L28=[157] L32=[113] L34=[133] L35=[125] L36=[89] L40=[156,155] L41=[161] L42=[84]
ds4: [t=+78518.1ms] req seq=2188 L4 k=1 ids=[229] w=[0.1337] compute=1.85 ms ok
ds4: [t=+78525.2ms] req seq=2189 L6 k=1 ids=[234] w=[0.2463] compute=1.78 ms ok
ds4: [t=+78535.3ms] req seq=2190 L9 k=1 ids=[94] w=[0.0959] compute=1.88 ms ok
ds4: [t=+78544.6ms] req seq=2191 L12 k=1 ids=[26] w=[0.2065] compute=1.89 ms ok
ds4: [t=+78550.6ms] req seq=2192 L13 k=1 ids=[156] w=[0.2223] compute=1.83 ms ok
ds4: [t=+78561.8ms] req seq=2193 L17 k=1 ids=[149] w=[0.2347] compute=1.84 ms ok
ds4: [t=+78571.0ms] req seq=2194 L19 k=1 ids=[207] w=[0.1476] compute=1.81 ms ok
ds4: [t=+78576.9ms] req seq=2195 L20 k=1 ids=[225] w=[0.3104] compute=1.76 ms ok
ds4: [t=+78583.3ms] req seq=2196 L21 k=1 ids=[7] w=[0.2304] compute=1.92 ms ok
ds4: [t=+78592.7ms] req seq=2197 L24 k=1 ids=[166] w=[0.1805] compute=1.84 ms ok
ds4: [t=+78630.7ms] req seq=2198 L40 k=1 ids=[107] w=[0.1757] compute=1.90 ms ok
ds4: [t=+78650.1ms] req seq=2199 L4 k=2 ids=[15,139] w=[0.3314,0.0751] compute=1.91 ms ok
ds4: [t=+78650.2ms] tok#214 done: 12 layer-reqs, 12 experts, compute 22.20 ms (1.85 ms/layer), wall 140.36 ms, errors=0, evict-hints=12 | cache: resident=3337/3337 slabs=3 wired=22.00 GiB mlock-fail=0 B hits=2199 misses=0 swaps=2198
ds4: [t=+78650.2ms] tok#214 experts: L3=[109] L4=[229] L6=[234] L9=[94] L12=[26] L13=[156] L17=[149] L19=[207] L20=[225] L21=[7] L24=[166] L40=[107]
ds4: [t=+78664.4ms] req seq=2200 L9 k=1 ids=[246] w=[0.1830] compute=1.85 ms ok
ds4: [t=+78670.5ms] req seq=2201 L10 k=2 ids=[31,239] w=[0.2399,0.1122] compute=1.84 ms ok
ds4: [t=+78684.3ms] req seq=2202 L15 k=1 ids=[17] w=[0.1361] compute=1.89 ms ok
ds4: [t=+78693.2ms] req seq=2203 L18 k=2 ids=[224,59] w=[0.2023,0.1388] compute=1.84 ms ok
ds4: [t=+78699.3ms] req seq=2204 L19 k=2 ids=[40,17] w=[0.3319,0.3128] compute=1.87 ms ok
ds4: [t=+78723.9ms] req seq=2205 L29 k=1 ids=[215] w=[0.1494] compute=1.92 ms ok
ds4: [t=+78769.5ms] req seq=2206 L4 k=2 ids=[46,236] w=[0.1729,0.1443] compute=2.13 ms ok
ds4: [t=+78769.6ms] tok#215 done: 7 layer-reqs, 11 experts, compute 13.12 ms (1.87 ms/layer), wall 121.40 ms, errors=0, evict-hints=7 | cache: resident=3337/3337 slabs=3 wired=22.00 GiB mlock-fail=0 B hits=2206 misses=0 swaps=2205
ds4: [t=+78769.6ms] tok#215 experts: L4=[15,139] L9=[246] L10=[31,239] L15=[17] L18=[224,59] L19=[40,17] L29=[215]
ds4: [t=+78775.5ms] req seq=2207 L5 k=1 ids=[218] w=[0.1471] compute=1.79 ms ok
ds4: [t=+78784.2ms] req seq=2208 L7 k=1 ids=[107] w=[0.1567] compute=1.82 ms ok
ds4: [t=+78790.6ms] req seq=2209 L9 k=1 ids=[223] w=[0.1462] compute=1.80 ms ok
ds4: [t=+78812.1ms] req seq=2210 L19 k=1 ids=[17] w=[0.0733] compute=1.85 ms ok
ds4: [t=+78829.4ms] req seq=2211 L27 k=1 ids=[56] w=[0.1951] compute=1.89 ms ok
ds4: [t=+78865.1ms] req seq=2212 L0 k=1 ids=[160] w=[0.2628] compute=1.83 ms ok
ds4: [t=+78865.2ms] tok#216 done: 6 layer-reqs, 7 experts, compute 11.29 ms (1.88 ms/layer), wall 97.82 ms, errors=0, evict-hints=6 | cache: resident=3337/3337 slabs=3 wired=22.00 GiB mlock-fail=0 B hits=2212 misses=0 swaps=2211
ds4: [t=+78865.2ms] tok#216 experts: L4=[46,236] L5=[218] L7=[107] L9=[223] L19=[17] L27=[56]
ds4: [t=+78871.9ms] req seq=2213 L2 k=1 ids=[85] w=[0.2862] compute=1.49 ms ok
ds4: [t=+78884.4ms] req seq=2214 L7 k=1 ids=[38] w=[0.1326] compute=1.51 ms ok
ds4: [t=+78890.6ms] req seq=2215 L9 k=1 ids=[174] w=[0.1285] compute=1.42 ms ok
ds4: [t=+78899.6ms] req seq=2216 L13 k=1 ids=[89] w=[0.1520] compute=1.58 ms ok
ds4: [t=+78979.3ms] req seq=2217 L9 k=1 ids=[209] w=[0.1355] compute=1.70 ms ok
ds4: [t=+78979.4ms] tok#217 done: 5 layer-reqs, 5 experts, compute 7.83 ms (1.57 ms/layer), wall 116.11 ms, errors=0, evict-hints=5 | cache: resident=3337/3337 slabs=3 wired=22.00 GiB mlock-fail=0 B hits=2217 misses=0 swaps=2216
ds4: [t=+78979.4ms] tok#217 experts: L0=[160] L2=[85] L7=[38] L9=[174] L13=[89]
ds4: [t=+78996.0ms] req seq=2218 L17 k=1 ids=[77] w=[0.1530] compute=1.60 ms ok
ds4: [t=+79004.4ms] req seq=2219 L20 k=1 ids=[182] w=[0.1304] compute=1.60 ms ok
ds4: [t=+79010.1ms] req seq=2220 L21 k=1 ids=[28] w=[0.3814] compute=1.53 ms ok
ds4: [t=+79018.1ms] req seq=2221 L23 k=1 ids=[45] w=[0.1512] compute=1.75 ms ok
ds4: [t=+79057.2ms] req seq=2222 L39 k=1 ids=[115] w=[0.3150] compute=1.74 ms ok
ds4: [t=+79085.8ms] req seq=2223 L10 k=1 ids=[214] w=[0.3024] compute=1.78 ms ok
ds4: [t=+79085.9ms] tok#218 done: 6 layer-reqs, 6 experts, compute 9.92 ms (1.65 ms/layer), wall 108.31 ms, errors=0, evict-hints=6 | cache: resident=3337/3337 slabs=3 wired=22.00 GiB mlock-fail=0 B hits=2223 misses=0 swaps=2222
ds4: [t=+79085.9ms] tok#218 experts: L9=[209] L17=[77] L20=[182] L21=[28] L23=[45] L39=[115]
ds4: [t=+79092.0ms] req seq=2224 L11 k=1 ids=[1] w=[0.1681] compute=1.72 ms ok
ds4: [t=+79108.8ms] req seq=2225 L19 k=1 ids=[193] w=[0.2399] compute=1.86 ms ok
ds4: [t=+79139.1ms] req seq=2226 L35 k=1 ids=[89] w=[0.1001] compute=1.87 ms ok
ds4: [t=+79165.1ms] req seq=2227 L2 k=1 ids=[19] w=[0.1258] compute=1.79 ms ok
ds4: [t=+79165.2ms] tok#219 done: 4 layer-reqs, 4 experts, compute 7.23 ms (1.81 ms/layer), wall 81.11 ms, errors=0, evict-hints=4 | cache: resident=3337/3337 slabs=3 wired=22.00 GiB mlock-fail=0 B hits=2227 misses=0 swaps=2226
ds4: [t=+79165.2ms] tok#219 experts: L10=[214] L11=[1] L19=[193] L35=[89]
ds4: [t=+79176.8ms] req seq=2228 L7 k=1 ids=[135] w=[0.1747] compute=1.46 ms ok
ds4: [t=+79184.4ms] req seq=2229 L9 k=1 ids=[13] w=[0.1413] compute=1.48 ms ok
ds4: [t=+79190.7ms] req seq=2230 L10 k=1 ids=[153] w=[0.0829] compute=1.46 ms ok
ds4: [t=+79196.6ms] req seq=2231 L11 k=2 ids=[6,40] w=[0.3583,0.1440] compute=1.41 ms ok
ds4: [t=+79202.2ms] req seq=2232 L12 k=2 ids=[220,35] w=[0.1670,0.1654] compute=1.56 ms ok
ds4: [t=+79211.1ms] req seq=2233 L15 k=1 ids=[232] w=[0.1172] compute=1.40 ms ok
ds4: [t=+79219.7ms] req seq=2234 L18 k=2 ids=[162,73] w=[0.1262,0.1082] compute=1.61 ms ok
ds4: [t=+79225.7ms] req seq=2235 L19 k=1 ids=[246] w=[0.2848] compute=1.45 ms ok
ds4: [t=+79294.6ms] req seq=2236 L2 k=1 ids=[63] w=[0.1242] compute=1.71 ms ok
ds4: [t=+79294.7ms] tok#220 done: 9 layer-reqs, 12 experts, compute 13.62 ms (1.51 ms/layer), wall 131.38 ms, errors=0, evict-hints=9 | cache: resident=3337/3337 slabs=3 wired=22.00 GiB mlock-fail=0 B hits=2236 misses=0 swaps=2235
ds4: [t=+79294.7ms] tok#220 experts: L2=[19] L7=[135] L9=[13] L10=[153] L11=[6,40] L12=[220,35] L15=[232] L18=[162,73] L19=[246]
ds4: [t=+79301.5ms] req seq=2237 L3 k=1 ids=[185] w=[0.1442] compute=1.65 ms ok
ds4: [t=+79307.1ms] req seq=2238 L4 k=2 ids=[45,14] w=[0.3700,0.1285] compute=1.54 ms ok
ds4: [t=+79313.3ms] req seq=2239 L5 k=2 ids=[38,92] w=[0.3139,0.2366] compute=1.55 ms ok
ds4: [t=+79325.5ms] req seq=2240 L9 k=1 ids=[77] w=[0.1266] compute=1.58 ms ok
ds4: [t=+79331.1ms] req seq=2241 L10 k=1 ids=[54] w=[0.1765] compute=1.51 ms ok
ds4: [t=+79343.4ms] req seq=2242 L14 k=1 ids=[131] w=[0.1502] compute=1.84 ms ok
ds4: [t=+79353.5ms] req seq=2243 L17 k=1 ids=[146] w=[0.2126] compute=1.76 ms ok
ds4: [t=+79369.0ms] req seq=2244 L21 k=2 ids=[5,153] w=[0.2604,0.2569] compute=1.88 ms ok
ds4: [t=+79375.1ms] req seq=2245 L22 k=2 ids=[253,165] w=[0.6355,0.1752] compute=1.69 ms ok
ds4: [t=+79382.2ms] req seq=2246 L24 k=1 ids=[133] w=[0.0978] compute=1.86 ms ok
ds4: [t=+79392.2ms] req seq=2247 L27 k=1 ids=[24] w=[0.0625] compute=1.86 ms ok
ds4: [t=+79424.1ms] req seq=2248 L36 k=1 ids=[94] w=[0.1273] compute=1.88 ms ok
ds4: [t=+79448.0ms] req seq=2249 L41 k=1 ids=[143] w=[0.1957] compute=1.86 ms ok
ds4: [t=+79479.7ms] req seq=2250 L5 k=1 ids=[92] w=[0.4464] compute=1.51 ms ok
ds4: [t=+79479.8ms] tok#221 done: 14 layer-reqs, 18 experts, compute 24.17 ms (1.73 ms/layer), wall 186.94 ms, errors=0, evict-hints=14 | cache: resident=3337/3337 slabs=3 wired=22.00 GiB mlock-fail=0 B hits=2250 misses=0 swaps=2249
ds4: [t=+79479.9ms] tok#221 experts: L2=[63] L3=[185] L4=[45,14] L5=[38,92] L9=[77] L10=[54] L14=[131] L17=[146] L21=[5,153] L22=[253,165] L24=[133] L27=[24] L36=[94] L41=[143]
ds4: [t=+79485.7ms] req seq=2251 L6 k=1 ids=[157] w=[0.1906] compute=1.49 ms ok
ds4: [t=+79491.3ms] req seq=2252 L7 k=1 ids=[136] w=[0.3541] compute=1.42 ms ok
ds4: [t=+79501.3ms] req seq=2253 L11 k=1 ids=[40] w=[0.1320] compute=1.61 ms ok
ds4: [t=+79507.4ms] req seq=2254 L12 k=1 ids=[164] w=[0.4708] compute=1.48 ms ok
ds4: [t=+79519.2ms] req seq=2255 L15 k=3 ids=[90,36,188] w=[0.1431,0.1320,0.1218] compute=1.63 ms ok
ds4: [t=+79527.0ms] req seq=2256 L17 k=1 ids=[171] w=[0.1081] compute=1.45 ms ok
ds4: [t=+79541.0ms] req seq=2257 L21 k=1 ids=[136] w=[0.1525] compute=1.57 ms ok
ds4: [t=+79552.6ms] req seq=2258 L24 k=1 ids=[154] w=[0.1975] compute=1.61 ms ok
ds4: [t=+79610.7ms] req seq=2259 L42 k=1 ids=[219] w=[0.2322] compute=1.82 ms ok
ds4: [t=+79625.0ms] req seq=2260 L3 k=1 ids=[123] w=[0.0895] compute=1.76 ms ok
ds4: [t=+79625.1ms] tok#222 done: 10 layer-reqs, 12 experts, compute 15.58 ms (1.56 ms/layer), wall 146.80 ms, errors=0, evict-hints=10 | cache: resident=3337/3337 slabs=3 wired=22.00 GiB mlock-fail=0 B hits=2260 misses=0 swaps=2259
ds4: [t=+79625.1ms] tok#222 experts: L5=[92] L6=[157] L7=[136] L11=[40] L12=[164] L15=[90,36,188] L17=[171] L21=[136] L24=[154] L42=[219]
ds4: [t=+79635.1ms] req seq=2261 L7 k=1 ids=[185] w=[0.1886] compute=1.73 ms ok
ds4: [t=+79664.9ms] req seq=2262 L18 k=1 ids=[48] w=[0.1263] compute=1.74 ms ok
ds4: [t=+79676.2ms] req seq=2263 L22 k=1 ids=[191] w=[0.1645] compute=1.81 ms ok
ds4: [t=+79734.5ms] req seq=2264 L6 k=1 ids=[249] w=[0.1616] compute=2.05 ms ok
ds4: [t=+79734.6ms] tok#223 done: 4 layer-reqs, 4 experts, compute 7.05 ms (1.76 ms/layer), wall 111.33 ms, errors=0, evict-hints=4 | cache: resident=3337/3337 slabs=3 wired=22.00 GiB mlock-fail=0 B hits=2264 misses=0 swaps=2263
ds4: [t=+79734.6ms] tok#223 experts: L3=[123] L7=[185] L18=[48] L22=[191]
ds4: [t=+79754.6ms] req seq=2265 L17 k=1 ids=[240] w=[0.1827] compute=1.88 ms ok
ds4: [t=+79760.8ms] req seq=2266 L18 k=1 ids=[46] w=[0.1294] compute=1.80 ms ok
ds4: [t=+79767.1ms] req seq=2267 L19 k=1 ids=[73] w=[0.2141] compute=1.81 ms ok
ds4: [t=+79832.0ms] req seq=2268 L8 k=1 ids=[9] w=[0.1623] compute=1.77 ms ok
ds4: [t=+79832.2ms] tok#224 done: 4 layer-reqs, 4 experts, compute 7.55 ms (1.89 ms/layer), wall 99.74 ms, errors=0, evict-hints=4 | cache: resident=3337/3337 slabs=3 wired=22.00 GiB mlock-fail=0 B hits=2268 misses=0 swaps=2267
ds4: [t=+79832.2ms] tok#224 experts: L6=[249] L17=[240] L18=[46] L19=[73]
ds4: [t=+79842.4ms] req seq=2269 L12 k=1 ids=[108] w=[0.1313] compute=1.45 ms ok
ds4: [t=+79849.1ms] req seq=2270 L15 k=1 ids=[60] w=[0.1545] compute=1.54 ms ok
ds4: [t=+79854.7ms] req seq=2271 L16 k=1 ids=[13] w=[0.2054] compute=1.41 ms ok
ds4: [t=+79860.1ms] req seq=2272 L18 k=1 ids=[232] w=[0.1459] compute=1.33 ms ok
ds4: [t=+79869.9ms] req seq=2273 L22 k=1 ids=[164] w=[0.1282] compute=1.49 ms ok
ds4: [t=+79925.7ms] req seq=2274 L3 k=1 ids=[138] w=[0.1994] compute=1.77 ms ok
ds4: [t=+79925.9ms] tok#225 done: 6 layer-reqs, 6 experts, compute 8.99 ms (1.50 ms/layer), wall 95.59 ms, errors=0, evict-hints=6 | cache: resident=3337/3337 slabs=3 wired=22.00 GiB mlock-fail=0 B hits=2274 misses=0 swaps=2273
ds4: [t=+79925.9ms] tok#225 experts: L8=[9] L12=[108] L15=[60] L16=[13] L18=[232] L22=[164]
ds4: [t=+79934.6ms] req seq=2275 L7 k=2 ids=[204,183] w=[0.1408,0.1301] compute=1.60 ms ok
ds4: [t=+79955.9ms] req seq=2276 L19 k=1 ids=[44] w=[0.2047] compute=1.57 ms ok
ds4: [t=+79964.3ms] req seq=2277 L22 k=1 ids=[92] w=[0.2022] compute=1.57 ms ok
ds4: [t=+79970.3ms] req seq=2278 L23 k=1 ids=[195] w=[0.1803] compute=1.74 ms ok
ds4: [t=+79977.2ms] req seq=2279 L25 k=1 ids=[101] w=[0.1740] compute=1.52 ms ok
ds4: [t=+79983.7ms] req seq=2280 L26 k=1 ids=[121] w=[0.1796] compute=1.72 ms ok
ds4: [t=+80000.6ms] req seq=2281 L31 k=1 ids=[224] w=[0.1657] compute=1.72 ms ok
ds4: [t=+80018.5ms] req seq=2282 L37 k=1 ids=[202] w=[0.1710] compute=1.83 ms ok
ds4: [t=+80050.8ms] req seq=2283 L6 k=1 ids=[120] w=[0.1759] compute=1.91 ms ok
ds4: [t=+80050.9ms] tok#226 done: 9 layer-reqs, 10 experts, compute 15.04 ms (1.67 ms/layer), wall 126.94 ms, errors=0, evict-hints=9 | cache: resident=3337/3337 slabs=3 wired=22.00 GiB mlock-fail=0 B hits=2283 misses=0 swaps=2282
ds4: [t=+80051.0ms] tok#226 experts: L3=[138] L7=[204,183] L19=[44] L22=[92] L23=[195] L25=[101] L26=[121] L31=[224] L37=[202]
ds4: [t=+80057.2ms] req seq=2284 L7 k=1 ids=[253] w=[0.2268] compute=1.78 ms ok
ds4: [t=+80077.2ms] req seq=2285 L17 k=1 ids=[6] w=[0.1346] compute=1.87 ms ok
ds4: [t=+80083.4ms] req seq=2286 L18 k=1 ids=[23] w=[0.1280] compute=1.87 ms ok
ds4: [t=+80092.6ms] req seq=2287 L21 k=1 ids=[153] w=[0.2265] compute=1.83 ms ok
ds4: [t=+80099.5ms] req seq=2288 L23 k=1 ids=[227] w=[0.1165] compute=1.85 ms ok
ds4: [t=+80105.4ms] req seq=2289 L24 k=1 ids=[59] w=[0.1111] compute=1.82 ms ok
ds4: [t=+80130.1ms] req seq=2290 L34 k=1 ids=[255] w=[0.1270] compute=1.88 ms ok
ds4: [t=+80162.1ms] req seq=2291 L3 k=1 ids=[37] w=[0.5470] compute=1.88 ms ok
ds4: [t=+80162.2ms] tok#227 done: 8 layer-reqs, 8 experts, compute 14.80 ms (1.85 ms/layer), wall 113.26 ms, errors=0, evict-hints=8 | cache: resident=3337/3337 slabs=3 wired=22.00 GiB mlock-fail=0 B hits=2291 misses=0 swaps=2290
ds4: [t=+80162.3ms] tok#227 experts: L6=[120] L7=[253] L17=[6] L18=[23] L21=[153] L23=[227] L24=[59] L34=[255]
ds4: [t=+80174.0ms] req seq=2292 L7 k=1 ids=[28] w=[0.1894] compute=1.89 ms ok
ds4: [t=+80180.5ms] req seq=2293 L9 k=1 ids=[162] w=[0.1748] compute=1.84 ms ok
ds4: [t=+80186.8ms] req seq=2294 L10 k=1 ids=[230] w=[0.2408] compute=1.82 ms ok
ds4: [t=+80196.6ms] req seq=2295 L13 k=1 ids=[212] w=[0.1484] compute=1.79 ms ok
ds4: [t=+80203.9ms] req seq=2296 L15 k=1 ids=[119] w=[0.1499] compute=1.87 ms ok
ds4: [t=+80212.2ms] req seq=2297 L17 k=2 ids=[252,153] w=[0.2357,0.2360] compute=1.83 ms ok
ds4: [t=+80220.1ms] req seq=2298 L18 k=2 ids=[135,6] w=[0.3973,0.1633] compute=1.85 ms ok
ds4: [t=+80226.4ms] req seq=2299 L19 k=2 ids=[123,74] w=[0.2847,0.1615] compute=1.81 ms ok
ds4: [t=+80232.6ms] req seq=2300 L20 k=2 ids=[8,130] w=[0.2073,0.1470] compute=1.88 ms ok
ds4: [t=+80239.5ms] req seq=2301 L21 k=2 ids=[89,75] w=[0.2974,0.1361] compute=1.81 ms ok
ds4: [t=+80247.5ms] req seq=2302 L22 k=1 ids=[51] w=[0.4240] compute=1.83 ms ok
ds4: [t=+80256.6ms] req seq=2303 L23 k=1 ids=[159] w=[0.2997] compute=1.85 ms ok
ds4: [t=+80283.0ms] req seq=2304 L27 k=1 ids=[107] w=[0.1037] compute=1.90 ms ok
ds4: [t=+80298.8ms] req seq=2305 L29 k=1 ids=[4] w=[0.2432] compute=1.83 ms ok
ds4: [t=+80335.0ms] req seq=2306 L36 k=1 ids=[237] w=[0.1310] compute=1.89 ms ok
ds4: [t=+80342.3ms] req seq=2307 L37 k=2 ids=[153,254] w=[0.2503,0.1875] compute=1.81 ms ok
ds4: [t=+80353.0ms] req seq=2308 L39 k=1 ids=[66] w=[0.1635] compute=1.89 ms ok
ds4: [t=+80386.7ms] req seq=2309 L3 k=2 ids=[152,180] w=[0.3209,0.1220] compute=1.92 ms ok
ds4: [t=+80386.8ms] tok#228 done: 18 layer-reqs, 24 experts, compute 33.28 ms (1.85 ms/layer), wall 226.49 ms, errors=0, evict-hints=18 | cache: resident=3337/3337 slabs=3 wired=22.00 GiB mlock-fail=0 B hits=2309 misses=0 swaps=2308
ds4: [t=+80386.8ms] tok#228 experts: L3=[37] L7=[28] L9=[162] L10=[230] L13=[212] L15=[119] L17=[252,153] L18=[135,6] L19=[123,74] L20=[8,130] L21=[89,75] L22=[51] L23=[159] L27=[107] L29=[4] L36=[237] L37=[153,254] L39=[66]
ds4: [t=+80400.1ms] req seq=2310 L6 k=1 ids=[147] w=[0.1497] compute=1.89 ms ok
ds4: [t=+80410.7ms] req seq=2311 L8 k=1 ids=[196] w=[0.1726] compute=1.83 ms ok
ds4: [t=+80420.5ms] req seq=2312 L10 k=2 ids=[142,133] w=[0.2250,0.1435] compute=1.80 ms ok
ds4: [t=+80437.7ms] req seq=2313 L14 k=2 ids=[6,137] w=[0.1825,0.1674] compute=1.86 ms ok
ds4: [t=+80443.9ms] req seq=2314 L15 k=1 ids=[70] w=[0.1865] compute=1.83 ms ok
ds4: [t=+80450.2ms] req seq=2315 L16 k=1 ids=[173] w=[0.2231] compute=1.89 ms ok
ds4: [t=+80456.7ms] req seq=2316 L17 k=2 ids=[153,26] w=[0.2685,0.2235] compute=1.77 ms ok
ds4: [t=+80462.6ms] req seq=2317 L18 k=1 ids=[6] w=[0.2312] compute=1.75 ms ok
ds4: [t=+80468.5ms] req seq=2318 L19 k=2 ids=[74,101] w=[0.3302,0.1981] compute=1.86 ms ok
ds4: [t=+80474.3ms] req seq=2319 L20 k=1 ids=[160] w=[0.1438] compute=1.80 ms ok
ds4: [t=+80480.0ms] req seq=2320 L21 k=1 ids=[213] w=[0.1376] compute=1.76 ms ok
ds4: [t=+80486.1ms] req seq=2321 L22 k=1 ids=[212] w=[0.1391] compute=1.80 ms ok
ds4: [t=+80515.9ms] req seq=2322 L32 k=1 ids=[45] w=[0.1840] compute=1.87 ms ok
ds4: [t=+80537.3ms] req seq=2323 L37 k=1 ids=[254] w=[0.2109] compute=1.90 ms ok
ds4: [t=+80572.3ms] req seq=2324 L3 k=1 ids=[57] w=[0.1762] compute=1.85 ms ok
ds4: [t=+80572.4ms] tok#229 done: 15 layer-reqs, 20 experts, compute 27.54 ms (1.84 ms/layer), wall 187.62 ms, errors=0, evict-hints=15 | cache: resident=3337/3337 slabs=3 wired=22.00 GiB mlock-fail=0 B hits=2324 misses=0 swaps=2323
ds4: [t=+80572.4ms] tok#229 experts: L3=[152,180] L6=[147] L8=[196] L10=[142,133] L14=[6,137] L15=[70] L16=[173] L17=[153,26] L18=[6] L19=[74,101] L20=[160] L21=[213] L22=[212] L32=[45] L37=[254]
ds4: [t=+80587.4ms] req seq=2325 L8 k=1 ids=[60] w=[0.1954] compute=1.88 ms ok
ds4: [t=+80610.5ms] req seq=2326 L16 k=1 ids=[80] w=[0.2038] compute=1.88 ms ok
ds4: [t=+80616.8ms] req seq=2327 L17 k=1 ids=[170] w=[0.3888] compute=1.89 ms ok
ds4: [t=+80623.2ms] req seq=2328 L18 k=1 ids=[10] w=[0.1525] compute=1.80 ms ok
ds4: [t=+80639.2ms] req seq=2329 L23 k=1 ids=[35] w=[0.1527] compute=1.92 ms ok
ds4: [t=+80686.7ms] req seq=2330 L41 k=1 ids=[192] w=[0.1167] compute=2.08 ms ok
ds4: [t=+80693.3ms] req seq=2331 L42 k=1 ids=[103] w=[0.1463] compute=1.79 ms ok
ds4: [t=+80733.1ms] req seq=2332 L11 k=1 ids=[165] w=[0.1493] compute=1.95 ms ok
ds4: [t=+80733.2ms] tok#230 done: 8 layer-reqs, 8 experts, compute 15.10 ms (1.89 ms/layer), wall 162.71 ms, errors=0, evict-hints=8 | cache: resident=3337/3337 slabs=3 wired=22.00 GiB mlock-fail=0 B hits=2332 misses=0 swaps=2331
ds4: [t=+80733.2ms] tok#230 experts: L3=[57] L8=[60] L16=[80] L17=[170] L18=[10] L23=[35] L41=[192] L42=[103]
ds4: [t=+80741.6ms] req seq=2333 L14 k=2 ids=[118,82] w=[0.1620,0.1587] compute=1.85 ms ok
ds4: [t=+80756.2ms] req seq=2334 L21 k=1 ids=[150] w=[0.2239] compute=1.98 ms ok
ds4: [t=+80763.1ms] req seq=2335 L23 k=1 ids=[148] w=[0.1384] compute=1.94 ms ok
ds4: [t=+80789.6ms] req seq=2336 L34 k=1 ids=[182] w=[0.1655] compute=1.89 ms ok
ds4: [t=+80832.0ms] req seq=2337 L7 k=2 ids=[51,156] w=[0.3021,0.1935] compute=1.96 ms ok
ds4: [t=+80832.1ms] tok#231 done: 5 layer-reqs, 6 experts, compute 9.61 ms (1.92 ms/layer), wall 100.96 ms, errors=0, evict-hints=5 | cache: resident=3337/3337 slabs=3 wired=22.00 GiB mlock-fail=0 B hits=2337 misses=0 swaps=2336
ds4: [t=+80832.1ms] tok#231 experts: L11=[165] L14=[118,82] L21=[150] L23=[148] L34=[182]
ds4: [t=+80838.7ms] req seq=2338 L9 k=1 ids=[180] w=[0.2363] compute=1.52 ms ok
ds4: [t=+80845.0ms] req seq=2339 L11 k=2 ids=[196,99] w=[0.1512,0.1526] compute=1.54 ms ok
ds4: [t=+80851.6ms] req seq=2340 L13 k=2 ids=[217,33] w=[0.2320,0.2203] compute=1.58 ms ok
ds4: [t=+80857.4ms] req seq=2341 L14 k=2 ids=[46,209] w=[0.1998,0.1547] compute=1.49 ms ok
ds4: [t=+80865.0ms] req seq=2342 L17 k=1 ids=[137] w=[0.2018] compute=1.50 ms ok
ds4: [t=+80870.9ms] req seq=2343 L18 k=3 ids=[189,126,136] w=[0.3360,0.2032,0.1830] compute=1.50 ms ok
ds4: [t=+80878.2ms] req seq=2344 L21 k=2 ids=[27,190] w=[0.3385,0.3373] compute=1.47 ms ok
ds4: [t=+80883.9ms] req seq=2345 L22 k=1 ids=[115] w=[0.3856] compute=1.55 ms ok
ds4: [t=+80890.5ms] req seq=2346 L24 k=1 ids=[167] w=[0.0998] compute=1.51 ms ok
ds4: [t=+80929.4ms] req seq=2347 L39 k=1 ids=[89] w=[0.3966] compute=1.55 ms ok
ds4: [t=+80950.8ms] req seq=2348 L3 k=1 ids=[172] w=[0.4167] compute=1.63 ms ok
ds4: [t=+80951.0ms] tok#232 done: 11 layer-reqs, 18 experts, compute 17.18 ms (1.56 ms/layer), wall 120.92 ms, errors=0, evict-hints=11 | cache: resident=3337/3337 slabs=3 wired=22.00 GiB mlock-fail=0 B hits=2348 misses=0 swaps=2347
ds4: [t=+80951.0ms] tok#232 experts: L7=[51,156] L9=[180] L11=[196,99] L13=[217,33] L14=[46,209] L17=[137] L18=[189,126,136] L21=[27,190] L22=[115] L24=[167] L39=[89]
ds4: [t=+80969.0ms] req seq=2349 L8 k=1 ids=[225] w=[0.1488] compute=1.78 ms ok
ds4: [t=+80974.9ms] req seq=2350 L9 k=1 ids=[81] w=[0.2345] compute=1.54 ms ok
ds4: [t=+80981.1ms] req seq=2351 L11 k=1 ids=[87] w=[0.1792] compute=1.55 ms ok
ds4: [t=+80988.8ms] req seq=2352 L13 k=1 ids=[97] w=[0.1415] compute=1.73 ms ok
ds4: [t=+80996.9ms] req seq=2353 L16 k=1 ids=[45] w=[0.3881] compute=1.54 ms ok
ds4: [t=+81003.5ms] req seq=2354 L17 k=1 ids=[207] w=[0.2617] compute=1.76 ms ok
ds4: [t=+81011.8ms] req seq=2355 L19 k=1 ids=[227] w=[0.2253] compute=1.68 ms ok
ds4: [t=+81018.2ms] req seq=2356 L20 k=1 ids=[31] w=[0.1551] compute=1.87 ms ok
ds4: [t=+81029.8ms] req seq=2357 L23 k=1 ids=[158] w=[0.1555] compute=1.81 ms ok
ds4: [t=+81085.3ms] req seq=2358 L41 k=1 ids=[181] w=[0.1904] compute=2.12 ms ok
ds4: [t=+81097.9ms] req seq=2359 L0 k=1 ids=[38] w=[0.1499] compute=1.85 ms ok
ds4: [t=+81098.0ms] tok#233 done: 11 layer-reqs, 11 experts, compute 19.02 ms (1.73 ms/layer), wall 148.79 ms, errors=0, evict-hints=11 | cache: resident=3337/3337 slabs=3 wired=22.00 GiB mlock-fail=0 B hits=2359 misses=0 swaps=2358
ds4: [t=+81098.1ms] tok#233 experts: L3=[172] L8=[225] L9=[81] L11=[87] L13=[97] L16=[45] L17=[207] L19=[227] L20=[31] L23=[158] L41=[181]
ds4: [t=+81110.0ms] req seq=2360 L3 k=1 ids=[174] w=[0.2578] compute=1.94 ms ok
ds4: [t=+81116.5ms] req seq=2361 L4 k=1 ids=[39] w=[0.1059] compute=1.90 ms ok
ds4: [t=+81124.4ms] req seq=2362 L6 k=1 ids=[125] w=[0.1054] compute=1.82 ms ok
ds4: [t=+81130.8ms] req seq=2363 L7 k=1 ids=[40] w=[0.4509] compute=1.81 ms ok
ds4: [t=+81138.4ms] req seq=2364 L9 k=1 ids=[136] w=[0.2540] compute=1.91 ms ok
ds4: [t=+81148.1ms] req seq=2365 L11 k=2 ids=[99,174] w=[0.2023,0.1528] compute=1.95 ms ok
ds4: [t=+81155.3ms] req seq=2366 L12 k=2 ids=[137,25] w=[0.2480,0.1905] compute=1.82 ms ok
ds4: [t=+81164.2ms] req seq=2367 L14 k=1 ids=[209] w=[0.1483] compute=1.82 ms ok
ds4: [t=+81180.5ms] req seq=2368 L18 k=1 ids=[62] w=[0.2107] compute=1.88 ms ok
ds4: [t=+81187.9ms] req seq=2369 L19 k=2 ids=[210,68] w=[0.2287,0.1429] compute=1.92 ms ok
ds4: [t=+81274.2ms] req seq=2370 L5 k=2 ids=[57,1] w=[0.1676,0.1405] compute=2.13 ms ok
ds4: [t=+81274.3ms] tok#234 done: 11 layer-reqs, 14 experts, compute 20.60 ms (1.87 ms/layer), wall 178.29 ms, errors=0, evict-hints=11 | cache: resident=3337/3337 slabs=3 wired=22.00 GiB mlock-fail=0 B hits=2370 misses=0 swaps=2369
ds4: [t=+81274.4ms] tok#234 experts: L0=[38] L3=[174] L4=[39] L6=[125] L7=[40] L9=[136] L11=[99,174] L12=[137,25] L14=[209] L18=[62] L19=[210,68]
ds4: [t=+81293.4ms] req seq=2371 L11 k=1 ids=[151] w=[0.1359] compute=1.92 ms ok
ds4: [t=+81299.6ms] req seq=2372 L12 k=1 ids=[109] w=[0.1241] compute=1.88 ms ok
ds4: [t=+81308.8ms] req seq=2373 L14 k=1 ids=[82] w=[0.1280] compute=1.83 ms ok
ds4: [t=+81318.1ms] req seq=2374 L17 k=1 ids=[112] w=[0.2153] compute=1.85 ms ok
ds4: [t=+81330.7ms] req seq=2375 L21 k=2 ids=[156,73] w=[0.1644,0.1418] compute=1.82 ms ok
ds4: [t=+81342.6ms] req seq=2376 L24 k=1 ids=[63] w=[0.1176] compute=1.92 ms ok
ds4: [t=+81363.9ms] req seq=2377 L29 k=1 ids=[175] w=[0.1218] compute=1.94 ms ok
ds4: [t=+81411.3ms] req seq=2378 L0 k=1 ids=[19] w=[0.1640] compute=2.12 ms ok
ds4: [t=+81411.4ms] tok#235 done: 8 layer-reqs, 10 experts, compute 15.29 ms (1.91 ms/layer), wall 139.30 ms, errors=0, evict-hints=8 | cache: resident=3337/3337 slabs=3 wired=22.00 GiB mlock-fail=0 B hits=2378 misses=0 swaps=2377
ds4: [t=+81411.5ms] tok#235 experts: L5=[57,1] L11=[151] L12=[109] L14=[82] L17=[112] L21=[156,73] L24=[63] L29=[175]
ds4: [t=+81454.4ms] req seq=2379 L7 k=1 ids=[76] w=[0.1862] compute=2.15 ms ok
ds4: [t=+81463.5ms] req seq=2380 L8 k=1 ids=[54] w=[0.2296] compute=1.84 ms ok
ds4: [t=+81471.7ms] req seq=2381 L9 k=1 ids=[90] w=[0.4289] compute=1.89 ms ok
ds4: [t=+81477.9ms] req seq=2382 L10 k=2 ids=[187,19] w=[0.1585,0.1605] compute=1.82 ms ok
ds4: [t=+81483.7ms] req seq=2383 L11 k=2 ids=[193,167] w=[0.2415,0.1989] compute=1.83 ms ok
ds4: [t=+81489.8ms] req seq=2384 L12 k=1 ids=[117] w=[0.1437] compute=1.77 ms ok
ds4: [t=+81495.7ms] req seq=2385 L13 k=1 ids=[203] w=[0.1870] compute=1.83 ms ok
ds4: [t=+81505.6ms] req seq=2386 L17 k=1 ids=[89] w=[0.1535] compute=1.82 ms ok
ds4: [t=+81511.9ms] req seq=2387 L18 k=1 ids=[32] w=[0.1836] compute=1.83 ms ok
ds4: [t=+81523.5ms] req seq=2388 L22 k=1 ids=[19] w=[0.1342] compute=1.89 ms ok
ds4: [t=+81533.2ms] req seq=2389 L24 k=1 ids=[84] w=[0.1339] compute=1.86 ms ok
ds4: [t=+81539.3ms] req seq=2390 L25 k=1 ids=[151] w=[0.1627] compute=1.81 ms ok
ds4: [t=+81578.1ms] req seq=2391 L35 k=1 ids=[202] w=[0.1563] compute=1.92 ms ok
ds4: [t=+81629.7ms] req seq=2392 L0 k=1 ids=[76] w=[0.0776] compute=2.09 ms ok
ds4: [t=+81629.8ms] tok#236 done: 14 layer-reqs, 16 experts, compute 26.37 ms (1.88 ms/layer), wall 220.57 ms, errors=0, evict-hints=14 | cache: resident=3337/3337 slabs=3 wired=22.00 GiB mlock-fail=0 B hits=2392 misses=0 swaps=2391
ds4: [t=+81629.8ms] tok#236 experts: L0=[19] L7=[76] L8=[54] L9=[90] L10=[187,19] L11=[193,167] L12=[117] L13=[203] L17=[89] L18=[32] L22=[19] L24=[84] L25=[151] L35=[202]
ds4: [t=+81642.9ms] req seq=2393 L1 k=1 ids=[133] w=[0.4113] compute=1.90 ms ok
ds4: [t=+81657.9ms] req seq=2394 L4 k=1 ids=[94] w=[0.4534] compute=1.92 ms ok
ds4: [t=+81666.3ms] req seq=2395 L6 k=1 ids=[130] w=[0.5437] compute=1.91 ms ok
ds4: [t=+81677.5ms] req seq=2396 L8 k=1 ids=[210] w=[0.3877] compute=1.86 ms ok
ds4: [t=+81685.8ms] req seq=2397 L10 k=1 ids=[194] w=[0.1645] compute=1.85 ms ok
ds4: [t=+81692.1ms] req seq=2398 L11 k=2 ids=[167,203] w=[0.2080,0.1577] compute=1.79 ms ok
ds4: [t=+81707.1ms] req seq=2399 L16 k=1 ids=[77] w=[0.2105] compute=1.87 ms ok
ds4: [t=+81717.2ms] req seq=2400 L19 k=1 ids=[208] w=[0.5367] compute=1.88 ms ok
ds4: [t=+81724.7ms] req seq=2401 L21 k=1 ids=[238] w=[0.3599] compute=1.83 ms ok
ds4: [t=+81730.8ms] req seq=2402 L22 k=2 ids=[237,84] w=[0.0997,0.0954] compute=1.79 ms ok
ds4: [t=+81739.5ms] req seq=2403 L23 k=1 ids=[132] w=[0.1478] compute=1.83 ms ok
ds4: [t=+81751.9ms] req seq=2404 L24 k=1 ids=[156] w=[0.1180] compute=1.94 ms ok
ds4: [t=+81780.8ms] req seq=2405 L29 k=1 ids=[60] w=[0.4371] compute=1.77 ms ok
ds4: [t=+81798.5ms] req seq=2406 L34 k=1 ids=[238] w=[0.1341] compute=1.72 ms ok
ds4: [t=+81843.9ms] req seq=2407 L3 k=1 ids=[165] w=[0.4540] compute=1.78 ms ok
ds4: [t=+81844.0ms] tok#237 done: 15 layer-reqs, 17 experts, compute 27.95 ms (1.86 ms/layer), wall 216.41 ms, errors=0, evict-hints=15 | cache: resident=3337/3337 slabs=3 wired=22.00 GiB mlock-fail=0 B hits=2407 misses=0 swaps=2406
ds4: [t=+81844.0ms] tok#237 experts: L0=[76] L1=[133] L4=[94] L6=[130] L8=[210] L10=[194] L11=[167,203] L16=[77] L19=[208] L21=[238] L22=[237,84] L23=[132] L24=[156] L29=[60] L34=[238]
ds4: [t=+81850.3ms] req seq=2408 L4 k=1 ids=[174] w=[0.1587] compute=1.63 ms ok
ds4: [t=+81863.7ms] req seq=2409 L7 k=1 ids=[183] w=[0.1175] compute=1.48 ms ok
ds4: [t=+81869.5ms] req seq=2410 L8 k=1 ids=[82] w=[0.1361] compute=1.49 ms ok
ds4: [t=+81874.7ms] req seq=2411 L9 k=1 ids=[97] w=[0.1383] compute=1.41 ms ok
ds4: [t=+81879.8ms] req seq=2412 L10 k=1 ids=[46] w=[0.2040] compute=1.37 ms ok
ds4: [t=+81887.8ms] req seq=2413 L12 k=2 ids=[212,78] w=[0.1606,0.1492] compute=1.67 ms ok
ds4: [t=+81909.5ms] req seq=2414 L15 k=1 ids=[178] w=[0.1378] compute=1.65 ms ok
ds4: [t=+81925.0ms] req seq=2415 L16 k=1 ids=[250] w=[0.1277] compute=1.62 ms ok
ds4: [t=+81945.6ms] req seq=2416 L21 k=1 ids=[166] w=[0.2110] compute=1.63 ms ok
ds4: [t=+81951.9ms] req seq=2417 L22 k=1 ids=[129] w=[0.2170] compute=1.68 ms ok
ds4: [t=+81961.7ms] req seq=2418 L24 k=1 ids=[92] w=[0.1275] compute=1.70 ms ok
ds4: [t=+82031.3ms] req seq=2419 L4 k=1 ids=[139] w=[0.1509] compute=1.97 ms ok
ds4: [t=+82031.5ms] tok#238 done: 12 layer-reqs, 13 experts, compute 19.11 ms (1.59 ms/layer), wall 189.31 ms, errors=0, evict-hints=12 | cache: resident=3337/3337 slabs=3 wired=22.00 GiB mlock-fail=0 B hits=2419 misses=0 swaps=2418
ds4: [t=+82031.5ms] tok#238 experts: L3=[165] L4=[174] L7=[183] L8=[82] L9=[97] L10=[46] L12=[212,78] L15=[178] L16=[250] L21=[166] L22=[129] L24=[92]
ds4: [t=+82044.4ms] req seq=2420 L9 k=1 ids=[198] w=[0.2721] compute=1.82 ms ok
ds4: [t=+82050.5ms] req seq=2421 L11 k=1 ids=[19] w=[0.2078] compute=1.83 ms ok
ds4: [t=+82058.4ms] req seq=2422 L14 k=1 ids=[189] w=[0.1284] compute=1.74 ms ok
ds4: [t=+82064.8ms] req seq=2423 L15 k=1 ids=[105] w=[0.1982] compute=1.90 ms ok
ds4: [t=+82074.2ms] req seq=2424 L19 k=2 ids=[103,201] w=[0.4005,0.2134] compute=1.82 ms ok
ds4: [t=+82081.9ms] req seq=2425 L22 k=1 ids=[190] w=[0.2577] compute=1.84 ms ok
ds4: [t=+82088.6ms] req seq=2426 L24 k=1 ids=[248] w=[0.1025] compute=1.79 ms ok
ds4: [t=+82104.5ms] req seq=2427 L29 k=1 ids=[20] w=[0.1607] compute=1.90 ms ok
ds4: [t=+82151.5ms] req seq=2428 L4 k=1 ids=[61] w=[0.1472] compute=2.14 ms ok
ds4: [t=+82151.6ms] tok#239 done: 9 layer-reqs, 10 experts, compute 16.62 ms (1.85 ms/layer), wall 122.20 ms, errors=0, evict-hints=9 | cache: resident=3337/3337 slabs=3 wired=22.00 GiB mlock-fail=0 B hits=2428 misses=0 swaps=2427
ds4: [t=+82151.6ms] tok#239 experts: L4=[139] L9=[198] L11=[19] L14=[189] L15=[105] L19=[103,201] L22=[190] L24=[248] L29=[20]
ds4: [t=+82159.3ms] req seq=2429 L5 k=1 ids=[193] w=[0.1417] compute=1.85 ms ok
ds4: [t=+82184.9ms] req seq=2430 L15 k=1 ids=[126] w=[0.1569] compute=1.93 ms ok
ds4: [t=+82195.1ms] req seq=2431 L17 k=1 ids=[136] w=[0.1788] compute=1.83 ms ok
ds4: [t=+82202.2ms] req seq=2432 L19 k=1 ids=[71] w=[0.1760] compute=1.89 ms ok
ds4: [t=+82208.3ms] req seq=2433 L20 k=1 ids=[48] w=[0.1642] compute=1.84 ms ok
ds4: [t=+82214.5ms] req seq=2434 L21 k=1 ids=[172] w=[0.1985] compute=1.84 ms ok
ds4: [t=+82274.7ms] req seq=2435 L3 k=1 ids=[114] w=[0.1444] compute=2.11 ms ok
ds4: [t=+82274.9ms] tok#240 done: 7 layer-reqs, 7 experts, compute 13.30 ms (1.90 ms/layer), wall 125.50 ms, errors=0, evict-hints=7 | cache: resident=3337/3337 slabs=3 wired=22.00 GiB mlock-fail=0 B hits=2435 misses=0 swaps=2434
ds4: [t=+82274.9ms] tok#240 experts: L4=[61] L5=[193] L15=[126] L17=[136] L19=[71] L20=[48] L21=[172]
ds4: [t=+82281.5ms] req seq=2436 L4 k=1 ids=[236] w=[0.1556] compute=1.85 ms ok
ds4: [t=+82287.4ms] req seq=2437 L5 k=1 ids=[115] w=[0.1815] compute=1.83 ms ok
ds4: [t=+82300.4ms] req seq=2438 L10 k=1 ids=[200] w=[0.1219] compute=1.90 ms ok
ds4: [t=+82315.0ms] req seq=2439 L15 k=2 ids=[210,24] w=[0.1570,0.1356] compute=1.89 ms ok
ds4: [t=+82322.0ms] req seq=2440 L17 k=1 ids=[165] w=[0.1334] compute=1.81 ms ok
ds4: [t=+82330.9ms] req seq=2441 L19 k=1 ids=[68] w=[0.2781] compute=1.84 ms ok
ds4: [t=+82337.3ms] req seq=2442 L20 k=2 ids=[202,181] w=[0.2017,0.1943] compute=1.90 ms ok
ds4: [t=+82343.9ms] req seq=2443 L21 k=1 ids=[155] w=[0.2277] compute=1.79 ms ok
ds4: [t=+82350.2ms] req seq=2444 L22 k=1 ids=[143] w=[0.2016] compute=1.84 ms ok
ds4: [t=+82356.2ms] req seq=2445 L23 k=1 ids=[54] w=[0.5309] compute=1.79 ms ok
ds4: [t=+82361.8ms] req seq=2446 L24 k=1 ids=[161] w=[0.1208] compute=1.80 ms ok
ds4: [t=+82378.1ms] req seq=2447 L29 k=1 ids=[126] w=[0.1893] compute=1.90 ms ok
ds4: [t=+82384.3ms] req seq=2448 L30 k=1 ids=[180] w=[0.1644] compute=1.88 ms ok
ds4: [t=+82428.1ms] req seq=2449 L42 k=1 ids=[192] w=[0.6149] compute=2.08 ms ok
ds4: [t=+82443.6ms] req seq=2450 L3 k=1 ids=[218] w=[0.3646] compute=1.90 ms ok
ds4: [t=+82443.7ms] tok#241 done: 15 layer-reqs, 17 experts, compute 28.21 ms (1.88 ms/layer), wall 171.05 ms, errors=0, evict-hints=15 | cache: resident=3337/3337 slabs=3 wired=22.00 GiB mlock-fail=0 B hits=2450 misses=0 swaps=2449
ds4: [t=+82443.8ms] tok#241 experts: L3=[114] L4=[236] L5=[115] L10=[200] L15=[210,24] L17=[165] L19=[68] L20=[202,181] L21=[155] L22=[143] L23=[54] L24=[161] L29=[126] L30=[180] L42=[192]
ds4: [t=+82450.3ms] req seq=2451 L4 k=1 ids=[11] w=[0.1721] compute=1.86 ms ok
ds4: [t=+82457.1ms] req seq=2452 L6 k=1 ids=[169] w=[0.1171] compute=1.80 ms ok
ds4: [t=+82463.0ms] req seq=2453 L7 k=1 ids=[111] w=[0.1199] compute=1.81 ms ok
ds4: [t=+82469.2ms] req seq=2454 L8 k=2 ids=[98,79] w=[0.1860,0.1657] compute=1.88 ms ok
ds4: [t=+82483.6ms] req seq=2455 L15 k=1 ids=[24] w=[0.1457] compute=1.91 ms ok
ds4: [t=+82494.4ms] req seq=2456 L19 k=2 ids=[112,136] w=[0.3016,0.1656] compute=1.87 ms ok
ds4: [t=+82518.4ms] req seq=2457 L30 k=1 ids=[170] w=[0.2238] compute=1.91 ms ok
ds4: [t=+82531.9ms] req seq=2458 L35 k=1 ids=[134] w=[0.2152] compute=1.83 ms ok
ds4: [t=+82537.6ms] req seq=2459 L36 k=1 ids=[159] w=[0.1623] compute=1.78 ms ok
ds4: [t=+82555.2ms] req seq=2460 L42 k=1 ids=[176] w=[0.1480] compute=1.91 ms ok
ds4: [t=+82573.4ms] req seq=2461 L6 k=1 ids=[230] w=[0.2152] compute=1.92 ms ok
ds4: [t=+82573.6ms] tok#242 done: 11 layer-reqs, 13 experts, compute 20.44 ms (1.86 ms/layer), wall 131.83 ms, errors=0, evict-hints=11 | cache: resident=3337/3337 slabs=3 wired=22.00 GiB mlock-fail=0 B hits=2461 misses=0 swaps=2460
ds4: [t=+82573.6ms] tok#242 experts: L3=[218] L4=[11] L6=[169] L7=[111] L8=[98,79] L15=[24] L19=[112,136] L30=[170] L35=[134] L36=[159] L42=[176]
ds4: [t=+82579.8ms] req seq=2462 L7 k=1 ids=[207] w=[0.1776] compute=1.84 ms ok
ds4: [t=+82603.1ms] req seq=2463 L17 k=1 ids=[117] w=[0.1426] compute=1.93 ms ok
ds4: [t=+82609.5ms] req seq=2464 L19 k=1 ids=[238] w=[0.3999] compute=1.83 ms ok
ds4: [t=+82616.3ms] req seq=2465 L21 k=1 ids=[43] w=[0.1465] compute=1.88 ms ok
ds4: [t=+82622.7ms] req seq=2466 L22 k=1 ids=[26] w=[0.1349] compute=1.81 ms ok
ds4: [t=+82630.4ms] req seq=2467 L24 k=2 ids=[176,96] w=[0.0842,0.0870] compute=1.85 ms ok
ds4: [t=+82664.8ms] req seq=2468 L39 k=1 ids=[226] w=[0.1575] compute=1.96 ms ok
ds4: [t=+82691.6ms] req seq=2469 L3 k=1 ids=[81] w=[0.1546] compute=1.64 ms ok
ds4: [t=+82691.7ms] tok#243 done: 8 layer-reqs, 9 experts, compute 15.03 ms (1.88 ms/layer), wall 120.15 ms, errors=0, evict-hints=8 | cache: resident=3337/3337 slabs=3 wired=22.00 GiB mlock-fail=0 B hits=2469 misses=0 swaps=2468
ds4: [t=+82691.7ms] tok#243 experts: L6=[230] L7=[207] L17=[117] L19=[238] L21=[43] L22=[26] L24=[176,96] L39=[226]
ds4: [t=+82703.1ms] req seq=2470 L6 k=1 ids=[168] w=[0.4050] compute=1.62 ms ok
ds4: [t=+82722.3ms] req seq=2471 L15 k=1 ids=[189] w=[0.3150] compute=1.62 ms ok
ds4: [t=+82734.2ms] req seq=2472 L20 k=1 ids=[29] w=[0.2217] compute=1.59 ms ok
ds4: [t=+82740.1ms] req seq=2473 L21 k=1 ids=[1] w=[0.2092] compute=1.56 ms ok
ds4: [t=+82746.0ms] req seq=2474 L22 k=1 ids=[60] w=[0.1620] compute=1.54 ms ok
ds4: [t=+82767.7ms] req seq=2475 L29 k=1 ids=[223] w=[0.0758] compute=1.69 ms ok
ds4: [t=+82773.7ms] req seq=2476 L30 k=1 ids=[41] w=[0.2924] compute=1.53 ms ok
ds4: [t=+82821.5ms] req seq=2477 L3 k=2 ids=[62,6] w=[0.1541,0.1166] compute=2.02 ms ok
ds4: [t=+82821.6ms] tok#244 done: 8 layer-reqs, 8 experts, compute 12.79 ms (1.60 ms/layer), wall 131.70 ms, errors=0, evict-hints=8 | cache: resident=3337/3337 slabs=3 wired=22.00 GiB mlock-fail=0 B hits=2477 misses=0 swaps=2476
ds4: [t=+82821.7ms] tok#244 experts: L3=[81] L6=[168] L15=[189] L20=[29] L21=[1] L22=[60] L29=[223] L30=[41]
ds4: [t=+82834.8ms] req seq=2478 L8 k=1 ids=[118] w=[0.1144] compute=1.81 ms ok
ds4: [t=+82851.1ms] req seq=2479 L14 k=1 ids=[76] w=[0.1215] compute=1.77 ms ok
ds4: [t=+82857.9ms] req seq=2480 L16 k=1 ids=[20] w=[0.1813] compute=1.73 ms ok
ds4: [t=+82869.1ms] req seq=2481 L21 k=1 ids=[138] w=[0.2402] compute=1.86 ms ok
ds4: [t=+82877.4ms] req seq=2482 L24 k=1 ids=[49] w=[0.1067] compute=1.64 ms ok
ds4: [t=+82936.4ms] req seq=2483 L7 k=2 ids=[243,7] w=[0.2966,0.1602] compute=2.09 ms ok
ds4: [t=+82936.5ms] tok#245 done: 6 layer-reqs, 7 experts, compute 10.83 ms (1.80 ms/layer), wall 116.99 ms, errors=0, evict-hints=6 | cache: resident=3337/3337 slabs=3 wired=22.00 GiB mlock-fail=0 B hits=2483 misses=0 swaps=2482
ds4: [t=+82936.6ms] tok#245 experts: L3=[62,6] L8=[118] L14=[76] L16=[20] L21=[138] L24=[49]
ds4: [t=+82945.0ms] req seq=2484 L10 k=1 ids=[76] w=[0.1887] compute=1.78 ms ok
ds4: [t=+82956.7ms] req seq=2485 L15 k=1 ids=[106] w=[0.3521] compute=1.86 ms ok
ds4: [t=+82964.9ms] req seq=2486 L18 k=1 ids=[123] w=[0.1605] compute=1.84 ms ok
ds4: [t=+83026.6ms] req seq=2487 L4 k=1 ids=[192] w=[0.1786] compute=2.00 ms ok
ds4: [t=+83026.7ms] tok#246 done: 4 layer-reqs, 5 experts, compute 7.57 ms (1.89 ms/layer), wall 92.37 ms, errors=0, evict-hints=4 | cache: resident=3337/3337 slabs=3 wired=22.00 GiB mlock-fail=0 B hits=2487 misses=0 swaps=2486
ds4: [t=+83026.8ms] tok#246 experts: L7=[243,7] L10=[76] L15=[106] L18=[123]
ds4: [t=+83034.6ms] req seq=2488 L6 k=1 ids=[155] w=[0.1336] compute=1.87 ms ok
ds4: [t=+83048.3ms] req seq=2489 L10 k=1 ids=[254] w=[0.1747] compute=1.83 ms ok
ds4: [t=+83054.7ms] req seq=2490 L11 k=1 ids=[21] w=[0.1680] compute=1.84 ms ok
ds4: [t=+83076.1ms] req seq=2491 L18 k=1 ids=[124] w=[0.1930] compute=1.88 ms ok
ds4: [t=+83082.6ms] req seq=2492 L19 k=2 ids=[148,92] w=[0.3451,0.0998] compute=1.85 ms ok
ds4: [t=+83098.1ms] req seq=2493 L24 k=1 ids=[86] w=[0.0958] compute=1.93 ms ok
ds4: [t=+83118.6ms] req seq=2494 L29 k=1 ids=[48] w=[0.2283] compute=1.90 ms ok
ds4: [t=+83134.6ms] req seq=2495 L34 k=1 ids=[1] w=[0.1080] compute=1.88 ms ok
ds4: [t=+83143.3ms] req seq=2496 L37 k=1 ids=[173] w=[0.1048] compute=1.81 ms ok
ds4: [t=+83173.7ms] req seq=2497 L6 k=1 ids=[182] w=[0.1282] compute=1.96 ms ok
ds4: [t=+83173.8ms] tok#247 done: 10 layer-reqs, 11 experts, compute 18.79 ms (1.88 ms/layer), wall 149.16 ms, errors=0, evict-hints=10 | cache: resident=3337/3337 slabs=3 wired=22.00 GiB mlock-fail=0 B hits=2497 misses=0 swaps=2496
ds4: [t=+83173.8ms] tok#247 experts: L4=[192] L6=[155] L10=[254] L11=[21] L18=[124] L19=[148,92] L24=[86] L29=[48] L34=[1] L37=[173]
ds4: [t=+83184.6ms] req seq=2498 L9 k=2 ids=[226,135] w=[0.1194,0.1163] compute=1.90 ms ok
ds4: [t=+83194.1ms] req seq=2499 L13 k=1 ids=[10] w=[0.2723] compute=1.81 ms ok
ds4: [t=+83202.7ms] req seq=2500 L16 k=1 ids=[190] w=[0.3138] compute=1.90 ms ok
ds4: [t=+83237.9ms] req seq=2501 L36 k=1 ids=[92] w=[0.1147] compute=1.89 ms ok
ds4: [t=+83251.4ms] req seq=2502 L41 k=1 ids=[32] w=[0.1912] compute=1.87 ms ok
ds4: [t=+83270.7ms] req seq=2503 L5 k=1 ids=[238] w=[0.2744] compute=1.88 ms ok
ds4: [t=+83270.8ms] tok#248 done: 6 layer-reqs, 7 experts, compute 11.33 ms (1.89 ms/layer), wall 99.06 ms, errors=0, evict-hints=6 | cache: resident=3337/3337 slabs=3 wired=22.00 GiB mlock-fail=0 B hits=2503 misses=0 swaps=2502
ds4: [t=+83270.8ms] tok#248 experts: L6=[182] L9=[226,135] L13=[10] L16=[190] L36=[92] L41=[32]
ds4: [t=+83277.5ms] req seq=2504 L7 k=1 ids=[59] w=[0.4167] compute=1.85 ms ok
ds4: [t=+83283.7ms] req seq=2505 L9 k=1 ids=[135] w=[0.1450] compute=1.86 ms ok
ds4: [t=+83296.8ms] req seq=2506 L13 k=1 ids=[6] w=[0.1378] compute=1.82 ms ok
ds4: [t=+83307.5ms] req seq=2507 L18 k=1 ids=[136] w=[0.2384] compute=1.89 ms ok
ds4: [t=+83375.2ms] req seq=2508 L6 k=1 ids=[236] w=[0.1668] compute=1.96 ms ok
ds4: [t=+83375.3ms] tok#249 done: 5 layer-reqs, 5 experts, compute 9.30 ms (1.86 ms/layer), wall 106.45 ms, errors=0, evict-hints=5 | cache: resident=3337/3337 slabs=3 wired=22.00 GiB mlock-fail=0 B hits=2508 misses=0 swaps=2507
ds4: [t=+83375.3ms] tok#249 experts: L5=[238] L7=[59] L9=[135] L13=[6] L18=[136]
ds4: [t=+83384.0ms] req seq=2509 L8 k=1 ids=[218] w=[0.3827] compute=1.87 ms ok
ds4: [t=+83391.3ms] req seq=2510 L11 k=1 ids=[174] w=[0.3620] compute=1.78 ms ok
ds4: [t=+83399.7ms] req seq=2511 L13 k=1 ids=[17] w=[0.1360] compute=1.84 ms ok
ds4: [t=+83411.2ms] req seq=2512 L17 k=1 ids=[16] w=[0.3051] compute=1.81 ms ok
ds4: [t=+83417.6ms] req seq=2513 L19 k=1 ids=[8] w=[0.1888] compute=1.88 ms ok
ds4: [t=+83425.5ms] req seq=2514 L22 k=1 ids=[21] w=[0.1626] compute=1.79 ms ok
ds4: [t=+83479.2ms] req seq=2515 L3 k=1 ids=[187] w=[0.1152] compute=2.10 ms ok
ds4: [t=+83479.3ms] tok#250 done: 7 layer-reqs, 7 experts, compute 12.93 ms (1.85 ms/layer), wall 106.07 ms, errors=0, evict-hints=7 | cache: resident=3337/3337 slabs=3 wired=22.00 GiB mlock-fail=0 B hits=2515 misses=0 swaps=2514
ds4: [t=+83479.3ms] tok#250 experts: L6=[236] L8=[218] L11=[174] L13=[17] L17=[16] L19=[8] L22=[21]
ds4: [t=+83485.9ms] req seq=2516 L4 k=2 ids=[179,143] w=[0.1716,0.1748] compute=1.87 ms ok
ds4: [t=+83494.2ms] req seq=2517 L7 k=2 ids=[7,157] w=[0.2321,0.1364] compute=1.81 ms ok
ds4: [t=+83500.3ms] req seq=2518 L8 k=1 ids=[119] w=[0.1105] compute=1.88 ms ok
ds4: [t=+83506.7ms] req seq=2519 L10 k=1 ids=[94] w=[0.1836] compute=1.80 ms ok
ds4: [t=+83523.8ms] req seq=2520 L19 k=1 ids=[146] w=[0.3819] compute=1.87 ms ok
ds4: [t=+83531.6ms] req seq=2521 L22 k=2 ids=[69,88] w=[0.2705,0.1891] compute=1.83 ms ok
ds4: [t=+83559.9ms] req seq=2522 L37 k=1 ids=[2] w=[0.1389] compute=1.88 ms ok
ds4: [t=+83568.8ms] req seq=2523 L40 k=1 ids=[114] w=[0.1579] compute=1.89 ms ok
ds4: [t=+83600.3ms] req seq=2524 L11 k=2 ids=[75,101] w=[0.2346,0.1561] compute=1.87 ms ok
ds4: [t=+83600.4ms] tok#251 done: 9 layer-reqs, 12 experts, compute 16.92 ms (1.88 ms/layer), wall 123.27 ms, errors=0, evict-hints=9 | cache: resident=3337/3337 slabs=3 wired=22.00 GiB mlock-fail=0 B hits=2524 misses=0 swaps=2523
ds4: [t=+83600.4ms] tok#251 experts: L3=[187] L4=[179,143] L7=[7,157] L8=[119] L10=[94] L19=[146] L22=[69,88] L37=[2] L40=[114]
ds4: [t=+83611.1ms] req seq=2525 L15 k=1 ids=[3] w=[0.1856] compute=1.83 ms ok
ds4: [t=+83617.3ms] req seq=2526 L16 k=1 ids=[46] w=[0.2339] compute=1.86 ms ok
ds4: [t=+83624.1ms] req seq=2527 L18 k=1 ids=[98] w=[0.1625] compute=1.80 ms ok
ds4: [t=+83630.7ms] req seq=2528 L20 k=1 ids=[235] w=[0.2411] compute=1.81 ms ok
ds4: [t=+83636.9ms] req seq=2529 L21 k=1 ids=[57] w=[0.1833] compute=1.87 ms ok
ds4: [t=+83655.2ms] req seq=2530 L30 k=1 ids=[122] w=[0.1938] compute=1.86 ms ok
ds4: [t=+83701.0ms] req seq=2531 L7 k=1 ids=[66] w=[0.1845] compute=2.06 ms ok
ds4: [t=+83701.1ms] tok#252 done: 7 layer-reqs, 8 experts, compute 12.90 ms (1.84 ms/layer), wall 102.70 ms, errors=0, evict-hints=7 | cache: resident=3337/3337 slabs=3 wired=22.00 GiB mlock-fail=0 B hits=2531 misses=0 swaps=2530
ds4: [t=+83701.2ms] tok#252 experts: L11=[75,101] L15=[3] L16=[46] L18=[98] L20=[235] L21=[57] L30=[122]
ds4: [t=+83709.4ms] req seq=2532 L10 k=1 ids=[147] w=[0.2597] compute=1.80 ms ok
ds4: [t=+83715.0ms] req seq=2533 L11 k=1 ids=[98] w=[0.2115] compute=1.79 ms ok
ds4: [t=+83722.2ms] req seq=2534 L14 k=1 ids=[231] w=[0.1275] compute=1.78 ms ok
ds4: [t=+83729.0ms] req seq=2535 L16 k=1 ids=[231] w=[0.2332] compute=1.79 ms ok
ds4: [t=+83740.1ms] req seq=2536 L21 k=1 ids=[190] w=[0.2596] compute=1.88 ms ok
ds4: [t=+83746.9ms] req seq=2537 L23 k=1 ids=[16] w=[0.1526] compute=1.81 ms ok
ds4: [t=+83762.0ms] req seq=2538 L28 k=1 ids=[238] w=[0.2701] compute=1.89 ms ok
ds4: [t=+83814.9ms] req seq=2539 L3 k=1 ids=[111] w=[0.1391] compute=2.12 ms ok
ds4: [t=+83815.1ms] tok#253 done: 8 layer-reqs, 8 experts, compute 14.79 ms (1.85 ms/layer), wall 116.05 ms, errors=0, evict-hints=8 | cache: resident=3337/3337 slabs=3 wired=22.00 GiB mlock-fail=0 B hits=2539 misses=0 swaps=2538
ds4: [t=+83815.1ms] tok#253 experts: L7=[66] L10=[147] L11=[98] L14=[231] L16=[231] L21=[190] L23=[16] L28=[238]
ds4: [t=+83830.2ms] req seq=2540 L10 k=1 ids=[19] w=[0.2651] compute=1.47 ms ok
ds4: [t=+83838.4ms] req seq=2541 L13 k=1 ids=[141] w=[0.1534] compute=1.49 ms ok
ds4: [t=+83844.4ms] req seq=2542 L14 k=1 ids=[112] w=[0.1516] compute=1.46 ms ok
ds4: [t=+83852.3ms] req seq=2543 L17 k=1 ids=[157] w=[0.1989] compute=1.60 ms ok
ds4: [t=+83858.5ms] req seq=2544 L18 k=1 ids=[107] w=[0.2019] compute=1.51 ms ok
ds4: [t=+83865.1ms] req seq=2545 L20 k=1 ids=[224] w=[0.1245] compute=1.52 ms ok
ds4: [t=+83870.8ms] req seq=2546 L21 k=1 ids=[59] w=[0.1224] compute=1.53 ms ok
ds4: [t=+83877.2ms] req seq=2547 L22 k=1 ids=[91] w=[0.4604] compute=1.47 ms ok
ds4: [t=+83883.0ms] req seq=2548 L23 k=1 ids=[222] w=[0.2320] compute=1.59 ms ok
ds4: [t=+83888.7ms] req seq=2549 L24 k=1 ids=[155] w=[0.1311] compute=1.48 ms ok
ds4: [t=+83913.0ms] req seq=2550 L32 k=1 ids=[239] w=[0.0841] compute=1.66 ms ok
ds4: [t=+83927.4ms] req seq=2551 L36 k=1 ids=[227] w=[0.1751] compute=1.63 ms ok
ds4: [t=+83935.2ms] req seq=2552 L38 k=1 ids=[239] w=[0.1452] compute=1.73 ms ok
ds4: [t=+83962.0ms] req seq=2553 L0 k=1 ids=[78] w=[0.3765] compute=1.76 ms ok
ds4: [t=+83962.1ms] tok#254 done: 14 layer-reqs, 14 experts, compute 22.26 ms (1.59 ms/layer), wall 149.33 ms, errors=0, evict-hints=14 | cache: resident=3337/3337 slabs=3 wired=22.00 GiB mlock-fail=0 B hits=2553 misses=0 swaps=2552
ds4: [t=+83962.2ms] tok#254 experts: L3=[111] L10=[19] L13=[141] L14=[112] L17=[157] L18=[107] L20=[224] L21=[59] L22=[91] L23=[222] L24=[155] L32=[239] L36=[227] L38=[239]
ds4: [t=+83969.8ms] req seq=2554 L2 k=1 ids=[96] w=[0.2478] compute=1.92 ms ok
ds4: [t=+83978.4ms] req seq=2555 L5 k=1 ids=[177] w=[0.1448] compute=1.74 ms ok
ds4: [t=+83985.9ms] req seq=2556 L7 k=3 ids=[10,254,70] w=[0.1249,0.1090,0.1093] compute=1.91 ms ok
ds4: [t=+83994.5ms] req seq=2557 L9 k=1 ids=[253] w=[0.1424] compute=1.85 ms ok
ds4: [t=+84001.0ms] req seq=2558 L10 k=1 ids=[77] w=[0.1966] compute=1.89 ms ok
ds4: [t=+84007.0ms] req seq=2559 L11 k=3 ids=[220,203,219] w=[0.2099,0.1611,0.1506] compute=1.85 ms ok
ds4: [t=+84013.7ms] req seq=2560 L12 k=1 ids=[78] w=[0.2488] compute=1.81 ms ok
ds4: [t=+84021.2ms] req seq=2561 L14 k=1 ids=[113] w=[0.1677] compute=1.86 ms ok
ds4: [t=+84027.4ms] req seq=2562 L15 k=2 ids=[160,128] w=[0.3254,0.2119] compute=1.83 ms ok
ds4: [t=+84034.5ms] req seq=2563 L16 k=1 ids=[109] w=[0.1593] compute=1.85 ms ok
ds4: [t=+84046.0ms] req seq=2564 L18 k=3 ids=[57,137,193] w=[0.1740,0.1613,0.1417] compute=1.87 ms ok
ds4: [t=+84054.2ms] req seq=2565 L19 k=2 ids=[117,110] w=[0.4302,0.1412] compute=1.87 ms ok
ds4: [t=+84064.3ms] req seq=2566 L21 k=1 ids=[108] w=[0.1531] compute=1.79 ms ok
ds4: [t=+84108.3ms] req seq=2567 L29 k=1 ids=[35] w=[0.3394] compute=1.96 ms ok
ds4: [t=+84123.2ms] req seq=2568 L32 k=1 ids=[25] w=[0.1084] compute=1.85 ms ok
ds4: [t=+84131.4ms] req seq=2569 L33 k=1 ids=[209] w=[0.1956] compute=1.89 ms ok
ds4: [t=+84194.9ms] req seq=2570 L0 k=1 ids=[33] w=[0.1468] compute=2.08 ms ok
ds4: [t=+84195.0ms] tok#255 done: 17 layer-reqs, 25 experts, compute 31.52 ms (1.85 ms/layer), wall 234.71 ms, errors=0, evict-hints=17 | cache: resident=3337/3337 slabs=3 wired=22.00 GiB mlock-fail=0 B hits=2570 misses=0 swaps=2569
ds4: [t=+84195.0ms] tok#255 experts: L0=[78] L2=[96] L5=[177] L7=[10,254,70] L9=[253] L10=[77] L11=[220,203,219] L12=[78] L14=[113] L15=[160,128] L16=[109] L18=[57,137,193] L19=[117,110] L21=[108] L29=[35] L32=[25] L33=[209]
ds4: [t=+84210.4ms] req seq=2571 L3 k=1 ids=[246] w=[0.1025] compute=1.86 ms ok
ds4: [t=+84221.8ms] req seq=2572 L5 k=1 ids=[22] w=[0.2416] compute=1.87 ms ok
ds4: [t=+84229.3ms] req seq=2573 L6 k=2 ids=[75,131] w=[0.1411,0.1223] compute=1.79 ms ok
ds4: [t=+84239.2ms] req seq=2574 L8 k=1 ids=[46] w=[0.4336] compute=1.89 ms ok
ds4: [t=+84256.9ms] req seq=2575 L12 k=1 ids=[86] w=[0.1121] compute=1.91 ms ok
ds4: [t=+84269.1ms] req seq=2576 L14 k=1 ids=[97] w=[0.1667] compute=1.89 ms ok
ds4: [t=+84276.5ms] req seq=2577 L15 k=2 ids=[216,167] w=[0.1986,0.1664] compute=1.84 ms ok
ds4: [t=+84287.3ms] req seq=2578 L17 k=1 ids=[187] w=[0.1660] compute=1.90 ms ok
ds4: [t=+84293.5ms] req seq=2579 L18 k=2 ids=[126,88] w=[0.3937,0.2126] compute=1.85 ms ok
ds4: [t=+84302.8ms] req seq=2580 L20 k=2 ids=[85,206] w=[0.4727,0.1772] compute=1.88 ms ok
ds4: [t=+84321.7ms] req seq=2581 L24 k=3 ids=[25,126,240] w=[0.2140,0.1939,0.1182] compute=1.90 ms ok
ds4: [t=+84358.9ms] req seq=2582 L34 k=1 ids=[96] w=[0.2552] compute=1.90 ms ok
ds4: [t=+84366.8ms] req seq=2583 L36 k=1 ids=[169] w=[0.1958] compute=1.86 ms ok
ds4: [t=+84377.0ms] req seq=2584 L39 k=1 ids=[25] w=[0.1807] compute=1.80 ms ok
ds4: [t=+84408.8ms] req seq=2585 L5 k=1 ids=[137] w=[0.1629] compute=1.85 ms ok
ds4: [t=+84409.0ms] tok#256 done: 15 layer-reqs, 21 experts, compute 28.23 ms (1.88 ms/layer), wall 216.14 ms, errors=0, evict-hints=15 | cache: resident=3337/3337 slabs=3 wired=22.00 GiB mlock-fail=0 B hits=2585 misses=0 swaps=2584
ds4: [t=+84409.0ms] tok#256 experts: L0=[33] L3=[246] L5=[22] L6=[75,131] L8=[46] L12=[86] L14=[97] L15=[216,167] L17=[187] L18=[126,88] L20=[85,206] L24=[25,126,240] L34=[96] L36=[169] L39=[25]
ds4: [t=+84416.1ms] req seq=2586 L7 k=1 ids=[64] w=[0.1486] compute=1.89 ms ok
ds4: [t=+84422.5ms] req seq=2587 L8 k=1 ids=[79] w=[0.1747] compute=1.78 ms ok
ds4: [t=+84432.8ms] req seq=2588 L10 k=3 ids=[229,1,24] w=[0.1977,0.1966,0.1529] compute=1.87 ms ok
ds4: [t=+84439.4ms] req seq=2589 L11 k=1 ids=[162] w=[0.1284] compute=1.77 ms ok
ds4: [t=+84446.8ms] req seq=2590 L12 k=2 ids=[248,234] w=[0.2124,0.1690] compute=1.76 ms ok
ds4: [t=+84456.7ms] req seq=2591 L15 k=1 ids=[68] w=[0.1365] compute=1.85 ms ok
ds4: [t=+84464.1ms] req seq=2592 L16 k=3 ids=[193,230,76] w=[0.3540,0.2713,0.1514] compute=1.83 ms ok
ds4: [t=+84471.7ms] req seq=2593 L17 k=1 ids=[1] w=[0.2264] compute=1.83 ms ok
ds4: [t=+84478.6ms] req seq=2594 L18 k=2 ids=[3,193] w=[0.1987,0.1584] compute=1.75 ms ok
ds4: [t=+84484.5ms] req seq=2595 L19 k=1 ids=[173] w=[0.1534] compute=1.80 ms ok
ds4: [t=+84490.5ms] req seq=2596 L20 k=1 ids=[188] w=[0.1450] compute=1.78 ms ok
ds4: [t=+84497.4ms] req seq=2597 L21 k=2 ids=[121,193] w=[0.1916,0.1781] compute=1.75 ms ok
ds4: [t=+84503.7ms] req seq=2598 L22 k=1 ids=[83] w=[0.2240] compute=1.81 ms ok
ds4: [t=+84512.3ms] req seq=2599 L24 k=2 ids=[126,230] w=[0.3801,0.1899] compute=1.80 ms ok
ds4: [t=+84518.5ms] req seq=2600 L25 k=1 ids=[16] w=[0.1946] compute=1.88 ms ok
ds4: [t=+84524.8ms] req seq=2601 L26 k=1 ids=[221] w=[0.1130] compute=1.81 ms ok
ds4: [t=+84537.8ms] req seq=2602 L29 k=1 ids=[120] w=[0.1634] compute=1.88 ms ok
ds4: [t=+84560.3ms] req seq=2603 L34 k=1 ids=[127] w=[0.3664] compute=1.83 ms ok
ds4: [t=+84566.9ms] req seq=2604 L35 k=1 ids=[64] w=[0.0733] compute=1.85 ms ok
ds4: [t=+84574.9ms] req seq=2605 L37 k=1 ids=[225] w=[0.3178] compute=1.80 ms ok
ds4: [t=+84584.7ms] req seq=2606 L40 k=1 ids=[151] w=[0.1968] compute=1.86 ms ok
ds4: [t=+84607.3ms] req seq=2607 L3 k=1 ids=[251] w=[0.2597] compute=1.88 ms ok
ds4: [t=+84607.4ms] tok#257 done: 22 layer-reqs, 30 experts, compute 40.02 ms (1.82 ms/layer), wall 200.42 ms, errors=0, evict-hints=22 | cache: resident=3337/3337 slabs=3 wired=22.00 GiB mlock-fail=0 B hits=2607 misses=0 swaps=2606
ds4: [t=+84607.5ms] tok#257 experts: L5=[137] L7=[64] L8=[79] L10=[229,1,24] L11=[162] L12=[248,234] L15=[68] L16=[193,230,76] L17=[1] L18=[3,193] L19=[173] L20=[188] L21=[121,193] L22=[83] L24=[126,230] L25=[16] L26=[221] L29=[120] L34=[127] L35=[64] L37=[225] L40=[151]
ds4: [t=+84613.5ms] req seq=2608 L4 k=1 ids=[226] w=[0.2427] compute=1.86 ms ok
ds4: [t=+84632.5ms] req seq=2609 L10 k=2 ids=[6,1] w=[0.2522,0.2138] compute=1.96 ms ok
ds4: [t=+84639.0ms] req seq=2610 L11 k=1 ids=[221] w=[0.2510] compute=1.84 ms ok
ds4: [t=+84650.6ms] req seq=2611 L15 k=1 ids=[42] w=[0.1953] compute=1.90 ms ok
ds4: [t=+84657.0ms] req seq=2612 L16 k=2 ids=[14,230] w=[0.2974,0.2557] compute=1.83 ms ok
ds4: [t=+84665.1ms] req seq=2613 L18 k=1 ids=[105] w=[0.1791] compute=1.79 ms ok
ds4: [t=+84673.4ms] req seq=2614 L20 k=1 ids=[185] w=[0.1805] compute=1.80 ms ok
ds4: [t=+84686.0ms] req seq=2615 L24 k=1 ids=[96] w=[0.0949] compute=1.90 ms ok
ds4: [t=+84699.5ms] req seq=2616 L29 k=1 ids=[210] w=[0.1364] compute=1.88 ms ok
ds4: [t=+84705.6ms] req seq=2617 L30 k=1 ids=[47] w=[0.1814] compute=1.84 ms ok
ds4: [t=+84725.3ms] req seq=2618 L36 k=1 ids=[26] w=[0.1577] compute=1.90 ms ok
ds4: [t=+84770.8ms] req seq=2619 L11 k=1 ids=[101] w=[0.1685] compute=2.06 ms ok
ds4: [t=+84770.9ms] tok#258 done: 12 layer-reqs, 14 experts, compute 22.39 ms (1.87 ms/layer), wall 165.46 ms, errors=0, evict-hints=12 | cache: resident=3337/3337 slabs=3 wired=22.00 GiB mlock-fail=0 B hits=2619 misses=0 swaps=2618
ds4: [t=+84771.0ms] tok#258 experts: L3=[251] L4=[226] L10=[6,1] L11=[221] L15=[42] L16=[14,230] L18=[105] L20=[185] L24=[96] L29=[210] L30=[47] L36=[26]
ds4: [t=+84785.2ms] req seq=2620 L16 k=1 ids=[192] w=[0.1950] compute=1.90 ms ok
ds4: [t=+84791.6ms] req seq=2621 L17 k=1 ids=[71] w=[0.1487] compute=1.86 ms ok
ds4: [t=+84798.0ms] req seq=2622 L18 k=2 ids=[36,54] w=[0.1489,0.1475] compute=1.86 ms ok
ds4: [t=+84803.7ms] req seq=2623 L19 k=1 ids=[201] w=[0.1958] compute=1.76 ms ok
ds4: [t=+84810.6ms] req seq=2624 L21 k=1 ids=[104] w=[0.1212] compute=1.73 ms ok
ds4: [t=+84817.3ms] req seq=2625 L23 k=1 ids=[57] w=[0.0868] compute=1.86 ms ok
ds4: [t=+84858.9ms] req seq=2626 L42 k=1 ids=[241] w=[0.1540] compute=1.92 ms ok
ds4: [t=+84875.2ms] req seq=2627 L3 k=1 ids=[244] w=[0.1101] compute=1.89 ms ok
ds4: [t=+84875.3ms] tok#259 done: 8 layer-reqs, 9 experts, compute 14.94 ms (1.87 ms/layer), wall 106.49 ms, errors=0, evict-hints=8 | cache: resident=3337/3337 slabs=3 wired=22.00 GiB mlock-fail=0 B hits=2627 misses=0 swaps=2626
ds4: [t=+84875.3ms] tok#259 experts: L11=[101] L16=[192] L17=[71] L18=[36,54] L19=[201] L21=[104] L23=[57] L42=[241]
ds4: [t=+84884.4ms] req seq=2628 L6 k=1 ids=[186] w=[0.1253] compute=1.89 ms ok
ds4: [t=+84894.4ms] req seq=2629 L9 k=1 ids=[44] w=[0.1425] compute=1.80 ms ok
ds4: [t=+84901.7ms] req seq=2630 L11 k=1 ids=[218] w=[0.1834] compute=1.87 ms ok
ds4: [t=+84907.7ms] req seq=2631 L12 k=1 ids=[129] w=[0.1404] compute=1.82 ms ok
ds4: [t=+84923.4ms] req seq=2632 L18 k=1 ids=[145] w=[0.2628] compute=1.86 ms ok
ds4: [t=+84930.4ms] req seq=2633 L20 k=1 ids=[130] w=[0.1382] compute=1.84 ms ok
ds4: [t=+84937.5ms] req seq=2634 L22 k=1 ids=[25] w=[0.1764] compute=1.83 ms ok
ds4: [t=+84945.4ms] req seq=2635 L24 k=1 ids=[236] w=[0.0754] compute=1.78 ms ok
ds4: [t=+84951.6ms] req seq=2636 L25 k=1 ids=[242] w=[0.1646] compute=1.87 ms ok
ds4: [t=+84966.3ms] req seq=2637 L30 k=1 ids=[247] w=[0.1292] compute=1.88 ms ok
ds4: [t=+84982.6ms] req seq=2638 L34 k=1 ids=[160] w=[0.1948] compute=1.88 ms ok
ds4: [t=+85034.1ms] req seq=2639 L7 k=1 ids=[254] w=[0.1110] compute=2.07 ms ok
ds4: [t=+85034.2ms] tok#260 done: 12 layer-reqs, 12 experts, compute 22.21 ms (1.85 ms/layer), wall 160.91 ms, errors=0, evict-hints=12 | cache: resident=3337/3337 slabs=3 wired=22.00 GiB mlock-fail=0 B hits=2639 misses=0 swaps=2638
ds4: [t=+85034.3ms] tok#260 experts: L3=[244] L6=[186] L9=[44] L11=[218] L12=[129] L18=[145] L20=[130] L22=[25] L24=[236] L25=[242] L30=[247] L34=[160]
ds4: [t=+85046.9ms] req seq=2640 L11 k=1 ids=[157] w=[0.1909] compute=1.82 ms ok
ds4: [t=+85063.5ms] req seq=2641 L17 k=1 ids=[128] w=[0.2269] compute=1.88 ms ok
ds4: [t=+85069.8ms] req seq=2642 L18 k=1 ids=[199] w=[0.2530] compute=1.85 ms ok
ds4: [t=+85080.7ms] req seq=2643 L22 k=1 ids=[181] w=[0.1624] compute=1.81 ms ok
ds4: [t=+85130.6ms] req seq=2644 L3 k=1 ids=[127] w=[0.2039] compute=1.91 ms ok
ds4: [t=+85130.7ms] tok#261 done: 5 layer-reqs, 5 experts, compute 9.43 ms (1.89 ms/layer), wall 98.62 ms, errors=0, evict-hints=5 | cache: resident=3337/3337 slabs=3 wired=22.00 GiB mlock-fail=0 B hits=2644 misses=0 swaps=2643
ds4: [t=+85130.7ms] tok#261 experts: L7=[254] L11=[157] L17=[128] L18=[199] L22=[181]
ds4: [t=+85136.9ms] req seq=2645 L4 k=1 ids=[213] w=[0.1444] compute=1.89 ms ok
ds4: [t=+85143.7ms] req seq=2646 L6 k=1 ids=[227] w=[0.3990] compute=1.78 ms ok
ds4: [t=+85150.3ms] req seq=2647 L7 k=2 ids=[30,65] w=[0.2812,0.1743] compute=1.90 ms ok
ds4: [t=+85156.7ms] req seq=2648 L8 k=1 ids=[97] w=[0.4256] compute=1.80 ms ok
ds4: [t=+85162.7ms] req seq=2649 L9 k=1 ids=[232] w=[0.1034] compute=1.78 ms ok
ds4: [t=+85168.3ms] req seq=2650 L10 k=1 ids=[250] w=[0.1686] compute=1.88 ms ok
ds4: [t=+85174.4ms] req seq=2651 L11 k=2 ids=[171,197] w=[0.3996,0.1777] compute=1.77 ms ok
ds4: [t=+85184.6ms] req seq=2652 L15 k=1 ids=[229] w=[0.2080] compute=1.82 ms ok
ds4: [t=+85196.9ms] req seq=2653 L20 k=1 ids=[66] w=[0.2038] compute=1.81 ms ok
ds4: [t=+85203.9ms] req seq=2654 L22 k=1 ids=[232] w=[0.3031] compute=1.86 ms ok
ds4: [t=+85263.1ms] req seq=2655 L42 k=1 ids=[147] w=[0.1172] compute=2.12 ms ok
ds4: [t=+85291.4ms] req seq=2656 L7 k=2 ids=[65,81] w=[0.3540,0.1721] compute=1.84 ms ok
ds4: [t=+85291.5ms] tok#262 done: 12 layer-reqs, 14 experts, compute 22.31 ms (1.86 ms/layer), wall 162.84 ms, errors=0, evict-hints=12 | cache: resident=3337/3337 slabs=3 wired=22.00 GiB mlock-fail=0 B hits=2656 misses=0 swaps=2655
ds4: [t=+85291.5ms] tok#262 experts: L3=[127] L4=[213] L6=[227] L7=[30,65] L8=[97] L9=[232] L10=[250] L11=[171,197] L15=[229] L20=[66] L22=[232] L42=[147]
ds4: [t=+85297.8ms] req seq=2657 L9 k=1 ids=[23] w=[0.1005] compute=1.81 ms ok
ds4: [t=+85306.2ms] req seq=2658 L11 k=1 ids=[103] w=[0.1445] compute=1.83 ms ok
ds4: [t=+85312.6ms] req seq=2659 L13 k=1 ids=[121] w=[0.1391] compute=1.77 ms ok
ds4: [t=+85321.9ms] req seq=2660 L16 k=1 ids=[6] w=[0.1845] compute=1.86 ms ok
ds4: [t=+85327.8ms] req seq=2661 L17 k=1 ids=[218] w=[0.5210] compute=1.80 ms ok
ds4: [t=+85334.0ms] req seq=2662 L18 k=2 ids=[58,39] w=[0.3893,0.1273] compute=1.84 ms ok
ds4: [t=+85340.7ms] req seq=2663 L19 k=1 ids=[64] w=[0.1456] compute=1.84 ms ok
ds4: [t=+85348.1ms] req seq=2664 L21 k=1 ids=[67] w=[0.2029] compute=1.91 ms ok
ds4: [t=+85355.4ms] req seq=2665 L23 k=1 ids=[25] w=[0.4656] compute=1.82 ms ok
ds4: [t=+85361.7ms] req seq=2666 L24 k=1 ids=[217] w=[0.1165] compute=1.80 ms ok
ds4: [t=+85368.0ms] req seq=2667 L25 k=2 ids=[135,0] w=[0.1804,0.1732] compute=1.87 ms ok
ds4: [t=+85385.4ms] req seq=2668 L29 k=1 ids=[158] w=[0.0843] compute=1.89 ms ok
ds4: [t=+85397.7ms] req seq=2669 L32 k=1 ids=[30] w=[0.1073] compute=1.86 ms ok
ds4: [t=+85405.1ms] req seq=2670 L34 k=1 ids=[149] w=[0.1714] compute=1.88 ms ok
ds4: [t=+85412.6ms] req seq=2671 L36 k=1 ids=[224] w=[0.2180] compute=1.81 ms ok
ds4: [t=+85450.4ms] req seq=2672 L0 k=1 ids=[87] w=[0.0436] compute=1.86 ms ok
ds4: [t=+85450.5ms] tok#263 done: 16 layer-reqs, 19 experts, compute 29.45 ms (1.84 ms/layer), wall 160.92 ms, errors=0, evict-hints=16 | cache: resident=3337/3337 slabs=3 wired=22.00 GiB mlock-fail=0 B hits=2672 misses=0 swaps=2671
ds4: [t=+85450.6ms] tok#263 experts: L7=[65,81] L9=[23] L11=[103] L13=[121] L16=[6] L17=[218] L18=[58,39] L19=[64] L21=[67] L23=[25] L24=[217] L25=[135,0] L29=[158] L32=[30] L34=[149] L36=[224]
ds4: [t=+85476.3ms] req seq=2673 L12 k=2 ids=[141,77] w=[0.1555,0.1032] compute=1.86 ms ok
ds4: [t=+85484.9ms] req seq=2674 L14 k=1 ids=[100] w=[0.1303] compute=1.83 ms ok
ds4: [t=+85494.7ms] req seq=2675 L18 k=1 ids=[196] w=[0.1386] compute=1.81 ms ok
ds4: [t=+85501.0ms] req seq=2676 L19 k=2 ids=[202,149] w=[0.6068,0.1555] compute=1.90 ms ok
ds4: [t=+85508.8ms] req seq=2677 L21 k=2 ids=[20,113] w=[0.1699,0.1657] compute=1.82 ms ok
ds4: [t=+85515.4ms] req seq=2678 L22 k=2 ids=[165,72] w=[0.2933,0.2057] compute=1.80 ms ok
ds4: [t=+85521.6ms] req seq=2679 L23 k=1 ids=[31] w=[0.1294] compute=1.81 ms ok
ds4: [t=+85528.0ms] req seq=2680 L24 k=1 ids=[247] w=[0.0954] compute=1.81 ms ok
ds4: [t=+85565.2ms] req seq=2681 L37 k=1 ids=[177] w=[0.1232] compute=1.56 ms ok
ds4: [t=+85580.0ms] req seq=2682 L41 k=1 ids=[66] w=[0.2161] compute=1.47 ms ok
ds4: [t=+85598.7ms] req seq=2683 L3 k=1 ids=[155] w=[0.3510] compute=1.72 ms ok
ds4: [t=+85598.8ms] tok#264 done: 11 layer-reqs, 15 experts, compute 19.54 ms (1.78 ms/layer), wall 150.19 ms, errors=0, evict-hints=11 | cache: resident=3337/3337 slabs=3 wired=22.00 GiB mlock-fail=0 B hits=2683 misses=0 swaps=2682
ds4: [t=+85598.8ms] tok#264 experts: L0=[87] L12=[141,77] L14=[100] L18=[196] L19=[202,149] L21=[20,113] L22=[165,72] L23=[31] L24=[247] L37=[177] L41=[66]
ds4: [t=+85608.8ms] req seq=2684 L7 k=1 ids=[60] w=[0.1613] compute=1.49 ms ok
ds4: [t=+85621.4ms] req seq=2685 L13 k=1 ids=[149] w=[0.1732] compute=1.61 ms ok
ds4: [t=+85639.4ms] req seq=2686 L22 k=1 ids=[123] w=[0.1170] compute=1.62 ms ok
ds4: [t=+85652.2ms] req seq=2687 L28 k=1 ids=[203] w=[0.0777] compute=1.60 ms ok
ds4: [t=+85694.7ms] req seq=2688 L3 k=1 ids=[142] w=[0.1204] compute=1.65 ms ok
ds4: [t=+85694.8ms] tok#265 done: 5 layer-reqs, 5 experts, compute 8.04 ms (1.61 ms/layer), wall 97.81 ms, errors=0, evict-hints=5 | cache: resident=3337/3337 slabs=3 wired=22.00 GiB mlock-fail=0 B hits=2688 misses=0 swaps=2687
ds4: [t=+85694.8ms] tok#265 experts: L3=[155] L7=[60] L13=[149] L22=[123] L28=[203]
ds4: [t=+85701.1ms] req seq=2689 L5 k=1 ids=[247] w=[0.1090] compute=1.77 ms ok
ds4: [t=+85707.6ms] req seq=2690 L7 k=1 ids=[178] w=[0.2133] compute=1.70 ms ok
ds4: [t=+85720.0ms] req seq=2691 L12 k=1 ids=[77] w=[0.1188] compute=1.74 ms ok
ds4: [t=+85726.3ms] req seq=2692 L14 k=1 ids=[255] w=[0.1179] compute=1.68 ms ok
ds4: [t=+85740.5ms] req seq=2693 L21 k=2 ids=[26,113] w=[0.1910,0.1868] compute=1.92 ms ok
ds4: [t=+85749.3ms] req seq=2694 L24 k=1 ids=[74] w=[0.0874] compute=2.06 ms ok
ds4: [t=+85795.1ms] req seq=2695 L3 k=1 ids=[247] w=[0.1538] compute=1.97 ms ok
ds4: [t=+85795.2ms] tok#266 done: 7 layer-reqs, 8 experts, compute 12.51 ms (1.79 ms/layer), wall 102.21 ms, errors=0, evict-hints=7 | cache: resident=3337/3337 slabs=3 wired=22.00 GiB mlock-fail=0 B hits=2695 misses=0 swaps=2694
ds4: [t=+85795.3ms] tok#266 experts: L3=[142] L5=[247] L7=[178] L12=[77] L14=[255] L21=[26,113] L24=[74]
ds4: [t=+85801.3ms] req seq=2696 L4 k=3 ids=[143,70,30] w=[0.2747,0.1939,0.1793] compute=1.83 ms ok
ds4: [t=+85808.0ms] req seq=2697 L5 k=2 ids=[116,139] w=[0.2878,0.1824] compute=1.76 ms ok
ds4: [t=+85814.4ms] req seq=2698 L6 k=3 ids=[35,87,97] w=[0.2786,0.1741,0.1564] compute=1.73 ms ok
ds4: [t=+85829.8ms] req seq=2699 L9 k=2 ids=[127,106] w=[0.1819,0.1244] compute=1.93 ms ok
ds4: [t=+85840.0ms] req seq=2700 L11 k=1 ids=[95] w=[0.1365] compute=1.88 ms ok
ds4: [t=+85846.4ms] req seq=2701 L12 k=2 ids=[96,46] w=[0.2108,0.1929] compute=1.90 ms ok
ds4: [t=+85855.7ms] req seq=2702 L15 k=1 ids=[15] w=[0.3406] compute=1.89 ms ok
ds4: [t=+85861.9ms] req seq=2703 L16 k=1 ids=[133] w=[0.2336] compute=1.88 ms ok
ds4: [t=+85868.3ms] req seq=2704 L17 k=1 ids=[162] w=[0.2579] compute=1.85 ms ok
ds4: [t=+85875.5ms] req seq=2705 L19 k=1 ids=[225] w=[0.2589] compute=1.84 ms ok
ds4: [t=+85881.7ms] req seq=2706 L20 k=1 ids=[100] w=[0.1905] compute=1.86 ms ok
ds4: [t=+85888.3ms] req seq=2707 L21 k=2 ids=[193,192] w=[0.3395,0.1359] compute=1.85 ms ok
ds4: [t=+85896.1ms] req seq=2708 L22 k=4 ids=[185,128,72,101] w=[0.4739,0.2406,0.1931,0.1535] compute=1.88 ms ok
ds4: [t=+85902.9ms] req seq=2709 L23 k=1 ids=[73] w=[0.2411] compute=1.90 ms ok
ds4: [t=+85940.8ms] req seq=2710 L32 k=1 ids=[175] w=[0.0738] compute=1.88 ms ok
ds4: [t=+85952.1ms] req seq=2711 L34 k=1 ids=[235] w=[0.1150] compute=1.89 ms ok
ds4: [t=+85962.9ms] req seq=2712 L36 k=1 ids=[194] w=[0.2734] compute=1.85 ms ok
ds4: [t=+85974.3ms] req seq=2713 L39 k=1 ids=[142] w=[0.3341] compute=1.90 ms ok
ds4: [t=+85980.7ms] req seq=2714 L40 k=1 ids=[4] w=[0.1490] compute=1.79 ms ok
ds4: [t=+85987.2ms] req seq=2715 L41 k=1 ids=[21] w=[0.2020] compute=1.85 ms ok
ds4: [t=+85994.1ms] req seq=2716 L42 k=2 ids=[209,136] w=[0.5814,0.2641] compute=1.85 ms ok
ds4: [t=+86014.9ms] req seq=2717 L4 k=1 ids=[30] w=[0.2144] compute=1.89 ms ok
ds4: [t=+86015.0ms] tok#267 done: 22 layer-reqs, 34 experts, compute 40.95 ms (1.86 ms/layer), wall 221.81 ms, errors=0, evict-hints=22 | cache: resident=3337/3337 slabs=3 wired=22.00 GiB mlock-fail=0 B hits=2717 misses=0 swaps=2716
ds4: [t=+86015.1ms] tok#267 experts: L3=[247] L4=[143,70,30] L5=[116,139] L6=[35,87,97] L9=[127,106] L11=[95] L12=[96,46] L15=[15] L16=[133] L17=[162] L19=[225] L20=[100] L21=[193,192] L22=[185,128,72,101] L23=[73] L32=[175] L34=[235] L36=[194] L39=[142] L40=[4] L41=[21] L42=[209,136]
ds4: [t=+86021.1ms] req seq=2718 L6 k=2 ids=[97,87] w=[0.2013,0.1822] compute=1.50 ms ok
ds4: [t=+86027.3ms] req seq=2719 L7 k=1 ids=[177] w=[0.0783] compute=1.43 ms ok
ds4: [t=+86033.4ms] req seq=2720 L8 k=1 ids=[181] w=[0.1755] compute=1.59 ms ok
ds4: [t=+86039.7ms] req seq=2721 L10 k=1 ids=[64] w=[0.1083] compute=1.46 ms ok
ds4: [t=+86049.8ms] req seq=2722 L14 k=1 ids=[181] w=[0.1640] compute=1.61 ms ok
ds4: [t=+86055.9ms] req seq=2723 L16 k=1 ids=[50] w=[0.1861] compute=1.46 ms ok
ds4: [t=+86064.5ms] req seq=2724 L19 k=1 ids=[49] w=[0.0942] compute=1.38 ms ok
ds4: [t=+86070.5ms] req seq=2725 L20 k=1 ids=[203] w=[0.1625] compute=1.54 ms ok
ds4: [t=+86076.3ms] req seq=2726 L21 k=1 ids=[37] w=[0.1370] compute=1.41 ms ok
ds4: [t=+86082.1ms] req seq=2727 L22 k=3 ids=[128,112,72] w=[0.4077,0.1685,0.1374] compute=1.64 ms ok
ds4: [t=+86088.5ms] req seq=2728 L24 k=1 ids=[2] w=[0.0776] compute=1.51 ms ok
ds4: [t=+86099.4ms] req seq=2729 L28 k=1 ids=[31] w=[0.1355] compute=1.79 ms ok
ds4: [t=+86137.5ms] req seq=2730 L42 k=1 ids=[136] w=[0.2016] compute=1.80 ms ok
ds4: [t=+86154.2ms] req seq=2731 L3 k=1 ids=[173] w=[0.2242] compute=1.70 ms ok
ds4: [t=+86154.3ms] tok#268 done: 14 layer-reqs, 17 experts, compute 22.00 ms (1.57 ms/layer), wall 141.27 ms, errors=0, evict-hints=14 | cache: resident=3337/3337 slabs=3 wired=22.00 GiB mlock-fail=0 B hits=2731 misses=0 swaps=2730
ds4: [t=+86154.3ms] tok#268 experts: L4=[30] L6=[97,87] L7=[177] L8=[181] L10=[64] L14=[181] L16=[50] L19=[49] L20=[203] L21=[37] L22=[128,112,72] L24=[2] L28=[31] L42=[136]
ds4: [t=+86162.3ms] req seq=2732 L6 k=1 ids=[87] w=[0.2024] compute=1.51 ms ok
ds4: [t=+86177.6ms] req seq=2733 L12 k=1 ids=[103] w=[0.0964] compute=1.75 ms ok
ds4: [t=+86190.1ms] req seq=2734 L17 k=1 ids=[59] w=[0.1682] compute=1.85 ms ok
ds4: [t=+86196.9ms] req seq=2735 L19 k=2 ids=[19,111] w=[0.1620,0.1240] compute=1.72 ms ok
ds4: [t=+86205.0ms] req seq=2736 L22 k=1 ids=[112] w=[0.1875] compute=1.86 ms ok
ds4: [t=+86212.0ms] req seq=2737 L24 k=1 ids=[77] w=[0.0799] compute=1.80 ms ok
ds4: [t=+86218.3ms] req seq=2738 L25 k=1 ids=[0] w=[0.1172] compute=1.83 ms ok
ds4: [t=+86265.0ms] req seq=2739 L3 k=1 ids=[249] w=[0.3018] compute=1.95 ms ok
ds4: [t=+86265.1ms] tok#269 done: 8 layer-reqs, 9 experts, compute 14.01 ms (1.75 ms/layer), wall 112.56 ms, errors=0, evict-hints=8 | cache: resident=3337/3337 slabs=3 wired=22.00 GiB mlock-fail=0 B hits=2739 misses=0 swaps=2738
ds4: [t=+86265.1ms] tok#269 experts: L3=[173] L6=[87] L12=[103] L17=[59] L19=[19,111] L22=[112] L24=[77] L25=[0]
ds4: [t=+86270.7ms] req seq=2740 L4 k=1 ids=[55] w=[0.1562] compute=1.48 ms ok
ds4: [t=+86276.5ms] req seq=2741 L5 k=1 ids=[78] w=[0.0966] compute=1.42 ms ok
ds4: [t=+86282.8ms] req seq=2742 L6 k=1 ids=[13] w=[0.1280] compute=1.55 ms ok
ds4: [t=+86292.6ms] req seq=2743 L9 k=1 ids=[22] w=[0.1492] compute=1.46 ms ok
ds4: [t=+86313.2ms] req seq=2744 L17 k=1 ids=[217] w=[0.1979] compute=1.53 ms ok
ds4: [t=+86319.1ms] req seq=2745 L18 k=1 ids=[122] w=[0.1202] compute=1.61 ms ok
ds4: [t=+86324.6ms] req seq=2746 L19 k=2 ids=[162,67] w=[0.1155,0.1087] compute=1.43 ms ok
ds4: [t=+86336.2ms] req seq=2747 L24 k=1 ids=[18] w=[0.0749] compute=1.62 ms ok
ds4: [t=+86378.2ms] req seq=2748 L40 k=1 ids=[255] w=[0.1443] compute=1.79 ms ok
ds4: [t=+86398.9ms] req seq=2749 L5 k=1 ids=[206] w=[0.1982] compute=1.88 ms ok
ds4: [t=+86399.0ms] tok#270 done: 10 layer-reqs, 11 experts, compute 15.84 ms (1.58 ms/layer), wall 135.95 ms, errors=0, evict-hints=10 | cache: resident=3337/3337 slabs=3 wired=22.00 GiB mlock-fail=0 B hits=2749 misses=0 swaps=2748
ds4: [t=+86399.1ms] tok#270 experts: L3=[249] L4=[55] L5=[78] L6=[13] L9=[22] L17=[217] L18=[122] L19=[162,67] L24=[18] L40=[255]
ds4: [t=+86405.6ms] req seq=2750 L7 k=1 ids=[89] w=[0.1130] compute=1.74 ms ok
ds4: [t=+86411.7ms] req seq=2751 L9 k=1 ids=[206] w=[0.1309] compute=1.48 ms ok
ds4: [t=+86431.2ms] req seq=2752 L19 k=1 ids=[106] w=[0.1234] compute=1.79 ms ok
ds4: [t=+86437.4ms] req seq=2753 L20 k=1 ids=[178] w=[0.1956] compute=1.82 ms ok
ds4: [t=+86443.8ms] req seq=2754 L21 k=1 ids=[139] w=[0.1893] compute=1.64 ms ok
ds4: [t=+86449.7ms] req seq=2755 L22 k=1 ids=[73] w=[0.1997] compute=1.82 ms ok
ds4: [t=+86505.0ms] req seq=2756 L3 k=1 ids=[27] w=[0.2013] compute=1.89 ms ok
ds4: [t=+86505.1ms] tok#271 done: 7 layer-reqs, 7 experts, compute 12.17 ms (1.74 ms/layer), wall 108.04 ms, errors=0, evict-hints=7 | cache: resident=3337/3337 slabs=3 wired=22.00 GiB mlock-fail=0 B hits=2756 misses=0 swaps=2755
ds4: [t=+86505.2ms] tok#271 experts: L5=[206] L7=[89] L9=[206] L19=[106] L20=[178] L21=[139] L22=[73]
ds4: [t=+86513.1ms] req seq=2757 L4 k=1 ids=[51] w=[0.2113] compute=1.82 ms ok
ds4: [t=+86519.6ms] req seq=2758 L5 k=1 ids=[21] w=[0.1970] compute=1.82 ms ok
ds4: [t=+86535.6ms] req seq=2759 L10 k=1 ids=[118] w=[0.1602] compute=1.89 ms ok
ds4: [t=+86543.5ms] req seq=2760 L12 k=1 ids=[93] w=[0.1673] compute=1.83 ms ok
ds4: [t=+86553.0ms] req seq=2761 L15 k=1 ids=[157] w=[0.3792] compute=1.88 ms ok
ds4: [t=+86558.9ms] req seq=2762 L16 k=2 ids=[34,76] w=[0.3227,0.1985] compute=1.82 ms ok
ds4: [t=+86574.6ms] req seq=2763 L20 k=2 ids=[181,207] w=[0.2141,0.1655] compute=1.84 ms ok
ds4: [t=+86580.9ms] req seq=2764 L21 k=2 ids=[34,222] w=[0.1939,0.1469] compute=1.81 ms ok
ds4: [t=+86587.0ms] req seq=2765 L22 k=3 ids=[10,107,183] w=[0.3156,0.2850,0.2242] compute=1.86 ms ok
ds4: [t=+86593.3ms] req seq=2766 L23 k=2 ids=[27,218] w=[0.1617,0.1156] compute=1.84 ms ok
ds4: [t=+86599.5ms] req seq=2767 L24 k=1 ids=[231] w=[0.1600] compute=1.87 ms ok
ds4: [t=+86615.9ms] req seq=2768 L31 k=1 ids=[33] w=[0.2269] compute=1.89 ms ok
ds4: [t=+86670.2ms] req seq=2769 L3 k=1 ids=[115] w=[0.2631] compute=2.07 ms ok
ds4: [t=+86670.3ms] tok#272 done: 13 layer-reqs, 19 experts, compute 24.06 ms (1.85 ms/layer), wall 167.21 ms, errors=0, evict-hints=13 | cache: resident=3337/3337 slabs=3 wired=22.00 GiB mlock-fail=0 B hits=2769 misses=0 swaps=2768
ds4: [t=+86670.4ms] tok#272 experts: L3=[27] L4=[51] L5=[21] L10=[118] L12=[93] L15=[157] L16=[34,76] L20=[181,207] L21=[34,222] L22=[10,107,183] L23=[27,218] L24=[231] L31=[33]
ds4: [t=+86678.7ms] req seq=2770 L6 k=1 ids=[52] w=[0.3367] compute=1.85 ms ok
ds4: [t=+86685.0ms] req seq=2771 L7 k=1 ids=[75] w=[0.3150] compute=1.84 ms ok
ds4: [t=+86690.5ms] req seq=2772 L8 k=1 ids=[238] w=[0.2030] compute=1.78 ms ok
ds4: [t=+86696.4ms] req seq=2773 L9 k=1 ids=[200] w=[0.1040] compute=1.76 ms ok
ds4: [t=+86718.0ms] req seq=2774 L19 k=2 ids=[92,111] w=[0.1662,0.1167] compute=1.89 ms ok
ds4: [t=+86727.3ms] req seq=2775 L22 k=2 ids=[201,172] w=[0.2137,0.1583] compute=1.78 ms ok
ds4: [t=+86733.6ms] req seq=2776 L23 k=1 ids=[213] w=[0.1183] compute=1.77 ms ok
ds4: [t=+86798.3ms] req seq=2777 L10 k=1 ids=[90] w=[0.2730] compute=1.96 ms ok
ds4: [t=+86798.4ms] tok#273 done: 8 layer-reqs, 10 experts, compute 14.75 ms (1.84 ms/layer), wall 130.27 ms, errors=0, evict-hints=8 | cache: resident=3337/3337 slabs=3 wired=22.00 GiB mlock-fail=0 B hits=2777 misses=0 swaps=2776
ds4: [t=+86798.5ms] tok#273 experts: L3=[115] L6=[52] L7=[75] L8=[238] L9=[200] L19=[92,111] L22=[201,172] L23=[213]
ds4: [t=+86804.8ms] req seq=2778 L11 k=1 ids=[132] w=[0.2311] compute=1.48 ms ok
ds4: [t=+86818.9ms] req seq=2779 L18 k=1 ids=[222] w=[0.2309] compute=1.50 ms ok
ds4: [t=+86826.6ms] req seq=2780 L21 k=1 ids=[17] w=[0.2497] compute=1.41 ms ok
ds4: [t=+86845.3ms] req seq=2781 L30 k=1 ids=[135] w=[0.2199] compute=1.50 ms ok
ds4: [t=+86860.1ms] req seq=2782 L35 k=1 ids=[73] w=[0.1312] compute=1.51 ms ok
ds4: [t=+86891.4ms] req seq=2783 L3 k=2 ids=[67,204] w=[0.2055,0.1831] compute=1.61 ms ok
ds4: [t=+86891.5ms] tok#274 done: 6 layer-reqs, 6 experts, compute 9.36 ms (1.56 ms/layer), wall 95.14 ms, errors=0, evict-hints=6 | cache: resident=3337/3337 slabs=3 wired=22.00 GiB mlock-fail=0 B hits=2783 misses=0 swaps=2782
ds4: [t=+86891.6ms] tok#274 experts: L10=[90] L11=[132] L18=[222] L21=[17] L30=[135] L35=[73]
ds4: [t=+86899.6ms] req seq=2784 L5 k=1 ids=[176] w=[0.0940] compute=1.75 ms ok
ds4: [t=+86908.9ms] req seq=2785 L8 k=1 ids=[172] w=[0.4938] compute=1.59 ms ok
ds4: [t=+86914.8ms] req seq=2786 L9 k=1 ids=[106] w=[0.1750] compute=1.57 ms ok
ds4: [t=+86921.0ms] req seq=2787 L10 k=1 ids=[125] w=[0.1037] compute=1.69 ms ok
ds4: [t=+86927.4ms] req seq=2788 L11 k=1 ids=[119] w=[0.1406] compute=1.55 ms ok
ds4: [t=+86937.0ms] req seq=2789 L15 k=1 ids=[186] w=[0.1756] compute=1.73 ms ok
ds4: [t=+86942.9ms] req seq=2790 L16 k=2 ids=[24,59] w=[0.2769,0.2173] compute=1.70 ms ok
ds4: [t=+86951.0ms] req seq=2791 L19 k=2 ids=[224,67] w=[0.5048,0.1070] compute=1.72 ms ok
ds4: [t=+86959.5ms] req seq=2792 L22 k=1 ids=[61] w=[0.3822] compute=1.68 ms ok
ds4: [t=+86978.6ms] req seq=2793 L29 k=1 ids=[98] w=[0.2373] compute=1.77 ms ok
ds4: [t=+87001.7ms] req seq=2794 L39 k=1 ids=[52] w=[0.2643] compute=1.88 ms ok
ds4: [t=+87024.3ms] req seq=2795 L4 k=1 ids=[127] w=[0.2662] compute=1.89 ms ok
ds4: [t=+87024.4ms] tok#275 done: 12 layer-reqs, 15 experts, compute 20.24 ms (1.69 ms/layer), wall 134.58 ms, errors=0, evict-hints=12 | cache: resident=3337/3337 slabs=3 wired=22.00 GiB mlock-fail=0 B hits=2795 misses=0 swaps=2794
ds4: [t=+87024.5ms] tok#275 experts: L3=[67,204] L5=[176] L8=[172] L9=[106] L10=[125] L11=[119] L15=[186] L16=[24,59] L19=[224,67] L22=[61] L29=[98] L39=[52]
ds4: [t=+87034.0ms] req seq=2796 L7 k=1 ids=[82] w=[0.1355] compute=1.87 ms ok
ds4: [t=+87046.0ms] req seq=2797 L10 k=1 ids=[1] w=[0.2472] compute=1.77 ms ok
ds4: [t=+87052.5ms] req seq=2798 L12 k=1 ids=[25] w=[0.1674] compute=1.87 ms ok
ds4: [t=+87063.9ms] req seq=2799 L16 k=2 ids=[64,230] w=[0.3019,0.1994] compute=1.80 ms ok
ds4: [t=+87069.8ms] req seq=2800 L17 k=1 ids=[241] w=[0.2140] compute=1.85 ms ok
ds4: [t=+87079.2ms] req seq=2801 L21 k=1 ids=[211] w=[0.1138] compute=1.84 ms ok
ds4: [t=+87085.8ms] req seq=2802 L22 k=1 ids=[183] w=[0.1705] compute=1.82 ms ok
ds4: [t=+87091.6ms] req seq=2803 L23 k=2 ids=[172,221] w=[0.1729,0.0932] compute=1.90 ms ok
ds4: [t=+87135.0ms] req seq=2804 L0 k=1 ids=[204] w=[0.1614] compute=2.09 ms ok
ds4: [t=+87135.1ms] tok#276 done: 9 layer-reqs, 11 experts, compute 16.58 ms (1.84 ms/layer), wall 112.67 ms, errors=0, evict-hints=9 | cache: resident=3337/3337 slabs=3 wired=22.00 GiB mlock-fail=0 B hits=2804 misses=0 swaps=2803
ds4: [t=+87135.2ms] tok#276 experts: L4=[127] L7=[82] L10=[1] L12=[25] L16=[64,230] L17=[241] L21=[211] L22=[183] L23=[172,221]
ds4: [t=+87167.0ms] req seq=2805 L15 k=1 ids=[91] w=[0.1606] compute=1.87 ms ok
ds4: [t=+87173.2ms] req seq=2806 L16 k=1 ids=[188] w=[0.1674] compute=1.80 ms ok
ds4: [t=+87179.5ms] req seq=2807 L18 k=2 ids=[176,225] w=[0.2025,0.1633] compute=1.76 ms ok
ds4: [t=+87188.5ms] req seq=2808 L22 k=1 ids=[251] w=[0.1711] compute=1.79 ms ok
ds4: [t=+87199.8ms] req seq=2809 L27 k=1 ids=[83] w=[0.0794] compute=1.90 ms ok
ds4: [t=+87215.9ms] req seq=2810 L34 k=1 ids=[8] w=[0.2501] compute=1.90 ms ok
ds4: [t=+87252.3ms] req seq=2811 L4 k=2 ids=[136,138] w=[0.1253,0.1107] compute=1.89 ms ok
ds4: [t=+87252.4ms] tok#277 done: 7 layer-reqs, 8 experts, compute 13.12 ms (1.87 ms/layer), wall 119.42 ms, errors=0, evict-hints=7 | cache: resident=3337/3337 slabs=3 wired=22.00 GiB mlock-fail=0 B hits=2811 misses=0 swaps=2810
ds4: [t=+87252.4ms] tok#277 experts: L0=[204] L15=[91] L16=[188] L18=[176,225] L22=[251] L27=[83] L34=[8]
ds4: [t=+87258.5ms] req seq=2812 L5 k=1 ids=[8] w=[0.1357] compute=1.86 ms ok
ds4: [t=+87264.8ms] req seq=2813 L6 k=1 ids=[210] w=[0.1356] compute=1.80 ms ok
ds4: [t=+87273.1ms] req seq=2814 L9 k=1 ids=[175] w=[0.4033] compute=1.76 ms ok
ds4: [t=+87279.0ms] req seq=2815 L10 k=1 ids=[198] w=[0.1452] compute=1.76 ms ok
ds4: [t=+87287.1ms] req seq=2816 L13 k=1 ids=[75] w=[0.2149] compute=1.82 ms ok
ds4: [t=+87293.8ms] req seq=2817 L15 k=1 ids=[12] w=[0.1648] compute=1.88 ms ok
ds4: [t=+87299.8ms] req seq=2818 L16 k=2 ids=[151,59] w=[0.1978,0.1974] compute=1.90 ms ok
ds4: [t=+87307.5ms] req seq=2819 L18 k=1 ids=[177] w=[0.1716] compute=1.87 ms ok
ds4: [t=+87313.8ms] req seq=2820 L19 k=1 ids=[199] w=[0.0692] compute=1.77 ms ok
ds4: [t=+87330.8ms] req seq=2821 L25 k=1 ids=[18] w=[0.1003] compute=1.90 ms ok
ds4: [t=+87346.2ms] req seq=2822 L30 k=1 ids=[15] w=[0.2200] compute=1.87 ms ok
ds4: [t=+87385.2ms] req seq=2823 L42 k=1 ids=[50] w=[0.1273] compute=1.87 ms ok
ds4: [t=+87417.1ms] req seq=2824 L5 k=1 ids=[134] w=[0.1036] compute=1.86 ms ok
ds4: [t=+87417.2ms] tok#278 done: 13 layer-reqs, 15 experts, compute 23.94 ms (1.84 ms/layer), wall 166.77 ms, errors=0, evict-hints=13 | cache: resident=3337/3337 slabs=3 wired=22.00 GiB mlock-fail=0 B hits=2824 misses=0 swaps=2823
ds4: [t=+87417.2ms] tok#278 experts: L4=[136,138] L5=[8] L6=[210] L9=[175] L10=[198] L13=[75] L15=[12] L16=[151,59] L18=[177] L19=[199] L25=[18] L30=[15] L42=[50]
ds4: [t=+87424.7ms] req seq=2825 L7 k=1 ids=[168] w=[0.1941] compute=1.84 ms ok
ds4: [t=+87433.2ms] req seq=2826 L9 k=1 ids=[107] w=[0.1202] compute=1.84 ms ok
ds4: [t=+87468.6ms] req seq=2827 L21 k=1 ids=[46] w=[0.2330] compute=1.93 ms ok
ds4: [t=+87493.5ms] req seq=2828 L30 k=1 ids=[11] w=[0.2115] compute=1.88 ms ok
ds4: [t=+87504.7ms] req seq=2829 L33 k=1 ids=[120] w=[0.1667] compute=1.87 ms ok
ds4: [t=+87555.3ms] req seq=2830 L8 k=1 ids=[131] w=[0.1394] compute=2.10 ms ok
ds4: [t=+87555.4ms] tok#279 done: 6 layer-reqs, 6 experts, compute 11.22 ms (1.87 ms/layer), wall 140.15 ms, errors=0, evict-hints=6 | cache: resident=3337/3337 slabs=3 wired=22.00 GiB mlock-fail=0 B hits=2830 misses=0 swaps=2829
ds4: [t=+87555.4ms] tok#279 experts: L5=[134] L7=[168] L9=[107] L21=[46] L30=[11] L33=[120]
ds4: [t=+87563.7ms] req seq=2831 L11 k=1 ids=[203] w=[0.1552] compute=1.78 ms ok
ds4: [t=+87570.0ms] req seq=2832 L12 k=1 ids=[215] w=[0.1646] compute=1.84 ms ok
ds4: [t=+87576.2ms] req seq=2833 L13 k=1 ids=[92] w=[0.2382] compute=1.77 ms ok
ds4: [t=+87582.4ms] req seq=2834 L14 k=1 ids=[35] w=[0.1764] compute=1.86 ms ok
ds4: [t=+87589.5ms] req seq=2835 L15 k=3 ids=[161,108,193] w=[0.2075,0.2010,0.1643] compute=1.80 ms ok
ds4: [t=+87597.2ms] req seq=2836 L17 k=1 ids=[53] w=[0.2204] compute=1.77 ms ok
ds4: [t=+87603.1ms] req seq=2837 L18 k=1 ids=[102] w=[0.1930] compute=1.83 ms ok
ds4: [t=+87609.3ms] req seq=2838 L19 k=2 ids=[110,168] w=[0.3713,0.2289] compute=1.75 ms ok
ds4: [t=+87620.9ms] req seq=2839 L21 k=3 ids=[157,55,64] w=[0.4517,0.1653,0.1484] compute=1.89 ms ok
ds4: [t=+87626.9ms] req seq=2840 L22 k=1 ids=[174] w=[0.4091] compute=1.75 ms ok
ds4: [t=+87632.9ms] req seq=2841 L23 k=1 ids=[190] w=[0.3741] compute=1.82 ms ok
ds4: [t=+87653.2ms] req seq=2842 L29 k=1 ids=[247] w=[0.0974] compute=1.89 ms ok
ds4: [t=+87662.9ms] req seq=2843 L31 k=1 ids=[208] w=[0.2708] compute=1.77 ms ok
ds4: [t=+87692.8ms] req seq=2844 L39 k=1 ids=[129] w=[0.1775] compute=1.87 ms ok
ds4: [t=+87699.9ms] req seq=2845 L40 k=2 ids=[109,237] w=[0.2267,0.1798] compute=1.84 ms ok
ds4: [t=+87713.6ms] req seq=2846 L42 k=2 ids=[62,18] w=[0.2850,0.1993] compute=1.83 ms ok
ds4: [t=+87728.4ms] req seq=2847 L3 k=1 ids=[6] w=[0.1266] compute=1.88 ms ok
ds4: [t=+87728.5ms] tok#280 done: 17 layer-reqs, 24 experts, compute 31.16 ms (1.83 ms/layer), wall 175.28 ms, errors=0, evict-hints=17 | cache: resident=3337/3337 slabs=3 wired=22.00 GiB mlock-fail=0 B hits=2847 misses=0 swaps=2846
ds4: [t=+87728.5ms] tok#280 experts: L8=[131] L11=[203] L12=[215] L13=[92] L14=[35] L15=[161,108,193] L17=[53] L18=[102] L19=[110,168] L21=[157,55,64] L22=[174] L23=[190] L29=[247] L31=[208] L39=[129] L40=[109,237] L42=[62,18]
ds4: [t=+87737.3ms] req seq=2848 L5 k=1 ids=[161] w=[0.2064] compute=1.91 ms ok
ds4: [t=+87743.2ms] req seq=2849 L6 k=2 ids=[228,117] w=[0.2193,0.1266] compute=1.82 ms ok
ds4: [t=+87755.9ms] req seq=2850 L10 k=1 ids=[0] w=[0.2202] compute=1.89 ms ok
ds4: [t=+87768.4ms] req seq=2851 L15 k=1 ids=[122] w=[0.1899] compute=1.89 ms ok
ds4: [t=+87774.7ms] req seq=2852 L17 k=1 ids=[221] w=[0.2467] compute=1.80 ms ok
ds4: [t=+87780.8ms] req seq=2853 L18 k=1 ids=[173] w=[0.2090] compute=1.80 ms ok
ds4: [t=+87787.1ms] req seq=2854 L19 k=1 ids=[101] w=[0.0717] compute=1.91 ms ok
ds4: [t=+87793.1ms] req seq=2855 L20 k=1 ids=[157] w=[0.1881] compute=1.79 ms ok
ds4: [t=+87798.8ms] req seq=2856 L21 k=2 ids=[217,6] w=[0.2147,0.1851] compute=1.79 ms ok
ds4: [t=+87804.5ms] req seq=2857 L22 k=1 ids=[173] w=[0.1467] compute=1.70 ms ok
ds4: [t=+87809.9ms] req seq=2858 L23 k=1 ids=[85] w=[0.1346] compute=1.65 ms ok
ds4: [t=+87822.7ms] req seq=2859 L27 k=1 ids=[10] w=[0.1979] compute=1.89 ms ok
ds4: [t=+87891.1ms] req seq=2860 L4 k=1 ids=[227] w=[0.5970] compute=2.07 ms ok
ds4: [t=+87891.2ms] tok#281 done: 13 layer-reqs, 15 experts, compute 23.72 ms (1.82 ms/layer), wall 164.64 ms, errors=0, evict-hints=13 | cache: resident=3337/3337 slabs=3 wired=22.00 GiB mlock-fail=0 B hits=2860 misses=0 swaps=2859
ds4: [t=+87891.2ms] tok#281 experts: L3=[6] L5=[161] L6=[228,117] L10=[0] L15=[122] L17=[221] L18=[173] L19=[101] L20=[157] L21=[217,6] L22=[173] L23=[85] L27=[10]
ds4: [t=+87896.6ms] req seq=2861 L5 k=2 ids=[237,28] w=[0.3615,0.2160] compute=1.76 ms ok
ds4: [t=+87904.7ms] req seq=2862 L7 k=1 ids=[157] w=[0.3885] compute=1.81 ms ok
ds4: [t=+87913.4ms] req seq=2863 L10 k=1 ids=[16] w=[0.1260] compute=1.77 ms ok
ds4: [t=+87920.7ms] req seq=2864 L12 k=1 ids=[136] w=[0.1097] compute=1.82 ms ok
ds4: [t=+87927.3ms] req seq=2865 L14 k=1 ids=[114] w=[0.1704] compute=1.79 ms ok
ds4: [t=+87932.8ms] req seq=2866 L15 k=2 ids=[108,78] w=[0.2561,0.1625] compute=1.81 ms ok
ds4: [t=+87938.8ms] req seq=2867 L16 k=1 ids=[245] w=[0.1779] compute=1.82 ms ok
ds4: [t=+87945.3ms] req seq=2868 L17 k=1 ids=[83] w=[0.3829] compute=1.82 ms ok
ds4: [t=+87953.5ms] req seq=2869 L19 k=2 ids=[196,245] w=[0.2210,0.2115] compute=1.89 ms ok
ds4: [t=+87960.0ms] req seq=2870 L20 k=1 ids=[215] w=[0.1556] compute=1.82 ms ok
ds4: [t=+87965.7ms] req seq=2871 L21 k=1 ids=[123] w=[0.1673] compute=1.82 ms ok
ds4: [t=+88025.1ms] req seq=2872 L41 k=1 ids=[208] w=[0.2237] compute=1.93 ms ok
ds4: [t=+88048.1ms] req seq=2873 L5 k=1 ids=[194] w=[0.1657] compute=1.87 ms ok
ds4: [t=+88048.2ms] tok#282 done: 13 layer-reqs, 16 experts, compute 23.94 ms (1.84 ms/layer), wall 159.21 ms, errors=0, evict-hints=13 | cache: resident=3337/3337 slabs=3 wired=22.00 GiB mlock-fail=0 B hits=2873 misses=0 swaps=2872
ds4: [t=+88048.3ms] tok#282 experts: L4=[227] L5=[237,28] L7=[157] L10=[16] L12=[136] L14=[114] L15=[108,78] L16=[245] L17=[83] L19=[196,245] L20=[215] L21=[123] L41=[208]
ds4: [t=+88062.3ms] req seq=2874 L10 k=1 ids=[191] w=[0.1098] compute=1.44 ms ok
ds4: [t=+88075.4ms] req seq=2875 L15 k=1 ids=[59] w=[0.1505] compute=1.52 ms ok
ds4: [t=+88150.1ms] req seq=2876 L3 k=1 ids=[180] w=[0.1503] compute=1.83 ms ok
ds4: [t=+88150.2ms] tok#283 done: 3 layer-reqs, 3 experts, compute 4.83 ms (1.61 ms/layer), wall 103.92 ms, errors=0, evict-hints=3 | cache: resident=3337/3337 slabs=3 wired=22.00 GiB mlock-fail=0 B hits=2876 misses=0 swaps=2875
ds4: [t=+88150.2ms] tok#283 experts: L5=[194] L10=[191] L15=[59]
ds4: [t=+88166.3ms] req seq=2877 L9 k=2 ids=[249,68] w=[0.2566,0.2254] compute=1.61 ms ok
ds4: [t=+88172.2ms] req seq=2878 L10 k=1 ids=[111] w=[0.1225] compute=1.48 ms ok
ds4: [t=+88182.2ms] req seq=2879 L14 k=2 ids=[205,53] w=[0.1813,0.1798] compute=1.60 ms ok
ds4: [t=+88188.2ms] req seq=2880 L15 k=1 ids=[78] w=[0.2093] compute=1.53 ms ok
ds4: [t=+88194.5ms] req seq=2881 L17 k=1 ids=[70] w=[0.2258] compute=1.51 ms ok
ds4: [t=+88200.7ms] req seq=2882 L18 k=1 ids=[54] w=[0.2027] compute=1.64 ms ok
ds4: [t=+88206.2ms] req seq=2883 L19 k=1 ids=[85] w=[0.1503] compute=1.50 ms ok
ds4: [t=+88214.4ms] req seq=2884 L21 k=2 ids=[80,205] w=[0.3652,0.1074] compute=1.56 ms ok
ds4: [t=+88220.7ms] req seq=2885 L22 k=1 ids=[8] w=[0.1675] compute=1.76 ms ok
ds4: [t=+88229.3ms] req seq=2886 L25 k=1 ids=[70] w=[0.1940] compute=1.51 ms ok
ds4: [t=+88300.4ms] req seq=2887 L7 k=1 ids=[99] w=[0.3336] compute=1.84 ms ok
ds4: [t=+88300.5ms] tok#284 done: 11 layer-reqs, 14 experts, compute 17.53 ms (1.59 ms/layer), wall 152.22 ms, errors=0, evict-hints=11 | cache: resident=3337/3337 slabs=3 wired=22.00 GiB mlock-fail=0 B hits=2887 misses=0 swaps=2886
ds4: [t=+88300.6ms] tok#284 experts: L3=[180] L9=[249,68] L10=[111] L14=[205,53] L15=[78] L17=[70] L18=[54] L19=[85] L21=[80,205] L22=[8] L25=[70]
ds4: [t=+88307.2ms] req seq=2888 L8 k=1 ids=[195] w=[0.4653] compute=1.72 ms ok
ds4: [t=+88312.8ms] req seq=2889 L9 k=1 ids=[12] w=[0.1335] compute=1.49 ms ok
ds4: [t=+88326.2ms] req seq=2890 L13 k=3 ids=[184,171,76] w=[0.1733,0.1539,0.1350] compute=1.80 ms ok
ds4: [t=+88343.0ms] req seq=2891 L19 k=2 ids=[102,209] w=[0.3562,0.1834] compute=1.72 ms ok
ds4: [t=+88351.4ms] req seq=2892 L22 k=1 ids=[250] w=[0.1899] compute=1.85 ms ok
ds4: [t=+88357.2ms] req seq=2893 L23 k=1 ids=[114] w=[0.1773] compute=1.85 ms ok
ds4: [t=+88376.8ms] req seq=2894 L31 k=1 ids=[34] w=[0.1262] compute=1.90 ms ok
ds4: [t=+88394.1ms] req seq=2895 L36 k=1 ids=[126] w=[0.2385] compute=1.86 ms ok
ds4: [t=+88426.0ms] req seq=2896 L3 k=1 ids=[0] w=[0.1355] compute=1.85 ms ok
ds4: [t=+88426.1ms] tok#285 done: 9 layer-reqs, 12 experts, compute 16.04 ms (1.78 ms/layer), wall 127.48 ms, errors=0, evict-hints=9 | cache: resident=3337/3337 slabs=3 wired=22.00 GiB mlock-fail=0 B hits=2896 misses=0 swaps=2895
ds4: [t=+88426.1ms] tok#285 experts: L7=[99] L8=[195] L9=[12] L13=[184,171,76] L19=[102,209] L22=[250] L23=[114] L31=[34] L36=[126]
ds4: [t=+88432.4ms] req seq=2897 L4 k=1 ids=[129] w=[0.3434] compute=1.93 ms ok
ds4: [t=+88438.7ms] req seq=2898 L5 k=1 ids=[132] w=[0.1793] compute=1.78 ms ok
ds4: [t=+88445.5ms] req seq=2899 L7 k=2 ids=[92,236] w=[0.3139,0.1704] compute=1.84 ms ok
ds4: [t=+88451.5ms] req seq=2900 L8 k=1 ids=[125] w=[0.1037] compute=1.85 ms ok
ds4: [t=+88460.8ms] req seq=2901 L11 k=1 ids=[108] w=[0.1372] compute=1.85 ms ok
ds4: [t=+88466.9ms] req seq=2902 L12 k=1 ids=[51] w=[0.2105] compute=1.86 ms ok
ds4: [t=+88475.2ms] req seq=2903 L15 k=2 ids=[94,130] w=[0.1890,0.1521] compute=1.80 ms ok
ds4: [t=+88481.5ms] req seq=2904 L16 k=1 ids=[42] w=[0.1580] compute=1.76 ms ok
ds4: [t=+88489.8ms] req seq=2905 L19 k=2 ids=[46,149] w=[0.1101,0.1096] compute=1.82 ms ok
ds4: [t=+88497.3ms] req seq=2906 L21 k=1 ids=[24] w=[0.1957] compute=1.73 ms ok
ds4: [t=+88503.4ms] req seq=2907 L22 k=1 ids=[122] w=[0.1987] compute=1.79 ms ok
ds4: [t=+88512.4ms] req seq=2908 L24 k=1 ids=[168] w=[0.1364] compute=1.76 ms ok
ds4: [t=+88518.4ms] req seq=2909 L25 k=1 ids=[76] w=[0.2296] compute=1.80 ms ok
ds4: [t=+88535.6ms] req seq=2910 L28 k=1 ids=[11] w=[0.1953] compute=1.91 ms ok
ds4: [t=+88549.2ms] req seq=2911 L30 k=1 ids=[91] w=[0.1240] compute=1.89 ms ok
ds4: [t=+88597.1ms] req seq=2912 L37 k=1 ids=[48] w=[0.2270] compute=2.11 ms ok
ds4: [t=+88622.5ms] req seq=2913 L41 k=1 ids=[70] w=[0.1932] compute=1.86 ms ok
ds4: [t=+88652.4ms] req seq=2914 L5 k=1 ids=[245] w=[0.4276] compute=1.90 ms ok
ds4: [t=+88652.5ms] tok#286 done: 18 layer-reqs, 21 experts, compute 33.18 ms (1.84 ms/layer), wall 228.37 ms, errors=0, evict-hints=18 | cache: resident=3337/3337 slabs=3 wired=22.00 GiB mlock-fail=0 B hits=2914 misses=0 swaps=2913
ds4: [t=+88652.6ms] tok#286 experts: L3=[0] L4=[129] L5=[132] L7=[92,236] L8=[125] L11=[108] L12=[51] L15=[94,130] L16=[42] L19=[46,149] L21=[24] L22=[122] L24=[168] L25=[76] L28=[11] L30=[91] L37=[48] L41=[70]
ds4: [t=+88664.4ms] req seq=2915 L8 k=1 ids=[105] w=[0.1249] compute=1.84 ms ok
ds4: [t=+88672.5ms] req seq=2916 L10 k=1 ids=[255] w=[0.1105] compute=1.85 ms ok
ds4: [t=+88678.9ms] req seq=2917 L11 k=1 ids=[139] w=[0.3394] compute=1.77 ms ok
ds4: [t=+88692.0ms] req seq=2918 L15 k=1 ids=[48] w=[0.2110] compute=1.87 ms ok
ds4: [t=+88708.2ms] req seq=2919 L21 k=1 ids=[128] w=[0.2384] compute=1.88 ms ok
ds4: [t=+88753.0ms] req seq=2920 L37 k=1 ids=[39] w=[0.0776] compute=2.07 ms ok
ds4: [t=+88785.9ms] req seq=2921 L4 k=1 ids=[36] w=[0.1268] compute=1.86 ms ok
ds4: [t=+88786.0ms] tok#287 done: 7 layer-reqs, 7 experts, compute 13.17 ms (1.88 ms/layer), wall 135.40 ms, errors=0, evict-hints=7 | cache: resident=3337/3337 slabs=3 wired=22.00 GiB mlock-fail=0 B hits=2921 misses=0 swaps=2920
ds4: [t=+88786.0ms] tok#287 experts: L5=[245] L8=[105] L10=[255] L11=[139] L15=[48] L21=[128] L37=[39]
ds4: [t=+88792.2ms] req seq=2922 L5 k=1 ids=[130] w=[0.1496] compute=1.82 ms ok
ds4: [t=+88807.8ms] req seq=2923 L12 k=1 ids=[61] w=[0.1184] compute=1.92 ms ok
ds4: [t=+88816.5ms] req seq=2924 L15 k=1 ids=[66] w=[0.1573] compute=1.86 ms ok
ds4: [t=+88831.3ms] req seq=2925 L21 k=2 ids=[113,6] w=[0.2011,0.1729] compute=1.91 ms ok
ds4: [t=+88859.2ms] req seq=2926 L35 k=1 ids=[92] w=[0.1513] compute=1.85 ms ok
ds4: [t=+88887.6ms] req seq=2927 L4 k=1 ids=[57] w=[0.1682] compute=1.91 ms ok
ds4: [t=+88887.7ms] tok#288 done: 6 layer-reqs, 7 experts, compute 11.23 ms (1.87 ms/layer), wall 103.69 ms, errors=0, evict-hints=6 | cache: resident=3337/3337 slabs=3 wired=22.00 GiB mlock-fail=0 B hits=2927 misses=0 swaps=2926
ds4: [t=+88887.8ms] tok#288 experts: L4=[36] L5=[130] L12=[61] L15=[66] L21=[113,6] L35=[92]
ds4: [t=+88893.8ms] req seq=2928 L5 k=1 ids=[225] w=[0.1423] compute=1.86 ms ok
ds4: [t=+88899.6ms] req seq=2929 L6 k=1 ids=[131] w=[0.3749] compute=1.83 ms ok
ds4: [t=+88908.2ms] req seq=2930 L9 k=2 ids=[158,234] w=[0.1535,0.0943] compute=1.78 ms ok
ds4: [t=+88913.8ms] req seq=2931 L10 k=1 ids=[117] w=[0.1595] compute=1.79 ms ok
ds4: [t=+88931.4ms] req seq=2932 L17 k=1 ids=[214] w=[0.1826] compute=1.92 ms ok
ds4: [t=+88939.3ms] req seq=2933 L20 k=1 ids=[65] w=[0.1961] compute=1.43 ms ok
ds4: [t=+88945.4ms] req seq=2934 L21 k=1 ids=[141] w=[0.1453] compute=1.43 ms ok
ds4: [t=+88951.1ms] req seq=2935 L22 k=1 ids=[101] w=[0.2237] compute=1.48 ms ok
ds4: [t=+88957.8ms] req seq=2936 L24 k=1 ids=[89] w=[0.2369] compute=1.47 ms ok
ds4: [t=+88968.2ms] req seq=2937 L26 k=1 ids=[8] w=[0.1269] compute=1.61 ms ok
ds4: [t=+88982.1ms] req seq=2938 L29 k=1 ids=[171] w=[0.3874] compute=1.71 ms ok
ds4: [t=+88988.3ms] req seq=2939 L30 k=1 ids=[125] w=[0.1032] compute=1.59 ms ok
ds4: [t=+89026.6ms] req seq=2940 L39 k=1 ids=[184] w=[0.2335] compute=1.64 ms ok
ds4: [t=+89040.6ms] req seq=2941 L42 k=1 ids=[203] w=[0.3319] compute=1.59 ms ok
ds4: [t=+89062.9ms] req seq=2942 L5 k=1 ids=[65] w=[0.1467] compute=1.60 ms ok
ds4: [t=+89063.1ms] tok#289 done: 15 layer-reqs, 16 experts, compute 25.03 ms (1.67 ms/layer), wall 177.31 ms, errors=0, evict-hints=15 | cache: resident=3337/3337 slabs=3 wired=22.00 GiB mlock-fail=0 B hits=2942 misses=0 swaps=2941
ds4: [t=+89063.1ms] tok#289 experts: L4=[57] L5=[225] L6=[131] L9=[158,234] L10=[117] L17=[214] L20=[65] L21=[141] L22=[101] L24=[89] L26=[8] L29=[171] L30=[125] L39=[184] L42=[203]
ds4: [t=+89071.0ms] req seq=2943 L7 k=1 ids=[53] w=[0.0974] compute=1.72 ms ok
ds4: [t=+89078.8ms] req seq=2944 L9 k=1 ids=[84] w=[0.1156] compute=1.51 ms ok
ds4: [t=+89103.1ms] req seq=2945 L18 k=1 ids=[242] w=[0.1321] compute=1.76 ms ok
ds4: [t=+89110.8ms] req seq=2946 L20 k=1 ids=[168] w=[0.1435] compute=1.74 ms ok
ds4: [t=+89118.0ms] req seq=2947 L22 k=1 ids=[72] w=[0.1463] compute=1.79 ms ok
ds4: [t=+89150.7ms] req seq=2948 L35 k=1 ids=[152] w=[0.1719] compute=1.89 ms ok
ds4: [t=+89165.4ms] req seq=2949 L40 k=1 ids=[25] w=[0.2024] compute=1.82 ms ok
ds4: [t=+89190.3ms] req seq=2950 L3 k=1 ids=[102] w=[0.1754] compute=1.88 ms ok
ds4: [t=+89190.4ms] tok#290 done: 8 layer-reqs, 8 experts, compute 13.84 ms (1.73 ms/layer), wall 129.05 ms, errors=0, evict-hints=8 | cache: resident=3337/3337 slabs=3 wired=22.00 GiB mlock-fail=0 B hits=2950 misses=0 swaps=2949
ds4: [t=+89190.4ms] tok#290 experts: L5=[65] L7=[53] L9=[84] L18=[242] L20=[168] L22=[72] L35=[152] L40=[25]
ds4: [t=+89197.0ms] req seq=2951 L5 k=1 ids=[254] w=[0.1369] compute=1.82 ms ok
ds4: [t=+89221.2ms] req seq=2952 L12 k=2 ids=[35,205] w=[0.2194,0.2009] compute=1.92 ms ok
ds4: [t=+89228.6ms] req seq=2953 L14 k=1 ids=[41] w=[0.1931] compute=1.83 ms ok
ds4: [t=+89235.0ms] req seq=2954 L15 k=2 ids=[100,212] w=[0.1782,0.1637] compute=1.86 ms ok
ds4: [t=+89246.1ms] req seq=2955 L19 k=1 ids=[182] w=[0.2518] compute=1.85 ms ok
ds4: [t=+89256.0ms] req seq=2956 L22 k=1 ids=[58] w=[0.2680] compute=1.94 ms ok
ds4: [t=+89313.1ms] req seq=2957 L3 k=1 ids=[220] w=[0.2047] compute=2.05 ms ok
ds4: [t=+89313.2ms] tok#291 done: 7 layer-reqs, 9 experts, compute 13.10 ms (1.87 ms/layer), wall 124.77 ms, errors=0, evict-hints=7 | cache: resident=3337/3337 slabs=3 wired=22.00 GiB mlock-fail=0 B hits=2957 misses=0 swaps=2956
ds4: [t=+89313.3ms] tok#291 experts: L3=[102] L5=[254] L12=[35,205] L14=[41] L15=[100,212] L19=[182] L22=[58]
ds4: [t=+89322.3ms] req seq=2958 L6 k=1 ids=[203] w=[0.1356] compute=1.86 ms ok
ds4: [t=+89335.1ms] req seq=2959 L12 k=1 ids=[205] w=[0.0926] compute=1.83 ms ok
ds4: [t=+89389.5ms] req seq=2960 L41 k=1 ids=[96] w=[0.2818] compute=1.90 ms ok
ds4: [t=+89404.5ms] req seq=2961 L2 k=1 ids=[43] w=[0.2254] compute=1.87 ms ok
ds4: [t=+89404.6ms] tok#292 done: 4 layer-reqs, 4 experts, compute 7.65 ms (1.91 ms/layer), wall 93.47 ms, errors=0, evict-hints=4 | cache: resident=3337/3337 slabs=3 wired=22.00 GiB mlock-fail=0 B hits=2961 misses=0 swaps=2960
ds4: [t=+89404.6ms] tok#292 experts: L3=[220] L6=[203] L12=[205] L41=[96]
ds4: [t=+89412.1ms] req seq=2962 L4 k=1 ids=[109] w=[0.1139] compute=1.82 ms ok
ds4: [t=+89418.6ms] req seq=2963 L6 k=1 ids=[189] w=[0.1011] compute=1.81 ms ok
ds4: [t=+89424.8ms] req seq=2964 L7 k=1 ids=[199] w=[0.1787] compute=1.77 ms ok
ds4: [t=+89441.1ms] req seq=2965 L14 k=1 ids=[111] w=[0.1470] compute=1.86 ms ok
ds4: [t=+89450.8ms] req seq=2966 L18 k=1 ids=[174] w=[0.1567] compute=1.85 ms ok
ds4: [t=+89458.9ms] req seq=2967 L21 k=1 ids=[175] w=[0.1676] compute=1.82 ms ok
ds4: [t=+89507.8ms] req seq=2968 L3 k=1 ids=[209] w=[0.1814] compute=2.04 ms ok
ds4: [t=+89508.0ms] tok#293 done: 7 layer-reqs, 7 experts, compute 12.79 ms (1.83 ms/layer), wall 105.30 ms, errors=0, evict-hints=7 | cache: resident=3337/3337 slabs=3 wired=22.00 GiB mlock-fail=0 B hits=2968 misses=0 swaps=2967
ds4: [t=+89508.0ms] tok#293 experts: L2=[43] L4=[109] L6=[189] L7=[199] L14=[111] L18=[174] L21=[175]
ds4: [t=+89514.1ms] req seq=2969 L4 k=1 ids=[123] w=[0.1548] compute=1.86 ms ok
ds4: [t=+89522.0ms] req seq=2970 L7 k=1 ids=[3] w=[0.1411] compute=1.82 ms ok
ds4: [t=+89529.4ms] req seq=2971 L10 k=1 ids=[24] w=[0.1354] compute=1.79 ms ok
ds4: [t=+89536.0ms] req seq=2972 L11 k=1 ids=[102] w=[0.1364] compute=1.85 ms ok
ds4: [t=+89543.7ms] req seq=2973 L14 k=1 ids=[147] w=[0.1318] compute=1.82 ms ok
ds4: [t=+89554.6ms] req seq=2974 L18 k=1 ids=[13] w=[0.1608] compute=1.90 ms ok
ds4: [t=+89605.6ms] req seq=2975 L0 k=1 ids=[135] w=[0.1619] compute=2.09 ms ok
ds4: [t=+89605.7ms] tok#294 done: 7 layer-reqs, 7 experts, compute 13.08 ms (1.87 ms/layer), wall 99.87 ms, errors=0, evict-hints=7 | cache: resident=3337/3337 slabs=3 wired=22.00 GiB mlock-fail=0 B hits=2975 misses=0 swaps=2974
ds4: [t=+89605.7ms] tok#294 experts: L3=[209] L4=[123] L7=[3] L10=[24] L11=[102] L14=[147] L18=[13]
ds4: [t=+89615.7ms] req seq=2976 L3 k=1 ids=[151] w=[0.1725] compute=1.88 ms ok
ds4: [t=+89624.3ms] req seq=2977 L6 k=2 ids=[63,152] w=[0.1802,0.1721] compute=1.84 ms ok
ds4: [t=+89639.6ms] req seq=2978 L12 k=2 ids=[139,31] w=[0.2438,0.1803] compute=1.92 ms ok
ds4: [t=+89645.6ms] req seq=2979 L13 k=1 ids=[76] w=[0.1358] compute=1.82 ms ok
ds4: [t=+89651.9ms] req seq=2980 L14 k=1 ids=[229] w=[0.1919] compute=1.87 ms ok
ds4: [t=+89658.9ms] req seq=2981 L16 k=2 ids=[76,181] w=[0.2241,0.1951] compute=1.81 ms ok
ds4: [t=+89665.2ms] req seq=2982 L17 k=1 ids=[69] w=[0.2254] compute=1.83 ms ok
ds4: [t=+89673.2ms] req seq=2983 L19 k=1 ids=[213] w=[0.1245] compute=1.76 ms ok
ds4: [t=+89678.9ms] req seq=2984 L20 k=1 ids=[207] w=[0.1793] compute=1.79 ms ok
ds4: [t=+89684.8ms] req seq=2985 L21 k=1 ids=[152] w=[0.1518] compute=1.80 ms ok
ds4: [t=+89690.8ms] req seq=2986 L22 k=1 ids=[107] w=[0.2641] compute=1.79 ms ok
ds4: [t=+89698.0ms] req seq=2987 L24 k=1 ids=[225] w=[0.1553] compute=1.84 ms ok
ds4: [t=+89738.7ms] req seq=2988 L35 k=1 ids=[66] w=[0.1181] compute=1.88 ms ok
ds4: [t=+89757.2ms] req seq=2989 L40 k=1 ids=[155] w=[0.2100] compute=1.86 ms ok
ds4: [t=+89765.8ms] req seq=2990 L42 k=1 ids=[254] w=[0.1571] compute=1.84 ms ok
ds4: [t=+89799.0ms] req seq=2991 L8 k=1 ids=[168] w=[0.1791] compute=1.86 ms ok
ds4: [t=+89799.1ms] tok#295 done: 16 layer-reqs, 19 experts, compute 29.63 ms (1.85 ms/layer), wall 195.61 ms, errors=0, evict-hints=16 | cache: resident=3337/3337 slabs=3 wired=22.00 GiB mlock-fail=0 B hits=2991 misses=0 swaps=2990
ds4: [t=+89799.2ms] tok#295 experts: L0=[135] L3=[151] L6=[63,152] L12=[139,31] L13=[76] L14=[229] L16=[76,181] L17=[69] L19=[213] L20=[207] L21=[152] L22=[107] L24=[225] L35=[66] L40=[155] L42=[254]
ds4: [t=+89805.4ms] req seq=2992 L9 k=1 ids=[112] w=[0.0897] compute=1.85 ms ok
ds4: [t=+89814.1ms] req seq=2993 L12 k=1 ids=[190] w=[0.1845] compute=1.72 ms ok
ds4: [t=+89824.1ms] req seq=2994 L16 k=1 ids=[181] w=[0.1772] compute=1.85 ms ok
ds4: [t=+89832.8ms] req seq=2995 L19 k=1 ids=[95] w=[0.1470] compute=1.84 ms ok
ds4: [t=+89838.4ms] req seq=2996 L20 k=1 ids=[128] w=[0.1808] compute=1.80 ms ok
ds4: [t=+89844.7ms] req seq=2997 L21 k=2 ids=[239,65] w=[0.3447,0.2043] compute=1.85 ms ok
ds4: [t=+89852.1ms] req seq=2998 L23 k=1 ids=[2] w=[0.3201] compute=1.89 ms ok
ds4: [t=+89914.7ms] req seq=2999 L4 k=1 ids=[135] w=[0.2167] compute=2.02 ms ok
ds4: [t=+89914.8ms] tok#296 done: 8 layer-reqs, 9 experts, compute 14.67 ms (1.83 ms/layer), wall 117.60 ms, errors=0, evict-hints=8 | cache: resident=3337/3337 slabs=3 wired=22.00 GiB mlock-fail=0 B hits=2999 misses=0 swaps=2998
ds4: [t=+89914.8ms] tok#296 experts: L8=[168] L9=[112] L12=[190] L16=[181] L19=[95] L20=[128] L21=[239,65] L23=[2]
ds4: [t=+89921.6ms] req seq=3000 L6 k=1 ids=[77] w=[0.1296] compute=1.46 ms ok
ds4: [t=+89927.8ms] req seq=3001 L7 k=1 ids=[144] w=[0.1475] compute=1.40 ms ok
ds4: [t=+89934.9ms] req seq=3002 L9 k=1 ids=[86] w=[0.3074] compute=1.47 ms ok
ds4: [t=+89940.9ms] req seq=3003 L10 k=2 ids=[100,182] w=[0.2389,0.2152] compute=1.53 ms ok
ds4: [t=+89947.1ms] req seq=3004 L12 k=1 ids=[148] w=[0.1884] compute=1.46 ms ok
ds4: [t=+89955.6ms] req seq=3005 L15 k=4 ids=[237,9,27,58] w=[0.2355,0.2148,0.1654,0.1485] compute=1.61 ms ok
ds4: [t=+89961.5ms] req seq=3006 L16 k=1 ids=[243] w=[0.1749] compute=1.48 ms ok
ds4: [t=+89967.7ms] req seq=3007 L17 k=1 ids=[45] w=[0.1705] compute=1.67 ms ok
ds4: [t=+89973.3ms] req seq=3008 L18 k=2 ids=[99,25] w=[0.2298,0.2284] compute=1.54 ms ok
ds4: [t=+89979.0ms] req seq=3009 L19 k=1 ids=[91] w=[0.2589] compute=1.47 ms ok
ds4: [t=+89985.0ms] req seq=3010 L20 k=2 ids=[24,7] w=[0.3064,0.1726] compute=1.62 ms ok
ds4: [t=+89991.1ms] req seq=3011 L21 k=4 ids=[129,63,167,93] w=[0.3251,0.2420,0.2239,0.1755] compute=1.55 ms ok
ds4: [t=+89997.4ms] req seq=3012 L22 k=2 ids=[74,239] w=[0.2804,0.2626] compute=1.43 ms ok
ds4: [t=+90003.7ms] req seq=3013 L23 k=1 ids=[128] w=[0.2274] compute=1.57 ms ok
ds4: [t=+90009.8ms] req seq=3014 L24 k=1 ids=[90] w=[0.2029] compute=1.49 ms ok
ds4: [t=+90036.3ms] req seq=3015 L32 k=1 ids=[92] w=[0.2032] compute=1.77 ms ok
ds4: [t=+90044.0ms] req seq=3016 L33 k=1 ids=[216] w=[0.1679] compute=1.52 ms ok
ds4: [t=+90119.2ms] req seq=3017 L7 k=2 ids=[233,170] w=[0.1026,0.0910] compute=1.95 ms ok
ds4: [t=+90119.3ms] tok#297 done: 18 layer-reqs, 28 experts, compute 28.07 ms (1.56 ms/layer), wall 206.63 ms, errors=0, evict-hints=18 | cache: resident=3337/3337 slabs=3 wired=22.00 GiB mlock-fail=0 B hits=3017 misses=0 swaps=3016
ds4: [t=+90119.3ms] tok#297 experts: L4=[135] L6=[77] L7=[144] L9=[86] L10=[100,182] L12=[148] L15=[237,9,27,58] L16=[243] L17=[45] L18=[99,25] L19=[91] L20=[24,7] L21=[129,63,167,93] L22=[74,239] L23=[128] L24=[90] L32=[92] L33=[216]
ds4: [t=+90126.9ms] req seq=3018 L9 k=1 ids=[201] w=[0.0954] compute=1.53 ms ok
ds4: [t=+90134.6ms] req seq=3019 L11 k=1 ids=[210] w=[0.1791] compute=1.74 ms ok
ds4: [t=+90140.3ms] req seq=3020 L12 k=1 ids=[162] w=[0.1273] compute=1.66 ms ok
ds4: [t=+90163.9ms] req seq=3021 L22 k=1 ids=[13] w=[0.1770] compute=1.79 ms ok
ds4: [t=+90186.2ms] req seq=3022 L30 k=2 ids=[147,53] w=[0.1836,0.1686] compute=1.87 ms ok
ds4: [t=+90233.1ms] req seq=3023 L3 k=1 ids=[79] w=[0.1579] compute=2.05 ms ok
ds4: [t=+90233.2ms] tok#298 done: 6 layer-reqs, 8 experts, compute 10.54 ms (1.76 ms/layer), wall 115.90 ms, errors=0, evict-hints=6 | cache: resident=3337/3337 slabs=3 wired=22.00 GiB mlock-fail=0 B hits=3023 misses=0 swaps=3022
ds4: [t=+90233.2ms] tok#298 experts: L7=[233,170] L9=[201] L11=[210] L12=[162] L22=[13] L30=[147,53]
ds4: [t=+90243.5ms] req seq=3024 L6 k=1 ids=[113] w=[0.1732] compute=1.83 ms ok
ds4: [t=+90250.1ms] req seq=3025 L7 k=2 ids=[117,209] w=[0.0988,0.0923] compute=1.82 ms ok
ds4: [t=+90259.6ms] req seq=3026 L10 k=2 ids=[89,208] w=[0.1572,0.1540] compute=1.82 ms ok
ds4: [t=+90265.7ms] req seq=3027 L12 k=1 ids=[31] w=[0.1292] compute=1.85 ms ok
ds4: [t=+90280.8ms] req seq=3028 L19 k=2 ids=[160,111] w=[0.4564,0.1283] compute=1.84 ms ok
ds4: [t=+90287.4ms] req seq=3029 L21 k=1 ids=[228] w=[0.2559] compute=1.88 ms ok
ds4: [t=+90311.1ms] req seq=3030 L32 k=1 ids=[81] w=[0.1050] compute=1.88 ms ok
ds4: [t=+90370.6ms] req seq=3031 L19 k=2 ids=[125,143] w=[0.0851,0.0775] compute=2.08 ms ok
ds4: [t=+90370.7ms] tok#299 done: 8 layer-reqs, 11 experts, compute 14.97 ms (1.87 ms/layer), wall 139.63 ms, errors=0, evict-hints=8 | cache: resident=3337/3337 slabs=3 wired=22.00 GiB mlock-fail=0 B hits=3031 misses=0 swaps=3030
ds4: [t=+90370.7ms] tok#299 experts: L3=[79] L6=[113] L7=[117,209] L10=[89,208] L12=[31] L19=[160,111] L21=[228] L32=[81]
ds4: [t=+90421.9ms] req seq=3032 L1 k=1 ids=[141] w=[0.2942] compute=2.07 ms ok
ds4: [t=+90422.0ms] tok#300 done: 1 layer-reqs, 2 experts, compute 2.08 ms (2.08 ms/layer), wall 53.45 ms, errors=0, evict-hints=1 | cache: resident=3337/3337 slabs=3 wired=22.00 GiB mlock-fail=0 B hits=3032 misses=0 swaps=3031
ds4: [t=+90422.0ms] tok#300 experts: L19=[125,143]
ds4: [t=+90434.0ms] req seq=3033 L5 k=1 ids=[48] w=[0.1064] compute=1.84 ms ok
ds4: [t=+90448.3ms] req seq=3034 L11 k=2 ids=[141,24] w=[0.1920,0.1676] compute=1.80 ms ok
ds4: [t=+90454.7ms] req seq=3035 L12 k=1 ids=[131] w=[0.1373] compute=1.81 ms ok
ds4: [t=+90466.1ms] req seq=3036 L16 k=1 ids=[106] w=[0.1774] compute=1.90 ms ok
ds4: [t=+90476.1ms] req seq=3037 L20 k=1 ids=[12] w=[0.1820] compute=1.87 ms ok
ds4: [t=+90498.6ms] req seq=3038 L30 k=1 ids=[33] w=[0.2252] compute=1.56 ms ok
ds4: [t=+90520.0ms] req seq=3039 L37 k=1 ids=[137] w=[0.1759] compute=1.58 ms ok
ds4: [t=+90535.7ms] req seq=3040 L42 k=1 ids=[18] w=[0.1932] compute=1.59 ms ok
ds4: [t=+90553.7ms] req seq=3041 L4 k=2 ids=[175,160] w=[0.3698,0.1780] compute=1.67 ms ok
ds4: [t=+90553.8ms] tok#301 done: 9 layer-reqs, 10 experts, compute 16.00 ms (1.78 ms/layer), wall 133.95 ms, errors=0, evict-hints=9 | cache: resident=3337/3337 slabs=3 wired=22.00 GiB mlock-fail=0 B hits=3041 misses=0 swaps=3040
ds4: [t=+90553.8ms] tok#301 experts: L1=[141] L5=[48] L11=[141,24] L12=[131] L16=[106] L20=[12] L30=[33] L37=[137] L42=[18]
ds4: [t=+90560.2ms] req seq=3042 L6 k=1 ids=[192] w=[0.1902] compute=1.41 ms ok
ds4: [t=+90574.5ms] req seq=3043 L11 k=3 ids=[149,32,81] w=[0.3015,0.2995,0.1763] compute=1.63 ms ok
ds4: [t=+90580.7ms] req seq=3044 L12 k=2 ids=[72,46] w=[0.1790,0.1713] compute=1.48 ms ok
ds4: [t=+90586.9ms] req seq=3045 L13 k=1 ids=[179] w=[0.1835] compute=1.59 ms ok
ds4: [t=+90593.1ms] req seq=3046 L14 k=1 ids=[107] w=[0.1640] compute=1.51 ms ok
ds4: [t=+90599.2ms] req seq=3047 L15 k=2 ids=[9,27] w=[0.2166,0.2020] compute=1.72 ms ok
ds4: [t=+90605.6ms] req seq=3048 L17 k=2 ids=[81,145] w=[0.2004,0.1628] compute=1.55 ms ok
ds4: [t=+90612.3ms] req seq=3049 L18 k=1 ids=[33] w=[0.1525] compute=1.56 ms ok
ds4: [t=+90618.0ms] req seq=3050 L19 k=1 ids=[0] w=[0.1091] compute=1.74 ms ok
ds4: [t=+90624.0ms] req seq=3051 L20 k=1 ids=[171] w=[0.1968] compute=1.72 ms ok
ds4: [t=+90630.2ms] req seq=3052 L21 k=1 ids=[65] w=[0.2348] compute=1.53 ms ok
ds4: [t=+90694.3ms] req seq=3053 L5 k=1 ids=[67] w=[0.1703] compute=1.98 ms ok
ds4: [t=+90694.4ms] tok#302 done: 12 layer-reqs, 18 experts, compute 19.10 ms (1.59 ms/layer), wall 142.33 ms, errors=0, evict-hints=12 | cache: resident=3337/3337 slabs=3 wired=22.00 GiB mlock-fail=0 B hits=3053 misses=0 swaps=3052
ds4: [t=+90694.4ms] tok#302 experts: L4=[175,160] L6=[192] L11=[149,32,81] L12=[72,46] L13=[179] L14=[107] L15=[9,27] L17=[81,145] L18=[33] L19=[0] L20=[171] L21=[65]
ds4: [t=+90701.5ms] req seq=3054 L7 k=1 ids=[239] w=[0.2051] compute=1.89 ms ok
ds4: [t=+90707.3ms] req seq=3055 L8 k=1 ids=[65] w=[0.1026] compute=1.61 ms ok
ds4: [t=+90713.9ms] req seq=3056 L10 k=1 ids=[130] w=[0.1269] compute=1.70 ms ok
ds4: [t=+90720.2ms] req seq=3057 L11 k=1 ids=[147] w=[0.1789] compute=1.90 ms ok
ds4: [t=+90725.9ms] req seq=3058 L12 k=1 ids=[198] w=[0.1422] compute=1.83 ms ok
ds4: [t=+90731.6ms] req seq=3059 L13 k=1 ids=[198] w=[0.5314] compute=1.76 ms ok
ds4: [t=+90737.5ms] req seq=3060 L14 k=1 ids=[93] w=[0.1337] compute=1.85 ms ok
ds4: [t=+90743.5ms] req seq=3061 L15 k=3 ids=[128,131,97] w=[0.2007,0.1915,0.2013] compute=1.77 ms ok
ds4: [t=+90750.5ms] req seq=3062 L17 k=1 ids=[113] w=[0.1864] compute=1.80 ms ok
ds4: [t=+90756.4ms] req seq=3063 L18 k=1 ids=[31] w=[0.1962] compute=1.75 ms ok
ds4: [t=+90769.4ms] req seq=3064 L22 k=1 ids=[16] w=[0.2042] compute=1.84 ms ok
ds4: [t=+90775.7ms] req seq=3065 L23 k=1 ids=[166] w=[0.1515] compute=1.83 ms ok
ds4: [t=+90793.8ms] req seq=3066 L29 k=1 ids=[196] w=[0.1733] compute=1.87 ms ok
ds4: [t=+90802.5ms] req seq=3067 L31 k=1 ids=[27] w=[0.1522] compute=1.88 ms ok
ds4: [t=+90839.6ms] req seq=3068 L40 k=1 ids=[59] w=[0.1909] compute=1.89 ms ok
ds4: [t=+90866.9ms] req seq=3069 L3 k=2 ids=[200,32] w=[0.1158,0.1153] compute=1.89 ms ok
ds4: [t=+90867.0ms] tok#303 done: 16 layer-reqs, 18 experts, compute 29.14 ms (1.82 ms/layer), wall 174.67 ms, errors=0, evict-hints=16 | cache: resident=3337/3337 slabs=3 wired=22.00 GiB mlock-fail=0 B hits=3069 misses=0 swaps=3068
ds4: [t=+90867.0ms] tok#303 experts: L5=[67] L7=[239] L8=[65] L10=[130] L11=[147] L12=[198] L13=[198] L14=[93] L15=[128,131,97] L17=[113] L18=[31] L22=[16] L23=[166] L29=[196] L31=[27] L40=[59]
ds4: [t=+90880.8ms] req seq=3070 L7 k=1 ids=[98] w=[0.1263] compute=1.82 ms ok
ds4: [t=+90896.2ms] req seq=3071 L13 k=2 ids=[147,255] w=[0.2141,0.1743] compute=1.87 ms ok
ds4: [t=+90902.4ms] req seq=3072 L14 k=1 ids=[225] w=[0.1422] compute=1.87 ms ok
ds4: [t=+90917.4ms] req seq=3073 L20 k=1 ids=[77] w=[0.3078] compute=1.86 ms ok
ds4: [t=+90923.3ms] req seq=3074 L21 k=1 ids=[231] w=[0.1865] compute=1.84 ms ok
ds4: [t=+90932.5ms] req seq=3075 L24 k=1 ids=[105] w=[0.1245] compute=1.86 ms ok
ds4: [t=+90972.5ms] req seq=3076 L41 k=1 ids=[99] w=[0.2021] compute=1.91 ms ok
ds4: [t=+91010.5ms] req seq=3077 L8 k=1 ids=[45] w=[0.1098] compute=1.91 ms ok
ds4: [t=+91010.6ms] tok#304 done: 8 layer-reqs, 10 experts, compute 14.93 ms (1.87 ms/layer), wall 145.60 ms, errors=0, evict-hints=8 | cache: resident=3337/3337 slabs=3 wired=22.00 GiB mlock-fail=0 B hits=3077 misses=0 swaps=3076
ds4: [t=+91010.6ms] tok#304 experts: L3=[200,32] L7=[98] L13=[147,255] L14=[225] L20=[77] L21=[231] L24=[105] L41=[99]
ds4: [t=+91016.8ms] req seq=3078 L9 k=1 ids=[37] w=[0.4201] compute=1.92 ms ok
ds4: [t=+91028.6ms] req seq=3079 L14 k=2 ids=[103,125] w=[0.2861,0.1246] compute=1.81 ms ok
ds4: [t=+91034.7ms] req seq=3080 L15 k=2 ids=[212,97] w=[0.2914,0.1930] compute=1.88 ms ok
ds4: [t=+91044.2ms] req seq=3081 L19 k=1 ids=[168] w=[0.2382] compute=1.81 ms ok
ds4: [t=+91050.7ms] req seq=3082 L20 k=1 ids=[147] w=[0.1895] compute=1.88 ms ok
ds4: [t=+91075.8ms] req seq=3083 L32 k=1 ids=[141] w=[0.1340] compute=1.86 ms ok
ds4: [t=+91114.1ms] req seq=3084 L3 k=1 ids=[20] w=[0.1236] compute=1.86 ms ok
ds4: [t=+91114.2ms] tok#305 done: 7 layer-reqs, 9 experts, compute 13.07 ms (1.87 ms/layer), wall 105.59 ms, errors=0, evict-hints=7 | cache: resident=3337/3337 slabs=3 wired=22.00 GiB mlock-fail=0 B hits=3084 misses=0 swaps=3083
ds4: [t=+91114.2ms] tok#305 experts: L8=[45] L9=[37] L14=[103,125] L15=[212,97] L19=[168] L20=[147] L32=[141]
ds4: [t=+91120.5ms] req seq=3085 L4 k=3 ids=[78,112,176] w=[0.1518,0.1032,0.0891] compute=1.90 ms ok
ds4: [t=+91127.7ms] req seq=3086 L6 k=1 ids=[241] w=[0.1692] compute=1.79 ms ok
ds4: [t=+91135.1ms] req seq=3087 L8 k=1 ids=[34] w=[0.1161] compute=1.80 ms ok
ds4: [t=+91145.5ms] req seq=3088 L12 k=1 ids=[150] w=[0.1869] compute=1.84 ms ok
ds4: [t=+91158.0ms] req seq=3089 L17 k=1 ids=[12] w=[0.2294] compute=1.85 ms ok
ds4: [t=+91164.5ms] req seq=3090 L19 k=1 ids=[47] w=[0.3127] compute=1.78 ms ok
ds4: [t=+91170.7ms] req seq=3091 L20 k=1 ids=[216] w=[0.1566] compute=1.86 ms ok
ds4: [t=+91222.7ms] req seq=3092 L39 k=1 ids=[180] w=[0.1455] compute=1.89 ms ok
ds4: [t=+91252.9ms] req seq=3093 L5 k=1 ids=[105] w=[0.0907] compute=1.91 ms ok
ds4: [t=+91253.0ms] tok#306 done: 9 layer-reqs, 11 experts, compute 16.57 ms (1.84 ms/layer), wall 140.72 ms, errors=0, evict-hints=9 | cache: resident=3337/3337 slabs=3 wired=22.00 GiB mlock-fail=0 B hits=3093 misses=0 swaps=3092
ds4: [t=+91253.0ms] tok#306 experts: L3=[20] L4=[78,112,176] L6=[241] L8=[34] L12=[150] L17=[12] L19=[47] L20=[216] L39=[180]
ds4: [t=+91266.0ms] req seq=3094 L9 k=1 ids=[170] w=[0.1022] compute=1.91 ms ok
ds4: [t=+91272.2ms] req seq=3095 L10 k=1 ids=[8] w=[0.1435] compute=1.81 ms ok
ds4: [t=+91278.6ms] req seq=3096 L11 k=1 ids=[61] w=[0.1335] compute=1.82 ms ok
ds4: [t=+91286.9ms] req seq=3097 L13 k=1 ids=[3] w=[0.3128] compute=1.86 ms ok
ds4: [t=+91305.2ms] req seq=3098 L21 k=1 ids=[242] w=[0.1680] compute=1.91 ms ok
ds4: [t=+91311.6ms] req seq=3099 L22 k=1 ids=[37] w=[0.1704] compute=1.83 ms ok
ds4: [t=+91366.6ms] req seq=3100 L5 k=1 ids=[58] w=[0.0949] compute=1.91 ms ok
ds4: [t=+91366.7ms] tok#307 done: 7 layer-reqs, 7 experts, compute 13.06 ms (1.87 ms/layer), wall 115.68 ms, errors=0, evict-hints=7 | cache: resident=3337/3337 slabs=3 wired=22.00 GiB mlock-fail=0 B hits=3100 misses=0 swaps=3099
ds4: [t=+91366.7ms] tok#307 experts: L5=[105] L9=[170] L10=[8] L11=[61] L13=[3] L21=[242] L22=[37]
ds4: [t=+91375.2ms] req seq=3101 L6 k=1 ids=[216] w=[0.1215] compute=1.82 ms ok
ds4: [t=+91381.3ms] req seq=3102 L7 k=2 ids=[143,85] w=[0.1786,0.1472] compute=1.87 ms ok
ds4: [t=+91391.0ms] req seq=3103 L11 k=1 ids=[46] w=[0.1515] compute=1.81 ms ok
ds4: [t=+91397.2ms] req seq=3104 L12 k=1 ids=[202] w=[0.1430] compute=1.79 ms ok
ds4: [t=+91406.6ms] req seq=3105 L15 k=1 ids=[131] w=[0.1783] compute=1.86 ms ok
ds4: [t=+91413.1ms] req seq=3106 L16 k=2 ids=[87,191] w=[0.3123,0.2100] compute=1.85 ms ok
ds4: [t=+91419.9ms] req seq=3107 L17 k=2 ids=[184,196] w=[0.1788,0.1677] compute=1.78 ms ok
ds4: [t=+91433.3ms] req seq=3108 L22 k=1 ids=[235] w=[0.1752] compute=1.88 ms ok
ds4: [t=+91457.9ms] req seq=3109 L32 k=1 ids=[39] w=[0.1882] compute=1.93 ms ok
ds4: [t=+91472.6ms] req seq=3110 L36 k=1 ids=[123] w=[0.3224] compute=1.90 ms ok
ds4: [t=+91512.9ms] req seq=3111 L4 k=2 ids=[181,4] w=[0.1764,0.1547] compute=1.89 ms ok
ds4: [t=+91513.0ms] tok#308 done: 11 layer-reqs, 14 experts, compute 20.42 ms (1.86 ms/layer), wall 148.33 ms, errors=0, evict-hints=11 | cache: resident=3337/3337 slabs=3 wired=22.00 GiB mlock-fail=0 B hits=3111 misses=0 swaps=3110
ds4: [t=+91513.1ms] tok#308 experts: L5=[58] L6=[216] L7=[143,85] L11=[46] L12=[202] L15=[131] L16=[87,191] L17=[184,196] L22=[235] L32=[39] L36=[123]
ds4: [t=+91519.4ms] req seq=3112 L5 k=2 ids=[45,146] w=[0.3311,0.1197] compute=1.90 ms ok
ds4: [t=+91528.9ms] req seq=3113 L7 k=1 ids=[189] w=[0.3017] compute=1.82 ms ok
ds4: [t=+91534.9ms] req seq=3114 L8 k=1 ids=[230] w=[0.1747] compute=1.78 ms ok
ds4: [t=+91540.7ms] req seq=3115 L9 k=1 ids=[4] w=[0.1421] compute=1.78 ms ok
ds4: [t=+91546.6ms] req seq=3116 L10 k=1 ids=[86] w=[0.1259] compute=1.76 ms ok
ds4: [t=+91554.7ms] req seq=3117 L12 k=3 ids=[209,170,110] w=[0.2982,0.2393,0.2212] compute=1.91 ms ok
ds4: [t=+91561.4ms] req seq=3118 L13 k=1 ids=[171] w=[0.1682] compute=1.80 ms ok
ds4: [t=+91573.6ms] req seq=3119 L17 k=1 ids=[127] w=[0.1798] compute=1.85 ms ok
ds4: [t=+91583.8ms] req seq=3120 L21 k=1 ids=[122] w=[0.2965] compute=1.84 ms ok
ds4: [t=+91589.8ms] req seq=3121 L22 k=1 ids=[234] w=[0.2109] compute=1.84 ms ok
ds4: [t=+91617.2ms] req seq=3122 L32 k=1 ids=[161] w=[0.2991] compute=1.90 ms ok
ds4: [t=+91626.6ms] req seq=3123 L35 k=1 ids=[2] w=[0.2463] compute=1.81 ms ok
ds4: [t=+91635.5ms] req seq=3124 L37 k=1 ids=[143] w=[0.1877] compute=1.85 ms ok
ds4: [t=+91671.5ms] req seq=3125 L4 k=2 ids=[4,168] w=[0.2655,0.1278] compute=1.89 ms ok
ds4: [t=+91671.6ms] tok#309 done: 14 layer-reqs, 18 experts, compute 25.74 ms (1.84 ms/layer), wall 160.55 ms, errors=0, evict-hints=14 | cache: resident=3337/3337 slabs=3 wired=22.00 GiB mlock-fail=0 B hits=3125 misses=0 swaps=3124
ds4: [t=+91671.7ms] tok#309 experts: L4=[181,4] L5=[45,146] L7=[189] L8=[230] L9=[4] L10=[86] L12=[209,170,110] L13=[171] L17=[127] L21=[122] L22=[234] L32=[161] L35=[2] L37=[143]
ds4: [t=+91681.7ms] req seq=3126 L7 k=1 ids=[26] w=[0.1785] compute=1.82 ms ok
ds4: [t=+91696.5ms] req seq=3127 L12 k=1 ids=[179] w=[0.1114] compute=1.80 ms ok
ds4: [t=+91702.6ms] req seq=3128 L13 k=1 ids=[93] w=[0.3423] compute=1.85 ms ok
ds4: [t=+91708.6ms] req seq=3129 L14 k=1 ids=[128] w=[0.1265] compute=1.79 ms ok
ds4: [t=+91714.8ms] req seq=3130 L15 k=1 ids=[97] w=[0.2238] compute=1.82 ms ok
ds4: [t=+91724.8ms] req seq=3131 L19 k=1 ids=[67] w=[0.1188] compute=1.81 ms ok
ds4: [t=+91774.4ms] req seq=3132 L39 k=1 ids=[105] w=[0.1981] compute=2.08 ms ok
ds4: [t=+91801.8ms] req seq=3133 L5 k=1 ids=[178] w=[0.1320] compute=1.91 ms ok
ds4: [t=+91801.9ms] tok#310 done: 8 layer-reqs, 9 experts, compute 14.85 ms (1.86 ms/layer), wall 132.27 ms, errors=0, evict-hints=8 | cache: resident=3337/3337 slabs=3 wired=22.00 GiB mlock-fail=0 B hits=3133 misses=0 swaps=3132
ds4: [t=+91801.9ms] tok#310 experts: L4=[4,168] L7=[26] L12=[179] L13=[93] L14=[128] L15=[97] L19=[67] L39=[105]
ds4: [t=+91811.4ms] req seq=3134 L8 k=1 ids=[29] w=[0.1208] compute=1.82 ms ok
ds4: [t=+91820.3ms] req seq=3135 L11 k=2 ids=[197,207] w=[0.1650,0.1652] compute=1.90 ms ok
ds4: [t=+91827.6ms] req seq=3136 L13 k=1 ids=[122] w=[0.1703] compute=1.79 ms ok
ds4: [t=+91839.8ms] req seq=3137 L18 k=1 ids=[88] w=[0.2454] compute=1.85 ms ok
ds4: [t=+91901.4ms] req seq=3138 L4 k=3 ids=[34,88,253] w=[0.7506,0.1129,0.1085] compute=1.84 ms ok
ds4: [t=+91901.5ms] tok#311 done: 5 layer-reqs, 6 experts, compute 9.29 ms (1.86 ms/layer), wall 101.61 ms, errors=0, evict-hints=5 | cache: resident=3337/3337 slabs=3 wired=22.00 GiB mlock-fail=0 B hits=3138 misses=0 swaps=3137
ds4: [t=+91901.6ms] tok#311 experts: L5=[178] L8=[29] L11=[197,207] L13=[122] L18=[88]
ds4: [t=+91913.5ms] req seq=3139 L7 k=1 ids=[36] w=[0.1313] compute=1.74 ms ok
ds4: [t=+91921.9ms] req seq=3140 L10 k=1 ids=[217] w=[0.1699] compute=1.79 ms ok
ds4: [t=+91928.0ms] req seq=3141 L11 k=1 ids=[25] w=[0.2646] compute=1.75 ms ok
ds4: [t=+91937.9ms] req seq=3142 L15 k=1 ids=[167] w=[0.2023] compute=1.80 ms ok
ds4: [t=+91949.8ms] req seq=3143 L18 k=1 ids=[233] w=[0.2097] compute=1.93 ms ok
ds4: [t=+91959.0ms] req seq=3144 L21 k=1 ids=[58] w=[0.1872] compute=1.84 ms ok
ds4: [t=+92018.1ms] req seq=3145 L5 k=1 ids=[99] w=[0.3361] compute=2.12 ms ok
ds4: [t=+92018.2ms] tok#312 done: 7 layer-reqs, 9 experts, compute 12.70 ms (1.81 ms/layer), wall 118.54 ms, errors=0, evict-hints=7 | cache: resident=3337/3337 slabs=3 wired=22.00 GiB mlock-fail=0 B hits=3145 misses=0 swaps=3144
ds4: [t=+92018.2ms] tok#312 experts: L4=[34,88,253] L7=[36] L10=[217] L11=[25] L15=[167] L18=[233] L21=[58]
ds4: [t=+92025.3ms] req seq=3146 L6 k=1 ids=[251] w=[0.1231] compute=1.86 ms ok
ds4: [t=+92031.4ms] req seq=3147 L7 k=1 ids=[73] w=[0.4565] compute=1.79 ms ok
ds4: [t=+92037.3ms] req seq=3148 L8 k=1 ids=[177] w=[0.2778] compute=1.79 ms ok
ds4: [t=+92044.0ms] req seq=3149 L10 k=1 ids=[163] w=[0.4044] compute=1.78 ms ok
ds4: [t=+92060.2ms] req seq=3150 L16 k=1 ids=[126] w=[0.2300] compute=1.88 ms ok
ds4: [t=+92075.0ms] req seq=3151 L22 k=1 ids=[12] w=[0.1662] compute=1.87 ms ok
ds4: [t=+92129.5ms] req seq=3152 L3 k=1 ids=[88] w=[0.1539] compute=1.95 ms ok
ds4: [t=+92129.6ms] tok#313 done: 7 layer-reqs, 7 experts, compute 13.09 ms (1.87 ms/layer), wall 113.69 ms, errors=0, evict-hints=7 | cache: resident=3337/3337 slabs=3 wired=22.00 GiB mlock-fail=0 B hits=3152 misses=0 swaps=3151
ds4: [t=+92129.7ms] tok#313 experts: L5=[99] L6=[251] L7=[73] L8=[177] L10=[163] L16=[126] L22=[12]
ds4: [t=+92149.9ms] req seq=3153 L10 k=1 ids=[213] w=[0.1381] compute=1.92 ms ok
ds4: [t=+92161.2ms] req seq=3154 L15 k=1 ids=[56] w=[0.1797] compute=1.76 ms ok
ds4: [t=+92167.5ms] req seq=3155 L16 k=1 ids=[198] w=[0.1657] compute=1.85 ms ok
ds4: [t=+92180.0ms] req seq=3156 L21 k=1 ids=[73] w=[0.1617] compute=1.87 ms ok
ds4: [t=+92237.5ms] req seq=3157 L4 k=1 ids=[25] w=[0.1161] compute=2.07 ms ok
ds4: [t=+92237.6ms] tok#314 done: 5 layer-reqs, 5 experts, compute 9.35 ms (1.87 ms/layer), wall 110.03 ms, errors=0, evict-hints=5 | cache: resident=3337/3337 slabs=3 wired=22.00 GiB mlock-fail=0 B hits=3157 misses=0 swaps=3156
ds4: [t=+92237.7ms] tok#314 experts: L3=[88] L10=[213] L15=[56] L16=[198] L21=[73]
ds4: [t=+92244.7ms] req seq=3158 L6 k=1 ids=[40] w=[0.1655] compute=1.82 ms ok
ds4: [t=+92255.3ms] req seq=3159 L11 k=1 ids=[47] w=[0.1952] compute=1.87 ms ok
ds4: [t=+92263.7ms] req seq=3160 L14 k=1 ids=[238] w=[0.1374] compute=1.87 ms ok
ds4: [t=+92269.9ms] req seq=3161 L15 k=1 ids=[107] w=[0.1422] compute=1.88 ms ok
ds4: [t=+92283.5ms] req seq=3162 L21 k=1 ids=[72] w=[0.1933] compute=1.86 ms ok
ds4: [t=+92289.9ms] req seq=3163 L23 k=1 ids=[9] w=[0.2204] compute=1.79 ms ok
ds4: [t=+92345.2ms] req seq=3164 L3 k=1 ids=[243] w=[0.1108] compute=1.90 ms ok
ds4: [t=+92345.3ms] tok#315 done: 7 layer-reqs, 7 experts, compute 13.16 ms (1.88 ms/layer), wall 109.88 ms, errors=0, evict-hints=7 | cache: resident=3337/3337 slabs=3 wired=22.00 GiB mlock-fail=0 B hits=3164 misses=0 swaps=3163
ds4: [t=+92345.4ms] tok#315 experts: L4=[25] L6=[40] L11=[47] L14=[238] L15=[107] L21=[72] L23=[9]
ds4: [t=+92353.2ms] req seq=3165 L6 k=1 ids=[124] w=[0.1781] compute=1.89 ms ok
ds4: [t=+92362.8ms] req seq=3166 L9 k=1 ids=[70] w=[0.1157] compute=1.81 ms ok
ds4: [t=+92368.7ms] req seq=3167 L11 k=1 ids=[207] w=[0.2655] compute=1.84 ms ok
ds4: [t=+92377.0ms] req seq=3168 L13 k=1 ids=[133] w=[0.1988] compute=1.84 ms ok
ds4: [t=+92388.3ms] req seq=3169 L18 k=1 ids=[84] w=[0.1542] compute=1.90 ms ok
ds4: [t=+92394.4ms] req seq=3170 L19 k=1 ids=[43] w=[0.3994] compute=1.82 ms ok
ds4: [t=+92400.7ms] req seq=3171 L21 k=1 ids=[167] w=[0.3259] compute=1.86 ms ok
ds4: [t=+92453.5ms] req seq=3172 L40 k=1 ids=[81] w=[0.1693] compute=1.90 ms ok
ds4: [t=+92474.5ms] req seq=3173 L6 k=3 ids=[152,190,49] w=[0.1471,0.1088,0.1089] compute=1.89 ms ok
ds4: [t=+92474.6ms] tok#316 done: 9 layer-reqs, 9 experts, compute 16.76 ms (1.86 ms/layer), wall 131.29 ms, errors=0, evict-hints=9 | cache: resident=3337/3337 slabs=3 wired=22.00 GiB mlock-fail=0 B hits=3173 misses=0 swaps=3172
ds4: [t=+92474.7ms] tok#316 experts: L3=[243] L6=[124] L9=[70] L11=[207] L13=[133] L18=[84] L19=[43] L21=[167] L40=[81]
ds4: [t=+92485.3ms] req seq=3174 L9 k=1 ids=[83] w=[0.1159] compute=1.87 ms ok
ds4: [t=+92493.5ms] req seq=3175 L12 k=1 ids=[92] w=[0.2053] compute=1.79 ms ok
ds4: [t=+92501.4ms] req seq=3176 L14 k=3 ids=[15,110,99] w=[0.2914,0.1708,0.1324] compute=1.91 ms ok
ds4: [t=+92509.1ms] req seq=3177 L16 k=1 ids=[241] w=[0.2187] compute=1.84 ms ok
ds4: [t=+92520.5ms] req seq=3178 L21 k=2 ids=[148,215] w=[0.3568,0.1711] compute=1.86 ms ok
ds4: [t=+92526.4ms] req seq=3179 L22 k=1 ids=[159] w=[0.5669] compute=1.80 ms ok
ds4: [t=+92535.2ms] req seq=3180 L25 k=1 ids=[67] w=[0.1492] compute=1.86 ms ok
ds4: [t=+92545.4ms] req seq=3181 L29 k=1 ids=[104] w=[0.1882] compute=1.80 ms ok
ds4: [t=+92596.3ms] req seq=3182 L4 k=1 ids=[245] w=[0.1189] compute=2.05 ms ok
ds4: [t=+92596.4ms] tok#317 done: 9 layer-reqs, 14 experts, compute 16.62 ms (1.85 ms/layer), wall 123.72 ms, errors=0, evict-hints=9 | cache: resident=3337/3337 slabs=3 wired=22.00 GiB mlock-fail=0 B hits=3182 misses=0 swaps=3181
ds4: [t=+92596.4ms] tok#317 experts: L6=[152,190,49] L9=[83] L12=[92] L14=[15,110,99] L16=[241] L21=[148,215] L22=[159] L25=[67] L29=[104]
ds4: [t=+92602.4ms] req seq=3183 L6 k=2 ids=[214,109] w=[0.2159,0.1936] compute=1.90 ms ok
ds4: [t=+92609.1ms] req seq=3184 L8 k=1 ids=[15] w=[0.1229] compute=1.77 ms ok
ds4: [t=+92616.8ms] req seq=3185 L11 k=1 ids=[106] w=[0.1627] compute=1.81 ms ok
ds4: [t=+92632.1ms] req seq=3186 L17 k=1 ids=[101] w=[0.2083] compute=1.83 ms ok
ds4: [t=+92638.0ms] req seq=3187 L18 k=1 ids=[161] w=[0.1622] compute=1.79 ms ok
ds4: [t=+92644.1ms] req seq=3188 L19 k=1 ids=[153] w=[0.1723] compute=1.85 ms ok
ds4: [t=+92654.8ms] req seq=3189 L23 k=1 ids=[146] w=[0.1530] compute=1.87 ms ok
ds4: [t=+92704.7ms] req seq=3190 L4 k=1 ids=[138] w=[0.0996] compute=2.05 ms ok
ds4: [t=+92704.8ms] tok#318 done: 8 layer-reqs, 9 experts, compute 14.87 ms (1.86 ms/layer), wall 110.57 ms, errors=0, evict-hints=8 | cache: resident=3337/3337 slabs=3 wired=22.00 GiB mlock-fail=0 B hits=3190 misses=0 swaps=3189
ds4: [t=+92704.9ms] tok#318 experts: L4=[245] L6=[214,109] L8=[15] L11=[106] L17=[101] L18=[161] L19=[153] L23=[146]
ds4: [t=+92714.2ms] req seq=3191 L8 k=1 ids=[76] w=[0.1375] compute=1.81 ms ok
ds4: [t=+92734.3ms] req seq=3192 L19 k=1 ids=[65] w=[0.1368] compute=1.87 ms ok
ds4: [t=+92742.6ms] req seq=3193 L22 k=1 ids=[224] w=[0.1623] compute=1.85 ms ok
ds4: [t=+92790.9ms] req seq=3194 L42 k=1 ids=[64] w=[0.1046] compute=2.05 ms ok
ds4: [t=+92808.1ms] req seq=3195 L4 k=1 ids=[176] w=[0.1086] compute=1.88 ms ok
ds4: [t=+92808.2ms] tok#319 done: 5 layer-reqs, 5 experts, compute 9.64 ms (1.93 ms/layer), wall 105.53 ms, errors=0, evict-hints=5 | cache: resident=3337/3337 slabs=3 wired=22.00 GiB mlock-fail=0 B hits=3195 misses=0 swaps=3194
ds4: [t=+92808.2ms] tok#319 experts: L4=[138] L8=[76] L19=[65] L22=[224] L42=[64]
ds4: [t=+92818.2ms] req seq=3196 L8 k=1 ids=[83] w=[0.1133] compute=1.86 ms ok
ds4: [t=+92824.6ms] req seq=3197 L9 k=1 ids=[113] w=[0.1423] compute=1.79 ms ok
ds4: [t=+92837.3ms] req seq=3198 L15 k=1 ids=[50] w=[0.1680] compute=1.85 ms ok
ds4: [t=+92850.5ms] req seq=3199 L20 k=1 ids=[84] w=[0.1686] compute=1.88 ms ok
ds4: [t=+92856.7ms] req seq=3200 L21 k=1 ids=[38] w=[0.2661] compute=1.83 ms ok
ds4: [t=+92862.9ms] req seq=3201 L22 k=1 ids=[52] w=[0.3311] compute=1.84 ms ok
ds4: [t=+92869.2ms] req seq=3202 L23 k=1 ids=[178] w=[0.2358] compute=1.87 ms ok
ds4: [t=+92901.6ms] req seq=3203 L30 k=1 ids=[206] w=[0.4234] compute=1.90 ms ok
ds4: [t=+92914.4ms] req seq=3204 L34 k=1 ids=[94] w=[0.2879] compute=1.85 ms ok
ds4: [t=+92920.9ms] req seq=3205 L35 k=1 ids=[170] w=[0.5513] compute=1.87 ms ok
ds4: [t=+92943.5ms] req seq=3206 L41 k=1 ids=[149] w=[0.1036] compute=1.85 ms ok
ds4: [t=+92959.2ms] req seq=3207 L1 k=1 ids=[35] w=[0.2291] compute=1.89 ms ok
ds4: [t=+92959.4ms] tok#320 done: 12 layer-reqs, 12 experts, compute 22.26 ms (1.86 ms/layer), wall 153.10 ms, errors=0, evict-hints=12 | cache: resident=3337/3337 slabs=3 wired=22.00 GiB mlock-fail=0 B hits=3207 misses=0 swaps=3206
ds4: [t=+92959.4ms] tok#320 experts: L4=[176] L8=[83] L9=[113] L15=[50] L20=[84] L21=[38] L22=[52] L23=[178] L30=[206] L34=[94] L35=[170] L41=[149]
ds4: [t=+92977.8ms] req seq=3208 L8 k=1 ids=[73] w=[0.1533] compute=1.89 ms ok
ds4: [t=+92985.2ms] req seq=3209 L11 k=1 ids=[24] w=[0.1803] compute=1.82 ms ok
ds4: [t=+93001.6ms] req seq=3210 L17 k=1 ids=[96] w=[0.1722] compute=1.91 ms ok
ds4: [t=+93034.5ms] req seq=3211 L31 k=1 ids=[137] w=[0.1918] compute=1.95 ms ok
ds4: [t=+93059.0ms] req seq=3212 L40 k=1 ids=[22] w=[0.1939] compute=1.90 ms ok
ds4: [t=+93072.8ms] req seq=3213 L0 k=1 ids=[190] w=[0.0535] compute=1.84 ms ok
ds4: [t=+93072.9ms] tok#321 done: 6 layer-reqs, 6 experts, compute 11.36 ms (1.89 ms/layer), wall 115.53 ms, errors=0, evict-hints=6 | cache: resident=3337/3337 slabs=3 wired=22.00 GiB mlock-fail=0 B hits=3213 misses=0 swaps=3212
ds4: [t=+93072.9ms] tok#321 experts: L1=[35] L8=[73] L11=[24] L17=[96] L31=[137] L40=[22]
ds4: [t=+93092.2ms] req seq=3214 L7 k=2 ids=[185,39] w=[0.2719,0.1853] compute=1.89 ms ok
ds4: [t=+93099.5ms] req seq=3215 L9 k=1 ids=[239] w=[0.1476] compute=1.83 ms ok
ds4: [t=+93106.2ms] req seq=3216 L11 k=1 ids=[114] w=[0.2847] compute=1.80 ms ok
ds4: [t=+93112.6ms] req seq=3217 L12 k=1 ids=[195] w=[0.1778] compute=1.76 ms ok
ds4: [t=+93177.7ms] req seq=3218 L3 k=1 ids=[25] w=[0.1451] compute=2.11 ms ok
ds4: [t=+93177.8ms] tok#322 done: 5 layer-reqs, 6 experts, compute 9.12 ms (1.82 ms/layer), wall 106.81 ms, errors=0, evict-hints=5 | cache: resident=3337/3337 slabs=3 wired=22.00 GiB mlock-fail=0 B hits=3218 misses=0 swaps=3217
ds4: [t=+93177.8ms] tok#322 experts: L0=[190] L7=[185,39] L9=[239] L11=[114] L12=[195]
ds4: [t=+93185.0ms] req seq=3219 L4 k=1 ids=[21] w=[0.1276] compute=1.86 ms ok
ds4: [t=+93192.9ms] req seq=3220 L7 k=3 ids=[101,209,81] w=[0.1591,0.1270,0.1177] compute=1.84 ms ok
ds4: [t=+93199.6ms] req seq=3221 L8 k=1 ids=[57] w=[0.1301] compute=1.86 ms ok
ds4: [t=+93206.1ms] req seq=3222 L10 k=1 ids=[211] w=[0.2460] compute=1.75 ms ok
ds4: [t=+93214.3ms] req seq=3223 L12 k=1 ids=[229] w=[0.1480] compute=1.82 ms ok
ds4: [t=+93222.3ms] req seq=3224 L15 k=1 ids=[174] w=[0.1548] compute=1.93 ms ok
ds4: [t=+93230.9ms] req seq=3225 L18 k=1 ids=[12] w=[0.1949] compute=1.79 ms ok
ds4: [t=+93236.9ms] req seq=3226 L19 k=2 ids=[149,249] w=[0.1881,0.1741] compute=1.85 ms ok
ds4: [t=+93243.1ms] req seq=3227 L21 k=1 ids=[7] w=[0.1281] compute=1.77 ms ok
ds4: [t=+93257.2ms] req seq=3228 L27 k=1 ids=[29] w=[0.0801] compute=1.91 ms ok
ds4: [t=+93268.7ms] req seq=3229 L30 k=1 ids=[31] w=[0.2111] compute=1.89 ms ok
ds4: [t=+93294.9ms] req seq=3230 L40 k=1 ids=[24] w=[0.1551] compute=1.88 ms ok
ds4: [t=+93315.6ms] req seq=3231 L3 k=1 ids=[50] w=[0.3278] compute=1.95 ms ok
ds4: [t=+93315.7ms] tok#323 done: 13 layer-reqs, 16 experts, compute 24.27 ms (1.87 ms/layer), wall 140.11 ms, errors=0, evict-hints=13 | cache: resident=3337/3337 slabs=3 wired=22.00 GiB mlock-fail=0 B hits=3231 misses=0 swaps=3230
ds4: [t=+93315.8ms] tok#323 experts: L3=[25] L4=[21] L7=[101,209,81] L8=[57] L10=[211] L12=[229] L15=[174] L18=[12] L19=[149,249] L21=[7] L27=[29] L30=[31] L40=[24]
ds4: [t=+93322.2ms] req seq=3232 L5 k=1 ids=[215] w=[0.1556] compute=1.85 ms ok
ds4: [t=+93328.6ms] req seq=3233 L6 k=1 ids=[109] w=[0.3004] compute=1.77 ms ok
ds4: [t=+93334.5ms] req seq=3234 L7 k=2 ids=[83,166] w=[0.4380,0.0848] compute=1.82 ms ok
ds4: [t=+93341.2ms] req seq=3235 L9 k=1 ids=[203] w=[0.1363] compute=1.77 ms ok
ds4: [t=+93355.0ms] req seq=3236 L15 k=1 ids=[132] w=[0.2159] compute=1.89 ms ok
ds4: [t=+93361.3ms] req seq=3237 L16 k=1 ids=[157] w=[0.2536] compute=1.84 ms ok
ds4: [t=+93367.7ms] req seq=3238 L17 k=1 ids=[179] w=[0.1544] compute=1.84 ms ok
ds4: [t=+93374.2ms] req seq=3239 L19 k=1 ids=[249] w=[0.1554] compute=1.81 ms ok
ds4: [t=+93383.6ms] req seq=3240 L22 k=1 ids=[105] w=[0.4245] compute=1.89 ms ok
ds4: [t=+93391.9ms] req seq=3241 L24 k=1 ids=[147] w=[0.1434] compute=1.80 ms ok
ds4: [t=+93419.1ms] req seq=3242 L32 k=1 ids=[99] w=[0.1222] compute=1.88 ms ok
ds4: [t=+93426.8ms] req seq=3243 L33 k=1 ids=[30] w=[0.1788] compute=1.80 ms ok
ds4: [t=+93491.0ms] req seq=3244 L1 k=1 ids=[111] w=[0.1587] compute=2.07 ms ok
ds4: [t=+93491.1ms] tok#324 done: 13 layer-reqs, 14 experts, compute 23.90 ms (1.84 ms/layer), wall 177.40 ms, errors=0, evict-hints=13 | cache: resident=3337/3337 slabs=3 wired=22.00 GiB mlock-fail=0 B hits=3244 misses=0 swaps=3243
ds4: [t=+93491.1ms] tok#324 experts: L3=[50] L5=[215] L6=[109] L7=[83,166] L9=[203] L15=[132] L16=[157] L17=[179] L19=[249] L22=[105] L24=[147] L32=[99] L33=[30]
ds4: [t=+93503.8ms] req seq=3245 L4 k=3 ids=[82,80,221] w=[0.3173,0.1578,0.1103] compute=1.88 ms ok
ds4: [t=+93524.5ms] req seq=3246 L7 k=2 ids=[122,169] w=[0.2481,0.1688] compute=1.86 ms ok
ds4: [t=+93530.8ms] req seq=3247 L8 k=1 ids=[254] w=[0.2393] compute=1.84 ms ok
ds4: [t=+93537.5ms] req seq=3248 L9 k=1 ids=[182] w=[0.2462] compute=1.81 ms ok
ds4: [t=+93552.2ms] req seq=3249 L15 k=1 ids=[58] w=[0.1417] compute=1.91 ms ok
ds4: [t=+93558.7ms] req seq=3250 L16 k=1 ids=[255] w=[0.1357] compute=1.80 ms ok
ds4: [t=+93565.9ms] req seq=3251 L18 k=2 ids=[25,198] w=[0.2939,0.1532] compute=1.87 ms ok
ds4: [t=+93572.1ms] req seq=3252 L19 k=2 ids=[180,193] w=[0.2698,0.1625] compute=1.82 ms ok
ds4: [t=+93581.3ms] req seq=3253 L21 k=2 ids=[71,202] w=[0.3617,0.2257] compute=1.82 ms ok
ds4: [t=+93650.3ms] req seq=3254 L1 k=1 ids=[33] w=[0.3851] compute=2.04 ms ok
ds4: [t=+93650.4ms] tok#325 done: 10 layer-reqs, 16 experts, compute 18.67 ms (1.87 ms/layer), wall 161.50 ms, errors=0, evict-hints=10 | cache: resident=3337/3337 slabs=3 wired=22.00 GiB mlock-fail=0 B hits=3254 misses=0 swaps=3253
ds4: [t=+93650.5ms] tok#325 experts: L1=[111] L4=[82,80,221] L7=[122,169] L8=[254] L9=[182] L15=[58] L16=[255] L18=[25,198] L19=[180,193] L21=[71,202]
ds4: [t=+93660.3ms] req seq=3255 L3 k=1 ids=[77] w=[0.1282] compute=1.80 ms ok
ds4: [t=+93668.6ms] req seq=3256 L5 k=1 ids=[218] w=[0.1593] compute=1.83 ms ok
ds4: [t=+93679.9ms] req seq=3257 L7 k=1 ids=[25] w=[0.1782] compute=1.82 ms ok
ds4: [t=+93686.3ms] req seq=3258 L8 k=1 ids=[51] w=[0.1085] compute=1.84 ms ok
ds4: [t=+93699.4ms] req seq=3259 L9 k=1 ids=[133] w=[0.4167] compute=1.85 ms ok
ds4: [t=+93708.4ms] req seq=3260 L11 k=1 ids=[52] w=[0.2393] compute=1.80 ms ok
ds4: [t=+93721.9ms] req seq=3261 L15 k=1 ids=[180] w=[0.1749] compute=1.91 ms ok
ds4: [t=+93728.3ms] req seq=3262 L16 k=1 ids=[111] w=[0.2877] compute=1.90 ms ok
ds4: [t=+93745.6ms] req seq=3263 L21 k=3 ids=[172,75,254] w=[0.2130,0.1626,0.1514] compute=1.91 ms ok
ds4: [t=+93829.8ms] req seq=3264 L5 k=1 ids=[2] w=[0.1816] compute=1.93 ms ok
ds4: [t=+93829.9ms] tok#326 done: 10 layer-reqs, 12 experts, compute 18.71 ms (1.87 ms/layer), wall 181.67 ms, errors=0, evict-hints=10 | cache: resident=3337/3337 slabs=3 wired=22.00 GiB mlock-fail=0 B hits=3264 misses=0 swaps=3263
ds4: [t=+93830.0ms] tok#326 experts: L1=[33] L3=[77] L5=[218] L7=[25] L8=[51] L9=[133] L11=[52] L15=[180] L16=[111] L21=[172,75,254]
ds4: [t=+93839.1ms] req seq=3265 L6 k=1 ids=[6] w=[0.1997] compute=1.90 ms ok
ds4: [t=+93848.5ms] req seq=3266 L8 k=1 ids=[207] w=[0.5068] compute=1.78 ms ok
ds4: [t=+93855.4ms] req seq=3267 L10 k=1 ids=[74] w=[0.1498] compute=1.77 ms ok
ds4: [t=+93861.9ms] req seq=3268 L12 k=1 ids=[182] w=[0.1555] compute=1.83 ms ok
ds4: [t=+93868.2ms] req seq=3269 L13 k=1 ids=[206] w=[0.1088] compute=1.94 ms ok
ds4: [t=+93878.8ms] req seq=3270 L17 k=2 ids=[84,227] w=[0.2409,0.2060] compute=1.91 ms ok
ds4: [t=+93885.1ms] req seq=3271 L18 k=1 ids=[121] w=[0.1907] compute=1.88 ms ok
ds4: [t=+93894.8ms] req seq=3272 L21 k=1 ids=[75] w=[0.1892] compute=1.91 ms ok
ds4: [t=+93901.8ms] req seq=3273 L23 k=1 ids=[80] w=[0.1505] compute=1.88 ms ok
ds4: [t=+93944.7ms] req seq=3274 L34 k=1 ids=[88] w=[0.3260] compute=2.14 ms ok
ds4: [t=+93963.6ms] req seq=3275 L39 k=1 ids=[18] w=[0.1703] compute=1.89 ms ok
ds4: [t=+93969.8ms] req seq=3276 L40 k=1 ids=[2] w=[0.1870] compute=1.89 ms ok
ds4: [t=+94006.3ms] req seq=3277 L10 k=1 ids=[124] w=[0.1556] compute=1.92 ms ok
ds4: [t=+94006.4ms] tok#327 done: 13 layer-reqs, 14 experts, compute 24.64 ms (1.90 ms/layer), wall 178.50 ms, errors=0, evict-hints=13 | cache: resident=3337/3337 slabs=3 wired=22.00 GiB mlock-fail=0 B hits=3277 misses=0 swaps=3276
ds4: [t=+94006.5ms] tok#327 experts: L5=[2] L6=[6] L8=[207] L10=[74] L12=[182] L13=[206] L17=[84,227] L18=[121] L21=[75] L23=[80] L34=[88] L39=[18] L40=[2]
ds4: [t=+94012.7ms] req seq=3278 L11 k=1 ids=[126] w=[0.1609] compute=1.84 ms ok
ds4: [t=+94019.1ms] req seq=3279 L12 k=1 ids=[120] w=[0.2079] compute=1.82 ms ok
ds4: [t=+94024.8ms] req seq=3280 L13 k=1 ids=[172] w=[0.1250] compute=1.77 ms ok
ds4: [t=+94030.7ms] req seq=3281 L14 k=1 ids=[63] w=[0.2190] compute=1.76 ms ok
ds4: [t=+94036.5ms] req seq=3282 L15 k=1 ids=[228] w=[0.1607] compute=1.83 ms ok
ds4: [t=+94042.3ms] req seq=3283 L17 k=1 ids=[227] w=[0.1914] compute=1.74 ms ok
ds4: [t=+94053.5ms] req seq=3284 L22 k=1 ids=[144] w=[0.2614] compute=1.81 ms ok
ds4: [t=+94072.8ms] req seq=3285 L30 k=1 ids=[243] w=[0.1276] compute=1.86 ms ok
ds4: [t=+94085.8ms] req seq=3286 L33 k=1 ids=[69] w=[0.1292] compute=1.88 ms ok
ds4: [t=+94128.5ms] req seq=3287 L3 k=1 ids=[198] w=[0.1302] compute=2.08 ms ok
ds4: [t=+94128.6ms] tok#328 done: 10 layer-reqs, 10 experts, compute 18.23 ms (1.82 ms/layer), wall 124.16 ms, errors=0, evict-hints=10 | cache: resident=3337/3337 slabs=3 wired=22.00 GiB mlock-fail=0 B hits=3287 misses=0 swaps=3286
ds4: [t=+94128.6ms] tok#328 experts: L10=[124] L11=[126] L12=[120] L13=[172] L14=[63] L15=[228] L17=[227] L22=[144] L30=[243] L33=[69]
ds4: [t=+94138.1ms] req seq=3288 L6 k=1 ids=[94] w=[0.1099] compute=1.87 ms ok
ds4: [t=+94163.8ms] req seq=3289 L13 k=2 ids=[89,152] w=[0.1385,0.1319] compute=1.91 ms ok
ds4: [t=+94174.2ms] req seq=3290 L16 k=1 ids=[211] w=[0.2334] compute=1.88 ms ok
ds4: [t=+94183.7ms] req seq=3291 L19 k=1 ids=[93] w=[0.1226] compute=1.84 ms ok
ds4: [t=+94209.8ms] req seq=3292 L29 k=1 ids=[149] w=[0.0849] compute=1.89 ms ok
ds4: [t=+94216.2ms] req seq=3293 L30 k=2 ids=[162,18] w=[0.3177,0.1850] compute=1.89 ms ok
ds4: [t=+94249.9ms] req seq=3294 L39 k=1 ids=[144] w=[0.1724] compute=1.93 ms ok
ds4: [t=+94256.2ms] req seq=3295 L40 k=1 ids=[76] w=[0.1684] compute=1.83 ms ok
ds4: [t=+94290.5ms] req seq=3296 L7 k=2 ids=[148,27] w=[0.1703,0.1524] compute=1.91 ms ok
ds4: [t=+94290.6ms] tok#329 done: 9 layer-reqs, 11 experts, compute 17.11 ms (1.90 ms/layer), wall 164.16 ms, errors=0, evict-hints=9 | cache: resident=3337/3337 slabs=3 wired=22.00 GiB mlock-fail=0 B hits=3296 misses=0 swaps=3295
ds4: [t=+94290.6ms] tok#329 experts: L3=[198] L6=[94] L13=[89,152] L16=[211] L19=[93] L29=[149] L30=[162,18] L39=[144] L40=[76]
ds4: [t=+94297.1ms] req seq=3297 L8 k=1 ids=[38] w=[0.1071] compute=1.82 ms ok
ds4: [t=+94310.7ms] req seq=3298 L12 k=1 ids=[125] w=[0.2151] compute=1.86 ms ok
ds4: [t=+94321.3ms] req seq=3299 L16 k=1 ids=[70] w=[0.1784] compute=1.88 ms ok
ds4: [t=+94327.6ms] req seq=3300 L18 k=1 ids=[225] w=[0.1713] compute=1.80 ms ok
ds4: [t=+94334.0ms] req seq=3301 L19 k=2 ids=[113,40] w=[0.1140,0.1070] compute=1.86 ms ok
ds4: [t=+94340.5ms] req seq=3302 L20 k=1 ids=[52] w=[0.1774] compute=1.81 ms ok
ds4: [t=+94348.2ms] req seq=3303 L22 k=1 ids=[85] w=[0.1619] compute=1.79 ms ok
ds4: [t=+94355.3ms] req seq=3304 L24 k=1 ids=[101] w=[0.1293] compute=1.79 ms ok
ds4: [t=+94379.6ms] req seq=3305 L30 k=1 ids=[34] w=[0.1814] compute=1.86 ms ok
ds4: [t=+94421.1ms] req seq=3306 L42 k=1 ids=[124] w=[0.1931] compute=1.89 ms ok
ds4: [t=+94432.6ms] req seq=3307 L1 k=1 ids=[7] w=[0.1747] compute=1.87 ms ok
ds4: [t=+94432.7ms] tok#330 done: 11 layer-reqs, 13 experts, compute 20.28 ms (1.84 ms/layer), wall 144.13 ms, errors=0, evict-hints=11 | cache: resident=3337/3337 slabs=3 wired=22.00 GiB mlock-fail=0 B hits=3307 misses=0 swaps=3306
ds4: [t=+94432.8ms] tok#330 experts: L7=[148,27] L8=[38] L12=[125] L16=[70] L18=[225] L19=[113,40] L20=[52] L22=[85] L24=[101] L30=[34] L42=[124]
ds4: [t=+94454.1ms] req seq=3308 L11 k=2 ids=[74,194] w=[0.1852,0.1645] compute=1.89 ms ok
ds4: [t=+94465.7ms] req seq=3309 L16 k=1 ids=[187] w=[0.2131] compute=1.85 ms ok
ds4: [t=+94476.7ms] req seq=3310 L21 k=1 ids=[222] w=[0.2486] compute=1.83 ms ok
ds4: [t=+94486.9ms] req seq=3311 L25 k=1 ids=[222] w=[0.2118] compute=1.87 ms ok
ds4: [t=+94531.0ms] req seq=3312 L40 k=1 ids=[145] w=[0.2085] compute=1.94 ms ok
ds4: [t=+94538.5ms] req seq=3313 L42 k=1 ids=[123] w=[0.1121] compute=1.55 ms ok
ds4: [t=+94556.2ms] req seq=3314 L5 k=1 ids=[10] w=[0.1712] compute=1.54 ms ok
ds4: [t=+94556.3ms] tok#331 done: 7 layer-reqs, 8 experts, compute 12.79 ms (1.83 ms/layer), wall 125.47 ms, errors=0, evict-hints=7 | cache: resident=3337/3337 slabs=3 wired=22.00 GiB mlock-fail=0 B hits=3314 misses=0 swaps=3313
ds4: [t=+94556.3ms] tok#331 experts: L1=[7] L11=[74,194] L16=[187] L21=[222] L25=[222] L40=[145] L42=[123]
ds4: [t=+94568.7ms] req seq=3315 L11 k=1 ids=[194] w=[0.1809] compute=1.60 ms ok
ds4: [t=+94619.4ms] req seq=3316 L38 k=1 ids=[38] w=[0.1625] compute=1.78 ms ok
ds4: [t=+94646.3ms] req seq=3317 L5 k=1 ids=[191] w=[0.1323] compute=1.54 ms ok
ds4: [t=+94646.4ms] tok#332 done: 3 layer-reqs, 3 experts, compute 4.91 ms (1.64 ms/layer), wall 91.75 ms, errors=0, evict-hints=3 | cache: resident=3337/3337 slabs=3 wired=22.00 GiB mlock-fail=0 B hits=3317 misses=0 swaps=3316
ds4: [t=+94646.4ms] tok#332 experts: L5=[10] L11=[194] L38=[38]
ds4: [t=+94652.4ms] req seq=3318 L6 k=1 ids=[221] w=[0.4351] compute=1.59 ms ok
ds4: [t=+94657.7ms] req seq=3319 L7 k=1 ids=[181] w=[0.3728] compute=1.55 ms ok
ds4: [t=+94664.3ms] req seq=3320 L9 k=2 ids=[148,174] w=[0.4445,0.2320] compute=1.59 ms ok
ds4: [t=+94673.2ms] req seq=3321 L11 k=1 ids=[243] w=[0.4708] compute=1.60 ms ok
ds4: [t=+94678.9ms] req seq=3322 L13 k=1 ids=[152] w=[0.1405] compute=1.52 ms ok
ds4: [t=+94685.7ms] req seq=3323 L15 k=1 ids=[245] w=[0.1794] compute=1.70 ms ok
ds4: [t=+94691.2ms] req seq=3324 L16 k=1 ids=[135] w=[0.2862] compute=1.68 ms ok
ds4: [t=+94701.8ms] req seq=3325 L20 k=1 ids=[199] w=[0.1155] compute=1.79 ms ok
ds4: [t=+94712.3ms] req seq=3326 L23 k=1 ids=[124] w=[0.2475] compute=1.71 ms ok
ds4: [t=+94758.1ms] req seq=3327 L4 k=1 ids=[120] w=[0.2534] compute=1.95 ms ok
ds4: [t=+94758.2ms] tok#333 done: 10 layer-reqs, 11 experts, compute 16.25 ms (1.63 ms/layer), wall 113.44 ms, errors=0, evict-hints=10 | cache: resident=3337/3337 slabs=3 wired=22.00 GiB mlock-fail=0 B hits=3327 misses=0 swaps=3326
ds4: [t=+94758.3ms] tok#333 experts: L5=[191] L6=[221] L7=[181] L9=[148,174] L11=[243] L13=[152] L15=[245] L16=[135] L20=[199] L23=[124]
ds4: [t=+94766.1ms] req seq=3328 L7 k=2 ids=[127,64] w=[0.2467,0.1153] compute=1.91 ms ok
ds4: [t=+94772.4ms] req seq=3329 L8 k=1 ids=[255] w=[0.1086] compute=1.83 ms ok
ds4: [t=+94778.4ms] req seq=3330 L9 k=1 ids=[223] w=[0.1014] compute=1.76 ms ok
ds4: [t=+94784.1ms] req seq=3331 L10 k=1 ids=[175] w=[0.1213] compute=1.84 ms ok
ds4: [t=+94791.1ms] req seq=3332 L12 k=1 ids=[5] w=[0.1564] compute=1.77 ms ok
ds4: [t=+94806.3ms] req seq=3333 L19 k=2 ids=[111,141] w=[0.1645,0.1479] compute=1.91 ms ok
ds4: [t=+94812.6ms] req seq=3334 L20 k=1 ids=[110] w=[0.1785] compute=1.80 ms ok
ds4: [t=+94819.0ms] req seq=3335 L21 k=1 ids=[251] w=[0.3332] compute=1.82 ms ok
ds4: [t=+94827.7ms] req seq=3336 L24 k=1 ids=[212] w=[0.1439] compute=1.78 ms ok
ds4: [t=+94860.8ms] req seq=3337 L37 k=1 ids=[82] w=[0.1461] compute=1.90 ms ok
ds4: [t=+94869.0ms] req seq=3338 L39 k=1 ids=[139] w=[0.1240] compute=1.84 ms ok
ds4: [t=+94889.1ms] req seq=3339 L0 k=1 ids=[173] w=[0.0750] compute=1.90 ms ok
ds4: [t=+94889.2ms] tok#334 done: 12 layer-reqs, 14 experts, compute 22.10 ms (1.84 ms/layer), wall 132.96 ms, errors=0, evict-hints=12 | cache: resident=3337/3337 slabs=3 wired=22.00 GiB mlock-fail=0 B hits=3339 misses=0 swaps=3338
ds4: [t=+94889.2ms] tok#334 experts: L4=[120] L7=[127,64] L8=[255] L9=[223] L10=[175] L12=[5] L19=[111,141] L20=[110] L21=[251] L24=[212] L37=[82] L39=[139]
ds4: [t=+94908.8ms] req seq=3340 L7 k=1 ids=[13] w=[0.1778] compute=1.88 ms ok
ds4: [t=+94932.3ms] req seq=3341 L18 k=1 ids=[244] w=[0.1705] compute=1.95 ms ok
ds4: [t=+94961.5ms] req seq=3342 L33 k=1 ids=[91] w=[0.1527] compute=1.87 ms ok
ds4: [t=+94980.4ms] req seq=3343 L41 k=1 ids=[56] w=[0.2490] compute=1.87 ms ok
ds4: [t=+94993.9ms] req seq=3344 L2 k=1 ids=[68] w=[0.1007] compute=1.90 ms ok
ds4: [t=+94994.0ms] tok#335 done: 5 layer-reqs, 5 experts, compute 9.48 ms (1.90 ms/layer), wall 106.77 ms, errors=0, evict-hints=5 | cache: resident=3337/3337 slabs=3 wired=22.00 GiB mlock-fail=0 B hits=3344 misses=0 swaps=3343
ds4: [t=+94994.0ms] tok#335 experts: L0=[173] L7=[13] L18=[244] L33=[91] L41=[56]
ds4: [t=+95002.7ms] req seq=3345 L4 k=2 ids=[163,112] w=[0.3947,0.3325] compute=1.86 ms ok
ds4: [t=+95011.5ms] req seq=3346 L6 k=2 ids=[132,162] w=[0.5753,0.1143] compute=1.74 ms ok
ds4: [t=+95020.0ms] req seq=3347 L7 k=3 ids=[230,84,188] w=[0.3081,0.2075,0.2024] compute=1.92 ms ok
ds4: [t=+95026.8ms] req seq=3348 L8 k=2 ids=[180,152] w=[0.4053,0.1304] compute=1.80 ms ok
ds4: [t=+95033.2ms] req seq=3349 L9 k=1 ids=[60] w=[0.1424] compute=1.83 ms ok
ds4: [t=+95045.9ms] req seq=3350 L13 k=1 ids=[51] w=[0.1668] compute=1.85 ms ok
ds4: [t=+95052.1ms] req seq=3351 L14 k=1 ids=[47] w=[0.3111] compute=1.87 ms ok
ds4: [t=+95058.2ms] req seq=3352 L15 k=2 ids=[151,155] w=[0.5608,0.1696] compute=1.82 ms ok
ds4: [t=+95064.7ms] req seq=3353 L16 k=1 ids=[191] w=[0.3797] compute=1.77 ms ok
ds4: [t=+95073.8ms] req seq=3354 L19 k=2 ids=[8,108] w=[0.4569,0.3569] compute=1.77 ms ok
ds4: [t=+95079.5ms] req seq=3355 L20 k=1 ids=[94] w=[0.3726] compute=1.76 ms ok
ds4: [t=+95093.8ms] req seq=3356 L24 k=1 ids=[19] w=[0.1689] compute=1.90 ms ok
ds4: [t=+95128.0ms] req seq=3357 L31 k=1 ids=[62] w=[0.0977] compute=1.88 ms ok
ds4: [t=+95175.9ms] req seq=3358 L5 k=1 ids=[230] w=[0.1861] compute=1.94 ms ok
ds4: [t=+95176.0ms] tok#336 done: 14 layer-reqs, 21 experts, compute 25.66 ms (1.83 ms/layer), wall 183.97 ms, errors=0, evict-hints=14 | cache: resident=3337/3337 slabs=3 wired=22.00 GiB mlock-fail=0 B hits=3358 misses=0 swaps=3357
ds4: [t=+95176.0ms] tok#336 experts: L2=[68] L4=[163,112] L6=[132,162] L7=[230,84,188] L8=[180,152] L9=[60] L13=[51] L14=[47] L15=[151,155] L16=[191] L19=[8,108] L20=[94] L24=[19] L31=[62]
ds4: [t=+95197.5ms] req seq=3359 L13 k=1 ids=[18] w=[0.1375] compute=1.85 ms ok
ds4: [t=+95203.8ms] req seq=3360 L14 k=1 ids=[214] w=[0.1785] compute=1.86 ms ok
ds4: [t=+95213.8ms] req seq=3361 L18 k=1 ids=[171] w=[0.1546] compute=1.80 ms ok
ds4: [t=+95220.0ms] req seq=3362 L19 k=1 ids=[221] w=[0.5110] compute=1.87 ms ok
ds4: [t=+95226.5ms] req seq=3363 L20 k=2 ids=[82,193] w=[0.2910,0.1111] compute=1.80 ms ok
ds4: [t=+95233.2ms] req seq=3364 L21 k=3 ids=[67,16,5] w=[0.2241,0.1426,0.1302] compute=1.88 ms ok
ds4: [t=+95263.6ms] req seq=3365 L34 k=1 ids=[95] w=[0.1376] compute=1.90 ms ok
ds4: [t=+95273.6ms] req seq=3366 L37 k=1 ids=[115] w=[0.2166] compute=1.83 ms ok
ds4: [t=+95285.5ms] req seq=3367 L39 k=1 ids=[146] w=[0.1900] compute=1.91 ms ok
ds4: [t=+95292.4ms] req seq=3368 L40 k=1 ids=[169] w=[0.5337] compute=1.80 ms ok
ds4: [t=+95299.0ms] req seq=3369 L41 k=1 ids=[213] w=[0.1716] compute=1.89 ms ok
ds4: [t=+95306.0ms] req seq=3370 L42 k=2 ids=[104,36] w=[0.6327,0.2427] compute=1.78 ms ok
ds4: [t=+95318.4ms] req seq=3371 L1 k=1 ids=[230] w=[0.2406] compute=1.89 ms ok
ds4: [t=+95318.5ms] tok#337 done: 13 layer-reqs, 17 experts, compute 24.11 ms (1.85 ms/layer), wall 144.58 ms, errors=0, evict-hints=13 | cache: resident=3337/3337 slabs=3 wired=22.00 GiB mlock-fail=0 B hits=3371 misses=0 swaps=3370
ds4: [t=+95318.6ms] tok#337 experts: L5=[230] L13=[18] L14=[214] L18=[171] L19=[221] L20=[82,193] L21=[67,16,5] L34=[95] L37=[115] L39=[146] L40=[169] L41=[213] L42=[104,36]
ds4: [t=+95338.4ms] req seq=3372 L9 k=1 ids=[46] w=[0.1241] compute=1.88 ms ok
ds4: [t=+95344.4ms] req seq=3373 L10 k=1 ids=[83] w=[0.1545] compute=1.85 ms ok
ds4: [t=+95354.0ms] req seq=3374 L13 k=1 ids=[71] w=[0.1626] compute=1.87 ms ok
ds4: [t=+95368.3ms] req seq=3375 L18 k=2 ids=[15,240] w=[0.1412,0.1335] compute=1.89 ms ok
ds4: [t=+95374.3ms] req seq=3376 L19 k=1 ids=[219] w=[0.4263] compute=1.82 ms ok
ds4: [t=+95380.5ms] req seq=3377 L21 k=1 ids=[16] w=[0.2689] compute=1.77 ms ok
ds4: [t=+95388.6ms] req seq=3378 L23 k=1 ids=[7] w=[0.1458] compute=1.84 ms ok
ds4: [t=+95395.6ms] req seq=3379 L25 k=1 ids=[32] w=[0.1935] compute=1.75 ms ok
ds4: [t=+95424.4ms] req seq=3380 L35 k=2 ids=[144,49] w=[0.4720,0.1273] compute=1.90 ms ok
ds4: [t=+95430.8ms] req seq=3381 L36 k=1 ids=[67] w=[0.2100] compute=1.78 ms ok
ds4: [t=+95444.5ms] req seq=3382 L42 k=2 ids=[36,30] w=[0.5362,0.2609] compute=1.86 ms ok
ds4: [t=+95469.8ms] req seq=3383 L7 k=2 ids=[216,27] w=[0.1564,0.1343] compute=1.91 ms ok
ds4: [t=+95469.9ms] tok#338 done: 12 layer-reqs, 15 experts, compute 22.12 ms (1.84 ms/layer), wall 153.31 ms, errors=0, evict-hints=12 | cache: resident=3337/3337 slabs=3 wired=22.00 GiB mlock-fail=0 B hits=3383 misses=0 swaps=3382
ds4: [t=+95469.9ms] tok#338 experts: L1=[230] L9=[46] L10=[83] L13=[71] L18=[15,240] L19=[219] L21=[16] L23=[7] L25=[32] L35=[144,49] L36=[67] L42=[36,30]
ds4: [t=+95476.8ms] req seq=3384 L9 k=1 ids=[29] w=[0.2030] compute=1.84 ms ok
ds4: [t=+95496.8ms] req seq=3385 L18 k=1 ids=[67] w=[0.2264] compute=1.86 ms ok
ds4: [t=+95503.0ms] req seq=3386 L19 k=1 ids=[7] w=[0.2314] compute=1.86 ms ok
ds4: [t=+95538.5ms] req seq=3387 L37 k=1 ids=[38] w=[0.1665] compute=1.86 ms ok
ds4: [t=+95641.5ms] req seq=3388 L8 k=1 ids=[228] w=[0.1176] compute=2.09 ms ok
ds4: [t=+95641.7ms] tok#339 done: 5 layer-reqs, 6 experts, compute 9.34 ms (1.87 ms/layer), wall 173.81 ms, errors=0, evict-hints=5 | cache: resident=3337/3337 slabs=3 wired=22.00 GiB mlock-fail=0 B hits=3388 misses=0 swaps=3387
ds4: [t=+95641.7ms] tok#339 experts: L7=[216,27] L9=[29] L18=[67] L19=[7] L37=[38]
ds4: [t=+95651.2ms] req seq=3389 L11 k=1 ids=[8] w=[0.1300] compute=1.87 ms ok
ds4: [t=+95657.6ms] req seq=3390 L13 k=1 ids=[124] w=[0.1565] compute=1.78 ms ok
ds4: [t=+95664.7ms] req seq=3391 L15 k=2 ids=[20,154] w=[0.2304,0.1394] compute=1.80 ms ok
ds4: [t=+95670.9ms] req seq=3392 L16 k=1 ids=[224] w=[0.2201] compute=1.84 ms ok
ds4: [t=+95683.1ms] req seq=3393 L22 k=1 ids=[255] w=[0.1086] compute=1.90 ms ok
ds4: [t=+95689.3ms] req seq=3394 L23 k=1 ids=[188] w=[0.1501] compute=1.83 ms ok
ds4: [t=+95695.3ms] req seq=3395 L24 k=1 ids=[230] w=[0.1221] compute=1.83 ms ok
ds4: [t=+95701.4ms] req seq=3396 L25 k=1 ids=[232] w=[0.1408] compute=1.88 ms ok
ds4: [t=+95736.5ms] req seq=3397 L42 k=1 ids=[30] w=[0.2448] compute=1.92 ms ok
ds4: [t=+95754.0ms] req seq=3398 L3 k=2 ids=[159,63] w=[0.1180,0.1167] compute=1.90 ms ok
ds4: [t=+95754.1ms] tok#340 done: 10 layer-reqs, 11 experts, compute 18.73 ms (1.87 ms/layer), wall 114.65 ms, errors=0, evict-hints=10 | cache: resident=3337/3337 slabs=3 wired=22.00 GiB mlock-fail=0 B hits=3398 misses=0 swaps=3397
ds4: [t=+95754.2ms] tok#340 experts: L8=[228] L11=[8] L13=[124] L15=[20,154] L16=[224] L22=[255] L23=[188] L24=[230] L25=[232] L42=[30]
ds4: [t=+95761.4ms] req seq=3399 L5 k=1 ids=[226] w=[0.1370] compute=1.86 ms ok
ds4: [t=+95767.5ms] req seq=3400 L6 k=1 ids=[140] w=[0.1280] compute=1.80 ms ok
ds4: [t=+95778.2ms] req seq=3401 L10 k=1 ids=[71] w=[0.1633] compute=1.78 ms ok
ds4: [t=+95788.7ms] req seq=3402 L15 k=1 ids=[154] w=[0.1427] compute=1.82 ms ok
ds4: [t=+95852.5ms] req seq=3403 L3 k=1 ids=[241] w=[0.1552] compute=2.12 ms ok
ds4: [t=+95852.6ms] tok#341 done: 5 layer-reqs, 6 experts, compute 9.16 ms (1.83 ms/layer), wall 100.47 ms, errors=0, evict-hints=5 | cache: resident=3337/3337 slabs=3 wired=22.00 GiB mlock-fail=0 B hits=3403 misses=0 swaps=3402
ds4: [t=+95852.7ms] tok#341 experts: L3=[159,63] L5=[226] L6=[140] L10=[71] L15=[154]
ds4: [t=+95871.7ms] req seq=3404 L13 k=1 ids=[109] w=[0.1593] compute=1.92 ms ok
ds4: [t=+95880.0ms] req seq=3405 L16 k=1 ids=[81] w=[0.1941] compute=1.82 ms ok
ds4: [t=+95886.3ms] req seq=3406 L17 k=1 ids=[121] w=[0.1753] compute=1.91 ms ok
ds4: [t=+95910.7ms] req seq=3407 L30 k=1 ids=[238] w=[0.1848] compute=1.93 ms ok
ds4: [t=+95928.9ms] req seq=3408 L38 k=1 ids=[63] w=[0.1347] compute=1.87 ms ok
ds4: [t=+95944.4ms] req seq=3409 L0 k=1 ids=[43] w=[0.1695] compute=1.93 ms ok
ds4: [t=+95944.5ms] tok#342 done: 6 layer-reqs, 6 experts, compute 11.57 ms (1.93 ms/layer), wall 94.14 ms, errors=0, evict-hints=6 | cache: resident=3337/3337 slabs=3 wired=22.00 GiB mlock-fail=0 B hits=3409 misses=0 swaps=3408
ds4: [t=+95944.6ms] tok#342 experts: L3=[241] L13=[109] L16=[81] L17=[121] L30=[238] L38=[63]
ds4: [t=+95959.4ms] req seq=3410 L6 k=1 ids=[139] w=[0.1891] compute=1.91 ms ok
ds4: [t=+95974.1ms] req seq=3411 L13 k=1 ids=[96] w=[0.1858] compute=1.90 ms ok
ds4: [t=+95980.3ms] req seq=3412 L15 k=1 ids=[189] w=[0.1746] compute=1.86 ms ok
ds4: [t=+95986.7ms] req seq=3413 L16 k=1 ids=[59] w=[0.2313] compute=1.87 ms ok
ds4: [t=+95993.1ms] req seq=3414 L18 k=1 ids=[151] w=[0.2408] compute=1.78 ms ok
ds4: [t=+96002.0ms] req seq=3415 L21 k=1 ids=[1] w=[0.4378] compute=1.85 ms ok
ds4: [t=+96008.0ms] req seq=3416 L22 k=1 ids=[14] w=[0.2056] compute=1.76 ms ok
ds4: [t=+96029.9ms] req seq=3417 L29 k=1 ids=[44] w=[0.1221] compute=1.90 ms ok
ds4: [t=+96081.0ms] req seq=3418 L3 k=1 ids=[98] w=[0.1349] compute=2.04 ms ok
ds4: [t=+96081.1ms] tok#343 done: 9 layer-reqs, 9 experts, compute 16.76 ms (1.86 ms/layer), wall 138.62 ms, errors=0, evict-hints=9 | cache: resident=3337/3337 slabs=3 wired=22.00 GiB mlock-fail=0 B hits=3418 misses=0 swaps=3417
ds4: [t=+96081.1ms] tok#343 experts: L0=[43] L6=[139] L13=[96] L15=[189] L16=[59] L18=[151] L21=[1] L22=[14] L29=[44]
ds4: [t=+96087.2ms] req seq=3419 L5 k=1 ids=[29] w=[0.2351] compute=1.54 ms ok
ds4: [t=+96092.9ms] req seq=3420 L7 k=1 ids=[54] w=[0.2479] compute=1.36 ms ok
ds4: [t=+96101.6ms] req seq=3421 L11 k=1 ids=[66] w=[0.2420] compute=1.45 ms ok
ds4: [t=+96122.1ms] req seq=3422 L22 k=1 ids=[220] w=[0.1614] compute=1.52 ms ok
ds4: [t=+96128.0ms] req seq=3423 L24 k=1 ids=[14] w=[0.1060] compute=1.45 ms ok
ds4: [t=+96176.2ms] req seq=3424 L5 k=1 ids=[199] w=[0.1547] compute=1.76 ms ok
ds4: [t=+96176.3ms] tok#344 done: 6 layer-reqs, 6 experts, compute 9.37 ms (1.56 ms/layer), wall 97.37 ms, errors=0, evict-hints=6 | cache: resident=3337/3337 slabs=3 wired=22.00 GiB mlock-fail=0 B hits=3424 misses=0 swaps=3423
ds4: [t=+96176.4ms] tok#344 experts: L3=[98] L5=[29] L7=[54] L11=[66] L22=[220] L24=[14]
ds4: [t=+96188.6ms] req seq=3425 L10 k=1 ids=[185] w=[0.1793] compute=1.55 ms ok
ds4: [t=+96194.7ms] req seq=3426 L11 k=1 ids=[94] w=[0.1594] compute=1.49 ms ok
ds4: [t=+96200.6ms] req seq=3427 L12 k=1 ids=[37] w=[0.1750] compute=1.65 ms ok
ds4: [t=+96219.1ms] req seq=3428 L21 k=1 ids=[59] w=[0.1740] compute=1.77 ms ok
ds4: [t=+96265.3ms] req seq=3429 L0 k=1 ids=[203] w=[0.0792] compute=2.13 ms ok
ds4: [t=+96265.4ms] tok#345 done: 5 layer-reqs, 5 experts, compute 8.21 ms (1.64 ms/layer), wall 90.86 ms, errors=0, evict-hints=5 | cache: resident=3337/3337 slabs=3 wired=22.00 GiB mlock-fail=0 B hits=3429 misses=0 swaps=3428
ds4: [t=+96265.4ms] tok#345 experts: L5=[199] L10=[185] L11=[94] L12=[37] L21=[59]
ds4: [t=+96286.0ms] req seq=3430 L8 k=1 ids=[124] w=[0.3392] compute=1.91 ms ok
ds4: [t=+96292.5ms] req seq=3431 L10 k=1 ids=[37] w=[0.1435] compute=1.65 ms ok
ds4: [t=+96299.2ms] req seq=3432 L12 k=2 ids=[252,170] w=[0.3119,0.1540] compute=1.90 ms ok
ds4: [t=+96307.8ms] req seq=3433 L15 k=1 ids=[252] w=[0.1552] compute=1.85 ms ok
ds4: [t=+96314.2ms] req seq=3434 L16 k=1 ids=[177] w=[0.2556] compute=1.82 ms ok
ds4: [t=+96321.1ms] req seq=3435 L18 k=1 ids=[238] w=[0.3185] compute=1.84 ms ok
ds4: [t=+96327.6ms] req seq=3436 L20 k=2 ids=[74,195] w=[0.5003,0.1674] compute=1.85 ms ok
ds4: [t=+96335.1ms] req seq=3437 L22 k=3 ids=[214,21,63] w=[0.4355,0.2003,0.2188] compute=1.90 ms ok
ds4: [t=+96343.0ms] req seq=3438 L25 k=1 ids=[124] w=[0.2614] compute=1.81 ms ok
ds4: [t=+96349.6ms] req seq=3439 L26 k=1 ids=[157] w=[0.3640] compute=1.86 ms ok
ds4: [t=+96366.2ms] req seq=3440 L32 k=1 ids=[173] w=[0.2298] compute=1.87 ms ok
ds4: [t=+96376.5ms] req seq=3441 L34 k=1 ids=[225] w=[0.2700] compute=1.86 ms ok
ds4: [t=+96384.7ms] req seq=3442 L37 k=1 ids=[120] w=[0.1302] compute=1.83 ms ok
ds4: [t=+96406.7ms] req seq=3443 L1 k=1 ids=[23] w=[0.2646] compute=1.87 ms ok
ds4: [t=+96406.8ms] tok#346 done: 14 layer-reqs, 18 experts, compute 26.08 ms (1.86 ms/layer), wall 143.61 ms, errors=0, evict-hints=14 | cache: resident=3337/3337 slabs=3 wired=22.00 GiB mlock-fail=0 B hits=3443 misses=0 swaps=3442
ds4: [t=+96406.8ms] tok#346 experts: L0=[203] L8=[124] L10=[37] L12=[252,170] L15=[252] L16=[177] L18=[238] L20=[74,195] L22=[214,21,63] L25=[124] L26=[157] L32=[173] L34=[225] L37=[120]
ds4: [t=+96416.8ms] req seq=3444 L4 k=1 ids=[43] w=[0.1801] compute=1.93 ms ok
ds4: [t=+96425.6ms] req seq=3445 L7 k=1 ids=[254] w=[0.1219] compute=1.80 ms ok
ds4: [t=+96434.5ms] req seq=3446 L10 k=1 ids=[13] w=[0.1667] compute=1.89 ms ok
ds4: [t=+96447.9ms] req seq=3447 L14 k=1 ids=[10] w=[0.1395] compute=1.90 ms ok
ds4: [t=+96456.1ms] req seq=3448 L16 k=1 ids=[171] w=[0.2110] compute=1.81 ms ok
ds4: [t=+96463.9ms] req seq=3449 L18 k=1 ids=[137] w=[0.1746] compute=1.78 ms ok
ds4: [t=+96475.6ms] req seq=3450 L21 k=1 ids=[89] w=[0.2025] compute=1.88 ms ok
ds4: [t=+96526.1ms] req seq=3451 L33 k=1 ids=[56] w=[0.2008] compute=2.08 ms ok
ds4: [t=+96542.1ms] req seq=3452 L36 k=1 ids=[76] w=[0.1412] compute=1.88 ms ok
ds4: [t=+96559.1ms] req seq=3453 L41 k=1 ids=[128] w=[0.1361] compute=1.90 ms ok
ds4: [t=+96588.1ms] req seq=3454 L3 k=2 ids=[237,148] w=[0.2540,0.1691] compute=1.92 ms ok
ds4: [t=+96588.2ms] tok#347 done: 11 layer-reqs, 11 experts, compute 20.71 ms (1.88 ms/layer), wall 183.33 ms, errors=0, evict-hints=11 | cache: resident=3337/3337 slabs=3 wired=22.00 GiB mlock-fail=0 B hits=3454 misses=0 swaps=3453
ds4: [t=+96588.2ms] tok#347 experts: L1=[23] L4=[43] L7=[254] L10=[13] L14=[10] L16=[171] L18=[137] L21=[89] L33=[56] L36=[76] L41=[128]
ds4: [t=+96609.4ms] req seq=3455 L9 k=2 ids=[78,36] w=[0.2659,0.1522] compute=1.91 ms ok
ds4: [t=+96619.6ms] req seq=3456 L12 k=1 ids=[156] w=[0.1777] compute=1.87 ms ok
ds4: [t=+96627.3ms] req seq=3457 L14 k=2 ids=[184,99] w=[0.1844,0.1734] compute=1.79 ms ok
ds4: [t=+96643.8ms] req seq=3458 L19 k=1 ids=[140] w=[0.1582] compute=1.80 ms ok
ds4: [t=+96699.4ms] req seq=3459 L42 k=1 ids=[15] w=[0.2049] compute=1.93 ms ok
ds4: [t=+96717.7ms] req seq=3460 L4 k=1 ids=[172] w=[0.1672] compute=1.87 ms ok
ds4: [t=+96717.7ms] tok#348 done: 6 layer-reqs, 9 experts, compute 11.22 ms (1.87 ms/layer), wall 131.57 ms, errors=0, evict-hints=6 | cache: resident=3337/3337 slabs=3 wired=22.00 GiB mlock-fail=0 B hits=3460 misses=0 swaps=3459
ds4: [t=+96717.8ms] tok#348 experts: L3=[237,148] L9=[78,36] L12=[156] L14=[184,99] L19=[140] L42=[15]
ds4: [t=+96724.3ms] req seq=3461 L6 k=1 ids=[64] w=[0.1706] compute=1.81 ms ok
ds4: [t=+96730.9ms] req seq=3462 L7 k=2 ids=[28,102] w=[0.2332,0.1748] compute=1.83 ms ok
ds4: [t=+96738.0ms] req seq=3463 L9 k=1 ids=[2] w=[0.1397] compute=1.88 ms ok
ds4: [t=+96745.1ms] req seq=3464 L11 k=2 ids=[129,32] w=[0.3062,0.1980] compute=1.83 ms ok
ds4: [t=+96756.5ms] req seq=3465 L15 k=1 ids=[45] w=[0.2157] compute=1.90 ms ok
ds4: [t=+96763.0ms] req seq=3466 L16 k=1 ids=[29] w=[0.2298] compute=1.90 ms ok
ds4: [t=+96780.2ms] req seq=3467 L23 k=1 ids=[93] w=[0.1402] compute=1.88 ms ok
ds4: [t=+96786.2ms] req seq=3468 L24 k=1 ids=[240] w=[0.1189] compute=1.90 ms ok
ds4: [t=+96814.7ms] req seq=3469 L33 k=1 ids=[50] w=[0.1392] compute=1.81 ms ok
ds4: [t=+96824.8ms] req seq=3470 L36 k=1 ids=[45] w=[0.1710] compute=1.44 ms ok
ds4: [t=+96840.1ms] req seq=3471 L40 k=1 ids=[94] w=[0.1598] compute=1.52 ms ok
ds4: [t=+96859.1ms] req seq=3472 L1 k=2 ids=[184,71] w=[0.2449,0.2367] compute=1.55 ms ok
ds4: [t=+96859.2ms] tok#349 done: 12 layer-reqs, 14 experts, compute 21.56 ms (1.80 ms/layer), wall 143.36 ms, errors=0, evict-hints=12 | cache: resident=3337/3337 slabs=3 wired=22.00 GiB mlock-fail=0 B hits=3472 misses=0 swaps=3471
ds4: [t=+96859.2ms] tok#349 experts: L4=[172] L6=[64] L7=[28,102] L9=[2] L11=[129,32] L15=[45] L16=[29] L23=[93] L24=[240] L33=[50] L36=[45] L40=[94]
ds4: [t=+96870.4ms] req seq=3473 L4 k=1 ids=[70] w=[0.0787] compute=1.60 ms ok
ds4: [t=+96879.0ms] req seq=3474 L6 k=1 ids=[104] w=[0.1704] compute=1.46 ms ok
ds4: [t=+96884.7ms] req seq=3475 L7 k=1 ids=[32] w=[0.4390] compute=1.56 ms ok
ds4: [t=+96902.6ms] req seq=3476 L14 k=1 ids=[97] w=[0.2717] compute=1.61 ms ok
ds4: [t=+96908.4ms] req seq=3477 L15 k=1 ids=[223] w=[0.1560] compute=1.55 ms ok
ds4: [t=+96920.3ms] req seq=3478 L19 k=1 ids=[74] w=[0.3557] compute=1.74 ms ok
ds4: [t=+96926.4ms] req seq=3479 L20 k=1 ids=[206] w=[0.2129] compute=1.54 ms ok
ds4: [t=+96934.7ms] req seq=3480 L22 k=1 ids=[134] w=[0.3238] compute=1.75 ms ok
ds4: [t=+96941.6ms] req seq=3481 L23 k=1 ids=[32] w=[0.0742] compute=1.69 ms ok
ds4: [t=+96948.5ms] req seq=3482 L24 k=1 ids=[125] w=[0.2440] compute=1.79 ms ok
ds4: [t=+96981.2ms] req seq=3483 L33 k=1 ids=[49] w=[0.0807] compute=1.84 ms ok
ds4: [t=+96989.4ms] req seq=3484 L35 k=1 ids=[252] w=[0.1074] compute=1.81 ms ok
ds4: [t=+97025.8ms] req seq=3485 L4 k=1 ids=[40] w=[0.1461] compute=1.89 ms ok
ds4: [t=+97025.9ms] tok#350 done: 13 layer-reqs, 14 experts, compute 21.50 ms (1.65 ms/layer), wall 168.40 ms, errors=0, evict-hints=13 | cache: resident=3337/3337 slabs=3 wired=22.00 GiB mlock-fail=0 B hits=3485 misses=0 swaps=3484
ds4: [t=+97026.0ms] tok#350 experts: L1=[184,71] L4=[70] L6=[104] L7=[32] L14=[97] L15=[223] L19=[74] L20=[206] L22=[134] L23=[32] L24=[125] L33=[49] L35=[252]
ds4: [t=+97032.6ms] req seq=3486 L6 k=1 ids=[75] w=[0.1766] compute=1.91 ms ok
ds4: [t=+97044.7ms] req seq=3487 L9 k=1 ids=[173] w=[0.1225] compute=1.81 ms ok
ds4: [t=+97051.1ms] req seq=3488 L10 k=1 ids=[91] w=[0.1812] compute=1.85 ms ok
ds4: [t=+97066.0ms] req seq=3489 L14 k=1 ids=[222] w=[0.2321] compute=1.85 ms ok
ds4: [t=+97072.2ms] req seq=3490 L15 k=1 ids=[221] w=[0.1335] compute=1.86 ms ok
ds4: [t=+97078.7ms] req seq=3491 L16 k=2 ids=[230,193] w=[0.3286,0.2175] compute=1.77 ms ok
ds4: [t=+97093.4ms] req seq=3492 L19 k=1 ids=[124] w=[0.1610] compute=1.88 ms ok
ds4: [t=+97133.3ms] req seq=3493 L25 k=1 ids=[69] w=[0.3083] compute=1.87 ms ok
ds4: [t=+97155.3ms] req seq=3494 L31 k=1 ids=[124] w=[0.1930] compute=1.88 ms ok
ds4: [t=+97171.9ms] req seq=3495 L35 k=1 ids=[176] w=[0.1407] compute=1.89 ms ok
ds4: [t=+97188.3ms] req seq=3496 L39 k=1 ids=[59] w=[0.1528] compute=1.87 ms ok
ds4: [t=+97221.6ms] req seq=3497 L3 k=1 ids=[152] w=[0.1756] compute=1.87 ms ok
ds4: [t=+97221.7ms] tok#351 done: 12 layer-reqs, 13 experts, compute 22.33 ms (1.86 ms/layer), wall 197.71 ms, errors=0, evict-hints=12 | cache: resident=3337/3337 slabs=3 wired=22.00 GiB mlock-fail=0 B hits=3497 misses=0 swaps=3496
ds4: [t=+97221.7ms] tok#351 experts: L4=[40] L6=[75] L9=[173] L10=[91] L14=[222] L15=[221] L16=[230,193] L19=[124] L25=[69] L31=[124] L35=[176] L39=[59]
ds4: [t=+97233.6ms] req seq=3498 L5 k=1 ids=[240] w=[0.1749] compute=1.88 ms ok
ds4: [t=+97239.6ms] req seq=3499 L6 k=1 ids=[117] w=[0.1894] compute=1.79 ms ok
ds4: [t=+97259.9ms] req seq=3500 L10 k=1 ids=[229] w=[0.1568] compute=1.88 ms ok
ds4: [t=+97281.2ms] req seq=3501 L15 k=1 ids=[22] w=[0.1241] compute=1.98 ms ok
ds4: [t=+97288.0ms] req seq=3502 L16 k=1 ids=[193] w=[0.2123] compute=1.44 ms ok
ds4: [t=+97305.5ms] req seq=3503 L19 k=2 ids=[239,28] w=[0.1974,0.1748] compute=1.54 ms ok
ds4: [t=+97341.2ms] req seq=3504 L32 k=1 ids=[100] w=[0.1665] compute=1.51 ms ok
ds4: [t=+97350.9ms] req seq=3505 L35 k=1 ids=[137] w=[0.1757] compute=1.54 ms ok
ds4: [t=+97389.7ms] req seq=3506 L5 k=1 ids=[55] w=[0.1630] compute=1.58 ms ok
ds4: [t=+97389.8ms] tok#352 done: 9 layer-reqs, 10 experts, compute 15.44 ms (1.72 ms/layer), wall 170.06 ms, errors=0, evict-hints=9 | cache: resident=3337/3337 slabs=3 wired=22.00 GiB mlock-fail=0 B hits=3506 misses=0 swaps=3505
ds4: [t=+97389.8ms] tok#352 experts: L3=[152] L5=[240] L6=[117] L10=[229] L15=[22] L16=[193] L19=[239,28] L32=[100] L35=[137]
ds4: [t=+97413.1ms] req seq=3507 L15 k=1 ids=[218] w=[0.1883] compute=1.63 ms ok
ds4: [t=+97422.2ms] req seq=3508 L18 k=2 ids=[240,184] w=[0.1385,0.1287] compute=1.73 ms ok
ds4: [t=+97455.7ms] req seq=3509 L31 k=1 ids=[169] w=[0.2175] compute=1.76 ms ok
ds4: [t=+97462.4ms] req seq=3510 L32 k=1 ids=[2] w=[0.2599] compute=1.54 ms ok
ds4: [t=+97482.2ms] req seq=3511 L39 k=1 ids=[162] w=[0.1361] compute=2.13 ms ok
ds4: [t=+97498.5ms] req seq=3512 L0 k=1 ids=[41] w=[0.1774] compute=1.90 ms ok
ds4: [t=+97498.6ms] tok#353 done: 6 layer-reqs, 7 experts, compute 10.37 ms (1.73 ms/layer), wall 110.50 ms, errors=0, evict-hints=6 | cache: resident=3337/3337 slabs=3 wired=22.00 GiB mlock-fail=0 B hits=3512 misses=0 swaps=3511
ds4: [t=+97498.7ms] tok#353 experts: L5=[55] L15=[218] L18=[240,184] L31=[169] L32=[2] L39=[162]
ds4: [t=+97513.7ms] req seq=3513 L5 k=2 ids=[242,74] w=[0.4404,0.0913] compute=1.85 ms ok
ds4: [t=+97520.9ms] req seq=3514 L7 k=1 ids=[163] w=[0.3953] compute=1.86 ms ok
ds4: [t=+97527.0ms] req seq=3515 L8 k=1 ids=[152] w=[0.0931] compute=1.76 ms ok
ds4: [t=+97533.1ms] req seq=3516 L9 k=1 ids=[44] w=[0.6055] compute=1.80 ms ok
ds4: [t=+97539.3ms] req seq=3517 L10 k=2 ids=[133,93] w=[0.4021,0.1019] compute=1.83 ms ok
ds4: [t=+97545.0ms] req seq=3518 L11 k=1 ids=[185] w=[0.1351] compute=1.76 ms ok
ds4: [t=+97551.2ms] req seq=3519 L12 k=1 ids=[63] w=[0.4238] compute=1.80 ms ok
ds4: [t=+97556.9ms] req seq=3520 L13 k=1 ids=[45] w=[0.2708] compute=1.74 ms ok
ds4: [t=+97563.6ms] req seq=3521 L15 k=1 ids=[155] w=[0.2682] compute=1.79 ms ok
ds4: [t=+97569.7ms] req seq=3522 L16 k=1 ids=[173] w=[0.2372] compute=1.89 ms ok
ds4: [t=+97576.3ms] req seq=3523 L17 k=1 ids=[153] w=[0.4430] compute=1.74 ms ok
ds4: [t=+97583.8ms] req seq=3524 L18 k=3 ids=[110,135,223] w=[0.3367,0.2781,0.1444] compute=1.82 ms ok
ds4: [t=+97596.9ms] req seq=3525 L21 k=2 ids=[249,117] w=[0.3983,0.1881] compute=1.89 ms ok
ds4: [t=+97611.7ms] req seq=3526 L24 k=1 ids=[188] w=[0.0838] compute=1.90 ms ok
ds4: [t=+97662.0ms] req seq=3527 L34 k=2 ids=[5,52] w=[0.2033,0.1641] compute=2.08 ms ok
ds4: [t=+97688.2ms] req seq=3528 L42 k=1 ids=[133] w=[0.2067] compute=1.86 ms ok
ds4: [t=+97709.5ms] req seq=3529 L4 k=1 ids=[254] w=[0.1040] compute=1.87 ms ok
ds4: [t=+97709.6ms] tok#354 done: 17 layer-reqs, 23 experts, compute 31.28 ms (1.84 ms/layer), wall 212.96 ms, errors=0, evict-hints=17 | cache: resident=3337/3337 slabs=3 wired=22.00 GiB mlock-fail=0 B hits=3529 misses=0 swaps=3528
ds4: [t=+97709.7ms] tok#354 experts: L0=[41] L5=[242,74] L7=[163] L8=[152] L9=[44] L10=[133,93] L11=[185] L12=[63] L13=[45] L15=[155] L16=[173] L17=[153] L18=[110,135,223] L21=[249,117] L24=[188] L34=[5,52] L42=[133]
ds4: [t=+97716.8ms] req seq=3530 L6 k=1 ids=[147] w=[0.4872] compute=1.91 ms ok
ds4: [t=+97725.2ms] req seq=3531 L8 k=1 ids=[229] w=[0.4517] compute=1.81 ms ok
ds4: [t=+97734.1ms] req seq=3532 L10 k=2 ids=[142,28] w=[0.5175,0.1026] compute=1.89 ms ok
ds4: [t=+97740.9ms] req seq=3533 L11 k=2 ids=[165,59] w=[0.3306,0.1528] compute=1.86 ms ok
ds4: [t=+97752.4ms] req seq=3534 L14 k=2 ids=[6,230] w=[0.1708,0.1576] compute=1.87 ms ok
ds4: [t=+97759.3ms] req seq=3535 L15 k=2 ids=[220,142] w=[0.2613,0.2425] compute=1.85 ms ok
ds4: [t=+97765.6ms] req seq=3536 L16 k=1 ids=[80] w=[0.1946] compute=1.88 ms ok
ds4: [t=+97772.3ms] req seq=3537 L17 k=1 ids=[170] w=[0.2709] compute=1.83 ms ok
ds4: [t=+97782.0ms] req seq=3538 L19 k=2 ids=[220,56] w=[0.3243,0.1765] compute=1.85 ms ok
ds4: [t=+97790.3ms] req seq=3539 L20 k=2 ids=[8,62] w=[0.4020,0.1928] compute=1.83 ms ok
ds4: [t=+97797.5ms] req seq=3540 L21 k=1 ids=[248] w=[0.1878] compute=1.82 ms ok
ds4: [t=+97803.8ms] req seq=3541 L22 k=1 ids=[212] w=[0.4687] compute=1.85 ms ok
ds4: [t=+97815.6ms] req seq=3542 L25 k=1 ids=[2] w=[0.1746] compute=1.89 ms ok
ds4: [t=+97846.7ms] req seq=3543 L33 k=1 ids=[191] w=[0.4170] compute=1.86 ms ok
ds4: [t=+97852.5ms] req seq=3544 L34 k=1 ids=[52] w=[0.1856] compute=1.74 ms ok
ds4: [t=+97874.1ms] req seq=3545 L40 k=1 ids=[127] w=[0.2458] compute=1.87 ms ok
ds4: [t=+97892.5ms] req seq=3546 L3 k=1 ids=[248] w=[0.4321] compute=1.86 ms ok
ds4: [t=+97892.6ms] tok#355 done: 17 layer-reqs, 23 experts, compute 31.46 ms (1.85 ms/layer), wall 184.89 ms, errors=0, evict-hints=17 | cache: resident=3337/3337 slabs=3 wired=22.00 GiB mlock-fail=0 B hits=3546 misses=0 swaps=3545
ds4: [t=+97892.6ms] tok#355 experts: L4=[254] L6=[147] L8=[229] L10=[142,28] L11=[165,59] L14=[6,230] L15=[220,142] L16=[80] L17=[170] L19=[220,56] L20=[8,62] L21=[248] L22=[212] L25=[2] L33=[191] L34=[52] L40=[127]
ds4: [t=+97898.6ms] req seq=3547 L4 k=2 ids=[251,255] w=[0.3153,0.1542] compute=1.81 ms ok
ds4: [t=+97920.8ms] req seq=3548 L11 k=1 ids=[59] w=[0.3724] compute=1.89 ms ok
ds4: [t=+97927.1ms] req seq=3549 L12 k=2 ids=[170,201] w=[0.2122,0.1479] compute=1.86 ms ok
ds4: [t=+97934.0ms] req seq=3550 L14 k=2 ids=[230,250] w=[0.1882,0.1395] compute=1.90 ms ok
ds4: [t=+97944.4ms] req seq=3551 L17 k=1 ids=[87] w=[0.1734] compute=1.69 ms ok
ds4: [t=+97950.8ms] req seq=3552 L19 k=1 ids=[56] w=[0.2260] compute=1.75 ms ok
ds4: [t=+97961.3ms] req seq=3553 L23 k=1 ids=[99] w=[0.1062] compute=1.82 ms ok
ds4: [t=+97967.4ms] req seq=3554 L24 k=1 ids=[28] w=[0.1081] compute=1.87 ms ok
ds4: [t=+98025.7ms] req seq=3555 L4 k=2 ids=[255,41] w=[0.1932,0.1389] compute=2.09 ms ok
ds4: [t=+98025.8ms] tok#356 done: 9 layer-reqs, 12 experts, compute 16.46 ms (1.83 ms/layer), wall 135.17 ms, errors=0, evict-hints=9 | cache: resident=3337/3337 slabs=3 wired=22.00 GiB mlock-fail=0 B hits=3555 misses=0 swaps=3554
ds4: [t=+98025.8ms] tok#356 experts: L3=[248] L4=[251,255] L11=[59] L12=[170,201] L14=[230,250] L17=[87] L19=[56] L23=[99] L24=[28]
ds4: [t=+98039.8ms] req seq=3556 L10 k=1 ids=[46] w=[0.1673] compute=1.90 ms ok
ds4: [t=+98046.3ms] req seq=3557 L11 k=1 ids=[254] w=[0.1522] compute=1.82 ms ok
ds4: [t=+98056.8ms] req seq=3558 L15 k=1 ids=[142] w=[0.1771] compute=1.86 ms ok
ds4: [t=+98062.7ms] req seq=3559 L16 k=1 ids=[23] w=[0.2003] compute=1.79 ms ok
ds4: [t=+98074.3ms] req seq=3560 L21 k=1 ids=[117] w=[0.1532] compute=1.85 ms ok
ds4: [t=+98099.6ms] req seq=3561 L30 k=1 ids=[70] w=[0.1526] compute=1.86 ms ok
ds4: [t=+98127.0ms] req seq=3562 L42 k=1 ids=[176] w=[0.1228] compute=1.90 ms ok
ds4: [t=+98147.8ms] req seq=3563 L7 k=1 ids=[241] w=[0.1575] compute=1.95 ms ok
ds4: [t=+98147.9ms] tok#357 done: 8 layer-reqs, 9 experts, compute 15.07 ms (1.88 ms/layer), wall 124.29 ms, errors=0, evict-hints=8 | cache: resident=3337/3337 slabs=3 wired=22.00 GiB mlock-fail=0 B hits=3563 misses=0 swaps=3562
ds4: [t=+98148.0ms] tok#357 experts: L4=[255,41] L10=[46] L11=[254] L15=[142] L16=[23] L21=[117] L30=[70] L42=[176]
ds4: [t=+98156.2ms] req seq=3564 L10 k=1 ids=[121] w=[0.1263] compute=1.46 ms ok
ds4: [t=+98164.0ms] req seq=3565 L13 k=1 ids=[33] w=[0.2576] compute=1.43 ms ok
ds4: [t=+98176.0ms] req seq=3566 L18 k=1 ids=[135] w=[0.2164] compute=1.53 ms ok
ds4: [t=+98222.1ms] req seq=3567 L42 k=1 ids=[241] w=[0.2647] compute=1.72 ms ok
ds4: [t=+98231.2ms] req seq=3568 L1 k=1 ids=[22] w=[0.2248] compute=1.57 ms ok
ds4: [t=+98231.3ms] tok#358 done: 5 layer-reqs, 5 experts, compute 8.08 ms (1.62 ms/layer), wall 85.41 ms, errors=0, evict-hints=5 | cache: resident=3337/3337 slabs=3 wired=22.00 GiB mlock-fail=0 B hits=3568 misses=0 swaps=3567
ds4: [t=+98231.3ms] tok#358 experts: L7=[241] L10=[121] L13=[33] L18=[135] L42=[241]
ds4: [t=+98238.9ms] req seq=3569 L3 k=1 ids=[11] w=[0.3682] compute=1.55 ms ok
ds4: [t=+98255.0ms] req seq=3570 L10 k=1 ids=[111] w=[0.1771] compute=1.61 ms ok
ds4: [t=+98265.8ms] req seq=3571 L15 k=1 ids=[115] w=[0.1334] compute=1.74 ms ok
ds4: [t=+98272.3ms] req seq=3572 L17 k=1 ids=[5] w=[0.1981] compute=1.59 ms ok
ds4: [t=+98281.6ms] req seq=3573 L21 k=1 ids=[60] w=[0.1906] compute=1.62 ms ok
ds4: [t=+98311.9ms] req seq=3574 L35 k=1 ids=[193] w=[0.1708] compute=1.60 ms ok
ds4: [t=+98321.4ms] req seq=3575 L39 k=1 ids=[118] w=[0.1045] compute=1.74 ms ok
ds4: [t=+98347.6ms] req seq=3576 L7 k=1 ids=[51] w=[0.5640] compute=1.77 ms ok
ds4: [t=+98347.7ms] tok#359 done: 8 layer-reqs, 8 experts, compute 13.01 ms (1.63 ms/layer), wall 118.06 ms, errors=0, evict-hints=8 | cache: resident=3337/3337 slabs=3 wired=22.00 GiB mlock-fail=0 B hits=3576 misses=0 swaps=3575
ds4: [t=+98347.8ms] tok#359 experts: L1=[22] L3=[11] L10=[111] L15=[115] L17=[5] L21=[60] L35=[193] L39=[118]
ds4: [t=+98364.5ms] req seq=3577 L14 k=1 ids=[201] w=[0.3501] compute=1.96 ms ok
ds4: [t=+98370.2ms] req seq=3578 L15 k=1 ids=[84] w=[0.2034] compute=1.45 ms ok
ds4: [t=+98376.0ms] req seq=3579 L16 k=1 ids=[110] w=[0.2341] compute=1.44 ms ok
ds4: [t=+98383.3ms] req seq=3580 L18 k=2 ids=[8,5] w=[0.1806,0.1955] compute=1.60 ms ok
ds4: [t=+98390.3ms] req seq=3581 L20 k=2 ids=[38,79] w=[0.3022,0.1617] compute=1.47 ms ok
ds4: [t=+98433.1ms] req seq=3582 L40 k=1 ids=[199] w=[0.2387] compute=1.65 ms ok
ds4: [t=+98452.9ms] req seq=3583 L4 k=2 ids=[144,242] w=[0.1387,0.1363] compute=1.58 ms ok
ds4: [t=+98453.0ms] tok#360 done: 7 layer-reqs, 9 experts, compute 11.35 ms (1.62 ms/layer), wall 107.09 ms, errors=0, evict-hints=7 | cache: resident=3337/3337 slabs=3 wired=22.00 GiB mlock-fail=0 B hits=3583 misses=0 swaps=3582
ds4: [t=+98453.0ms] tok#360 experts: L7=[51] L14=[201] L15=[84] L16=[110] L18=[8,5] L20=[38,79] L40=[199]
ds4: [t=+98473.3ms] req seq=3584 L12 k=1 ids=[30] w=[0.1731] compute=1.57 ms ok
ds4: [t=+98493.4ms] req seq=3585 L21 k=1 ids=[199] w=[0.1175] compute=1.60 ms ok
ds4: [t=+98532.2ms] req seq=3586 L39 k=1 ids=[206] w=[0.1184] compute=1.76 ms ok
ds4: [t=+98537.8ms] req seq=3587 L40 k=1 ids=[184] w=[0.2069] compute=1.72 ms ok
ds4: [t=+98555.7ms] req seq=3588 L2 k=1 ids=[9] w=[0.1667] compute=1.75 ms ok
ds4: [t=+98555.8ms] tok#361 done: 5 layer-reqs, 6 experts, compute 8.23 ms (1.65 ms/layer), wall 104.41 ms, errors=0, evict-hints=5 | cache: resident=3337/3337 slabs=3 wired=22.00 GiB mlock-fail=0 B hits=3588 misses=0 swaps=3587
ds4: [t=+98555.8ms] tok#361 experts: L4=[144,242] L12=[30] L21=[199] L39=[206] L40=[184]
ds4: [t=+98566.5ms] req seq=3589 L6 k=1 ids=[49] w=[0.1798] compute=1.90 ms ok
ds4: [t=+98572.4ms] req seq=3590 L7 k=1 ids=[194] w=[0.2967] compute=1.71 ms ok
ds4: [t=+98585.3ms] req seq=3591 L13 k=1 ids=[185] w=[0.1476] compute=1.89 ms ok
ds4: [t=+98595.1ms] req seq=3592 L17 k=1 ids=[33] w=[0.1810] compute=1.68 ms ok
ds4: [t=+98602.3ms] req seq=3593 L19 k=1 ids=[25] w=[0.2568] compute=1.85 ms ok
ds4: [t=+98610.5ms] req seq=3594 L22 k=1 ids=[18] w=[0.2155] compute=1.83 ms ok
ds4: [t=+98631.4ms] req seq=3595 L30 k=1 ids=[18] w=[0.3802] compute=1.75 ms ok
ds4: [t=+98663.6ms] req seq=3596 L0 k=1 ids=[148] w=[0.4032] compute=1.51 ms ok
ds4: [t=+98663.7ms] tok#362 done: 8 layer-reqs, 8 experts, compute 14.36 ms (1.79 ms/layer), wall 109.78 ms, errors=0, evict-hints=8 | cache: resident=3337/3337 slabs=3 wired=22.00 GiB mlock-fail=0 B hits=3596 misses=0 swaps=3595
ds4: [t=+98663.7ms] tok#362 experts: L2=[9] L6=[49] L7=[194] L13=[185] L17=[33] L19=[25] L22=[18] L30=[18]
ds4: [t=+98672.3ms] req seq=3597 L3 k=1 ids=[133] w=[0.1698] compute=1.55 ms ok
ds4: [t=+98679.8ms] req seq=3598 L6 k=1 ids=[89] w=[0.1054] compute=1.41 ms ok
ds4: [t=+98693.8ms] req seq=3599 L11 k=1 ids=[58] w=[0.2112] compute=1.50 ms ok
ds4: [t=+98703.7ms] req seq=3600 L15 k=1 ids=[164] w=[0.1974] compute=1.59 ms ok
ds4: [t=+98709.7ms] req seq=3601 L16 k=1 ids=[166] w=[0.2264] compute=1.55 ms ok
ds4: [t=+98716.3ms] req seq=3602 L18 k=1 ids=[185] w=[0.2065] compute=1.76 ms ok
ds4: [t=+98726.6ms] req seq=3603 L22 k=1 ids=[11] w=[0.1415] compute=1.59 ms ok
ds4: [t=+98735.5ms] req seq=3604 L24 k=1 ids=[246] w=[0.1532] compute=1.77 ms ok
ds4: [t=+98742.7ms] req seq=3605 L26 k=1 ids=[82] w=[0.1284] compute=1.58 ms ok
ds4: [t=+98749.7ms] req seq=3606 L28 k=1 ids=[37] w=[0.1058] compute=1.75 ms ok
ds4: [t=+98779.1ms] req seq=3607 L42 k=1 ids=[198] w=[0.1622] compute=1.75 ms ok
ds4: [t=+98792.4ms] req seq=3608 L3 k=1 ids=[33] w=[0.1373] compute=1.74 ms ok
ds4: [t=+98792.5ms] tok#363 done: 12 layer-reqs, 12 experts, compute 19.32 ms (1.61 ms/layer), wall 130.40 ms, errors=0, evict-hints=12 | cache: resident=3337/3337 slabs=3 wired=22.00 GiB mlock-fail=0 B hits=3608 misses=0 swaps=3607
ds4: [t=+98792.6ms] tok#363 experts: L0=[148] L3=[133] L6=[89] L11=[58] L15=[164] L16=[166] L18=[185] L22=[11] L24=[246] L26=[82] L28=[37] L42=[198]
ds4: [t=+98799.7ms] req seq=3609 L5 k=1 ids=[123] w=[0.1221] compute=1.89 ms ok
ds4: [t=+98821.0ms] req seq=3610 L15 k=3 ids=[244,31,44] w=[0.2855,0.1678,0.1789] compute=1.88 ms ok
ds4: [t=+98828.6ms] req seq=3611 L17 k=2 ids=[210,28] w=[0.2213,0.1769] compute=1.80 ms ok
ds4: [t=+98834.5ms] req seq=3612 L18 k=1 ids=[28] w=[0.3653] compute=1.86 ms ok
ds4: [t=+98875.6ms] req seq=3613 L38 k=1 ids=[147] w=[0.1241] compute=1.91 ms ok
ds4: [t=+98902.5ms] req seq=3614 L6 k=1 ids=[5] w=[0.1498] compute=1.88 ms ok
ds4: [t=+98902.6ms] tok#364 done: 6 layer-reqs, 9 experts, compute 11.09 ms (1.85 ms/layer), wall 111.90 ms, errors=0, evict-hints=6 | cache: resident=3337/3337 slabs=3 wired=22.00 GiB mlock-fail=0 B hits=3614 misses=0 swaps=3613
ds4: [t=+98902.6ms] tok#364 experts: L3=[33] L5=[123] L15=[244,31,44] L17=[210,28] L18=[28] L38=[147]
ds4: [t=+98924.2ms] req seq=3615 L15 k=2 ids=[92,42] w=[0.2108,0.1760] compute=1.89 ms ok
ds4: [t=+98935.3ms] req seq=3616 L20 k=1 ids=[255] w=[0.2835] compute=1.85 ms ok
ds4: [t=+98989.9ms] req seq=3617 L3 k=1 ids=[188] w=[0.1770] compute=1.94 ms ok
ds4: [t=+98990.0ms] tok#365 done: 3 layer-reqs, 4 experts, compute 5.62 ms (1.87 ms/layer), wall 89.33 ms, errors=0, evict-hints=3 | cache: resident=3337/3337 slabs=3 wired=22.00 GiB mlock-fail=0 B hits=3617 misses=0 swaps=3616
ds4: [t=+98990.0ms] tok#365 experts: L6=[5] L15=[92,42] L20=[255]
ds4: [t=+98998.5ms] req seq=3618 L4 k=1 ids=[252] w=[0.1376] compute=1.82 ms ok
ds4: [t=+99010.8ms] req seq=3619 L9 k=1 ids=[139] w=[0.4658] compute=1.90 ms ok
ds4: [t=+99017.1ms] req seq=3620 L10 k=1 ids=[119] w=[0.1551] compute=1.88 ms ok
ds4: [t=+99023.2ms] req seq=3621 L12 k=1 ids=[235] w=[0.2775] compute=1.81 ms ok
ds4: [t=+99030.5ms] req seq=3622 L15 k=2 ids=[44,31] w=[0.2956,0.1407] compute=1.80 ms ok
ds4: [t=+99040.9ms] req seq=3623 L18 k=1 ids=[10] w=[0.2602] compute=1.90 ms ok
ds4: [t=+99048.9ms] req seq=3624 L21 k=1 ids=[45] w=[0.1025] compute=1.91 ms ok
ds4: [t=+99067.2ms] req seq=3625 L30 k=1 ids=[235] w=[0.1872] compute=1.86 ms ok
ds4: [t=+99101.0ms] req seq=3626 L1 k=1 ids=[208] w=[0.2163] compute=1.90 ms ok
ds4: [t=+99101.1ms] tok#366 done: 9 layer-reqs, 10 experts, compute 16.82 ms (1.87 ms/layer), wall 113.13 ms, errors=0, evict-hints=9 | cache: resident=3337/3337 slabs=3 wired=22.00 GiB mlock-fail=0 B hits=3626 misses=0 swaps=3625
ds4: [t=+99101.1ms] tok#366 experts: L3=[188] L4=[252] L9=[139] L10=[119] L12=[235] L15=[44,31] L18=[10] L21=[45] L30=[235]
ds4: [t=+99109.6ms] req seq=3627 L4 k=1 ids=[33] w=[0.1772] compute=1.80 ms ok
ds4: [t=+99116.7ms] req seq=3628 L6 k=1 ids=[226] w=[0.1074] compute=1.76 ms ok
ds4: [t=+99129.3ms] req seq=3629 L12 k=1 ids=[23] w=[0.2781] compute=1.81 ms ok
ds4: [t=+99135.6ms] req seq=3630 L14 k=1 ids=[219] w=[0.1543] compute=1.82 ms ok
ds4: [t=+99141.7ms] req seq=3631 L15 k=1 ids=[100] w=[0.1774] compute=1.82 ms ok
ds4: [t=+99148.1ms] req seq=3632 L17 k=1 ids=[221] w=[0.1935] compute=1.78 ms ok
ds4: [t=+99154.4ms] req seq=3633 L19 k=1 ids=[3] w=[0.1694] compute=1.75 ms ok
ds4: [t=+99160.4ms] req seq=3634 L20 k=1 ids=[134] w=[0.1815] compute=1.80 ms ok
ds4: [t=+99167.3ms] req seq=3635 L22 k=1 ids=[46] w=[0.2205] compute=1.84 ms ok
ds4: [t=+99181.2ms] req seq=3636 L27 k=1 ids=[119] w=[0.0793] compute=1.82 ms ok
ds4: [t=+99193.9ms] req seq=3637 L30 k=1 ids=[20] w=[0.2657] compute=1.79 ms ok
ds4: [t=+99200.2ms] req seq=3638 L31 k=1 ids=[181] w=[0.1282] compute=1.86 ms ok
ds4: [t=+99214.2ms] req seq=3639 L34 k=1 ids=[161] w=[0.1606] compute=1.85 ms ok
ds4: [t=+99264.7ms] req seq=3640 L5 k=2 ids=[93,32] w=[0.4449,0.3685] compute=2.05 ms ok
ds4: [t=+99264.8ms] tok#367 done: 14 layer-reqs, 14 experts, compute 25.39 ms (1.81 ms/layer), wall 165.68 ms, errors=0, evict-hints=14 | cache: resident=3337/3337 slabs=3 wired=22.00 GiB mlock-fail=0 B hits=3640 misses=0 swaps=3639
ds4: [t=+99264.8ms] tok#367 experts: L1=[208] L4=[33] L6=[226] L12=[23] L14=[219] L15=[100] L17=[221] L19=[3] L20=[134] L22=[46] L27=[119] L30=[20] L31=[181] L34=[161]
ds4: [t=+99279.3ms] req seq=3641 L11 k=1 ids=[3] w=[0.4390] compute=1.50 ms ok
ds4: [t=+99284.9ms] req seq=3642 L12 k=1 ids=[208] w=[0.1554] compute=1.46 ms ok
ds4: [t=+99290.6ms] req seq=3643 L13 k=1 ids=[190] w=[0.3481] compute=1.42 ms ok
ds4: [t=+99306.1ms] req seq=3644 L19 k=4 ids=[17,40,207,107] w=[0.3810,0.2993,0.1432,0.0772] compute=1.55 ms ok
ds4: [t=+99312.1ms] req seq=3645 L21 k=1 ids=[211] w=[0.2647] compute=1.41 ms ok
ds4: [t=+99333.1ms] req seq=3646 L30 k=1 ids=[246] w=[0.1377] compute=1.57 ms ok
ds4: [t=+99357.2ms] req seq=3647 L39 k=1 ids=[33] w=[0.1725] compute=1.63 ms ok
ds4: [t=+99370.4ms] req seq=3648 L0 k=1 ids=[2] w=[0.1140] compute=1.61 ms ok
ds4: [t=+99370.5ms] tok#368 done: 8 layer-reqs, 12 experts, compute 12.58 ms (1.57 ms/layer), wall 107.85 ms, errors=0, evict-hints=8 | cache: resident=3337/3337 slabs=3 wired=22.00 GiB mlock-fail=0 B hits=3648 misses=0 swaps=3647
ds4: [t=+99370.5ms] tok#368 experts: L5=[93,32] L11=[3] L12=[208] L13=[190] L19=[17,40,207,107] L21=[211] L30=[246] L39=[33]
ds4: [t=+99379.9ms] req seq=3649 L3 k=1 ids=[41] w=[0.1868] compute=1.55 ms ok
ds4: [t=+99386.7ms] req seq=3650 L5 k=1 ids=[64] w=[0.2299] compute=1.71 ms ok
ds4: [t=+99392.8ms] req seq=3651 L6 k=1 ids=[79] w=[0.1453] compute=1.49 ms ok
ds4: [t=+99415.8ms] req seq=3652 L17 k=1 ids=[114] w=[0.1721] compute=1.75 ms ok
ds4: [t=+99421.8ms] req seq=3653 L19 k=2 ids=[207,40] w=[0.1680,0.1521] compute=1.69 ms ok
ds4: [t=+99428.0ms] req seq=3654 L21 k=2 ids=[76,55] w=[0.2626,0.2060] compute=1.58 ms ok
ds4: [t=+99475.4ms] req seq=3655 L40 k=1 ids=[45] w=[0.4633] compute=1.94 ms ok
ds4: [t=+99499.6ms] req seq=3656 L3 k=2 ids=[104,16] w=[0.1741,0.1536] compute=1.91 ms ok
ds4: [t=+99499.6ms] tok#369 done: 8 layer-reqs, 10 experts, compute 13.32 ms (1.66 ms/layer), wall 130.84 ms, errors=0, evict-hints=8 | cache: resident=3337/3337 slabs=3 wired=22.00 GiB mlock-fail=0 B hits=3656 misses=0 swaps=3655
ds4: [t=+99499.7ms] tok#369 experts: L0=[2] L3=[41] L5=[64] L6=[79] L17=[114] L19=[207,40] L21=[76,55] L40=[45]
ds4: [t=+99520.2ms] req seq=3657 L14 k=1 ids=[81] w=[0.1475] compute=1.90 ms ok
ds4: [t=+99526.1ms] req seq=3658 L15 k=1 ids=[134] w=[0.1699] compute=1.81 ms ok
ds4: [t=+99532.2ms] req seq=3659 L16 k=1 ids=[170] w=[0.2302] compute=1.88 ms ok
ds4: [t=+99543.1ms] req seq=3660 L21 k=1 ids=[55] w=[0.1787] compute=1.86 ms ok
ds4: [t=+99549.6ms] req seq=3661 L22 k=1 ids=[180] w=[0.1727] compute=1.86 ms ok
ds4: [t=+99558.5ms] req seq=3662 L25 k=1 ids=[195] w=[0.2119] compute=1.80 ms ok
ds4: [t=+99615.9ms] req seq=3663 L8 k=1 ids=[91] w=[0.2221] compute=2.08 ms ok
ds4: [t=+99616.0ms] tok#370 done: 7 layer-reqs, 8 experts, compute 13.03 ms (1.86 ms/layer), wall 118.36 ms, errors=0, evict-hints=7 | cache: resident=3337/3337 slabs=3 wired=22.00 GiB mlock-fail=0 B hits=3663 misses=0 swaps=3662
ds4: [t=+99616.1ms] tok#370 experts: L3=[104,16] L14=[81] L15=[134] L16=[170] L21=[55] L22=[180] L25=[195]
ds4: [t=+99629.4ms] req seq=3664 L15 k=1 ids=[23] w=[0.1746] compute=1.82 ms ok
ds4: [t=+99637.8ms] req seq=3665 L19 k=1 ids=[141] w=[0.1817] compute=1.84 ms ok
ds4: [t=+99643.9ms] req seq=3666 L20 k=2 ids=[114,86] w=[0.4208,0.1500] compute=1.86 ms ok
ds4: [t=+99652.5ms] req seq=3667 L23 k=1 ids=[0] w=[0.0607] compute=1.83 ms ok
ds4: [t=+99659.4ms] req seq=3668 L25 k=1 ids=[103] w=[0.1353] compute=1.79 ms ok
ds4: [t=+99669.6ms] req seq=3669 L28 k=1 ids=[129] w=[0.2287] compute=1.87 ms ok
ds4: [t=+99689.7ms] req seq=3670 L36 k=1 ids=[100] w=[0.2471] compute=1.91 ms ok
ds4: [t=+99717.1ms] req seq=3671 L3 k=1 ids=[120] w=[0.1598] compute=1.87 ms ok
ds4: [t=+99717.2ms] tok#371 done: 8 layer-reqs, 9 experts, compute 15.01 ms (1.88 ms/layer), wall 103.37 ms, errors=0, evict-hints=8 | cache: resident=3337/3337 slabs=3 wired=22.00 GiB mlock-fail=0 B hits=3671 misses=0 swaps=3670
ds4: [t=+99717.2ms] tok#371 experts: L8=[91] L15=[23] L19=[141] L20=[114,86] L23=[0] L25=[103] L28=[129] L36=[100]
ds4: [t=+99723.5ms] req seq=3672 L4 k=1 ids=[128] w=[0.1609] compute=1.86 ms ok
ds4: [t=+99732.9ms] req seq=3673 L6 k=1 ids=[125] w=[0.1126] compute=1.84 ms ok
ds4: [t=+99741.3ms] req seq=3674 L9 k=1 ids=[30] w=[0.0999] compute=1.82 ms ok
ds4: [t=+99748.2ms] req seq=3675 L11 k=1 ids=[68] w=[0.1137] compute=1.82 ms ok
ds4: [t=+99773.6ms] req seq=3676 L25 k=1 ids=[234] w=[0.2709] compute=1.87 ms ok
ds4: [t=+99796.1ms] req seq=3677 L35 k=1 ids=[237] w=[0.1385] compute=1.89 ms ok
ds4: [t=+99807.9ms] req seq=3678 L39 k=1 ids=[85] w=[0.1488] compute=1.88 ms ok
ds4: [t=+99814.5ms] req seq=3679 L40 k=1 ids=[198] w=[0.1873] compute=1.81 ms ok
ds4: [t=+99833.8ms] req seq=3680 L5 k=1 ids=[1] w=[0.1290] compute=1.87 ms ok
ds4: [t=+99833.9ms] tok#372 done: 9 layer-reqs, 9 experts, compute 16.67 ms (1.85 ms/layer), wall 118.59 ms, errors=0, evict-hints=9 | cache: resident=3337/3337 slabs=3 wired=22.00 GiB mlock-fail=0 B hits=3680 misses=0 swaps=3679
ds4: [t=+99833.9ms] tok#372 experts: L3=[120] L4=[128] L6=[125] L9=[30] L11=[68] L25=[234] L35=[237] L39=[85] L40=[198]
ds4: [t=+99845.5ms] req seq=3681 L9 k=1 ids=[68] w=[0.1332] compute=1.85 ms ok
ds4: [t=+99853.9ms] req seq=3682 L12 k=1 ids=[96] w=[0.1302] compute=1.77 ms ok
ds4: [t=+99861.5ms] req seq=3683 L15 k=2 ids=[165,42] w=[0.4629,0.1974] compute=1.74 ms ok
ds4: [t=+99869.1ms] req seq=3684 L17 k=1 ids=[129] w=[0.2380] compute=1.83 ms ok
ds4: [t=+99874.9ms] req seq=3685 L18 k=2 ids=[252,22] w=[0.1965,0.1598] compute=1.78 ms ok
ds4: [t=+99882.9ms] req seq=3686 L21 k=1 ids=[205] w=[0.1651] compute=1.85 ms ok
ds4: [t=+99888.8ms] req seq=3687 L22 k=1 ids=[228] w=[0.0959] compute=1.83 ms ok
ds4: [t=+99905.9ms] req seq=3688 L30 k=1 ids=[190] w=[0.0885] compute=1.96 ms ok
ds4: [t=+99946.9ms] req seq=3689 L7 k=1 ids=[170] w=[0.1911] compute=1.79 ms ok
ds4: [t=+99947.0ms] tok#373 done: 9 layer-reqs, 11 experts, compute 16.48 ms (1.83 ms/layer), wall 115.10 ms, errors=0, evict-hints=9 | cache: resident=3337/3337 slabs=3 wired=22.00 GiB mlock-fail=0 B hits=3689 misses=0 swaps=3688
ds4: [t=+99947.0ms] tok#373 experts: L5=[1] L9=[68] L12=[96] L15=[165,42] L17=[129] L18=[252,22] L21=[205] L22=[228] L30=[190]
ds4: [t=+99952.9ms] req seq=3690 L8 k=1 ids=[140] w=[0.0909] compute=1.79 ms ok
ds4: [t=+99958.4ms] req seq=3691 L9 k=2 ids=[100,34] w=[0.1303,0.0962] compute=1.76 ms ok
ds4: [t=+99965.7ms] req seq=3692 L11 k=1 ids=[7] w=[0.2455] compute=1.87 ms ok
ds4: [t=+99971.8ms] req seq=3693 L12 k=1 ids=[127] w=[0.2504] compute=1.78 ms ok
ds4: [t=+99980.5ms] req seq=3694 L14 k=1 ids=[56] w=[0.2033] compute=1.80 ms ok
ds4: [t=+99986.8ms] req seq=3695 L15 k=2 ids=[53,89] w=[0.1752,0.1819] compute=1.91 ms ok
ds4: [t=+99995.3ms] req seq=3696 L18 k=1 ids=[213] w=[0.1880] compute=1.82 ms ok
ds4: [t=+100008.0ms] req seq=3697 L22 k=1 ids=[170] w=[0.2596] compute=1.89 ms ok
ds4: [t=+100019.2ms] req seq=3698 L25 k=2 ids=[16,157] w=[0.3333,0.1929] compute=1.93 ms ok
ds4: [t=+100068.5ms] req seq=3699 L3 k=1 ids=[144] w=[0.1478] compute=2.06 ms ok
ds4: [t=+100068.6ms] tok#374 done: 10 layer-reqs, 13 experts, compute 18.34 ms (1.83 ms/layer), wall 123.46 ms, errors=0, evict-hints=10 | cache: resident=3337/3337 slabs=3 wired=22.00 GiB mlock-fail=0 B hits=3699 misses=0 swaps=3698
ds4: [t=+100068.6ms] tok#374 experts: L7=[170] L8=[140] L9=[100,34] L11=[7] L12=[127] L14=[56] L15=[53,89] L18=[213] L22=[170] L25=[16,157]
ds4: [t=+100077.4ms] req seq=3700 L5 k=1 ids=[75] w=[0.1330] compute=1.86 ms ok
ds4: [t=+100088.1ms] req seq=3701 L10 k=2 ids=[162,93] w=[0.1538,0.1489] compute=1.87 ms ok
ds4: [t=+100095.2ms] req seq=3702 L12 k=1 ids=[169] w=[0.1059] compute=1.83 ms ok
ds4: [t=+100101.9ms] req seq=3703 L14 k=1 ids=[39] w=[0.1546] compute=1.88 ms ok
ds4: [t=+100108.4ms] req seq=3704 L15 k=1 ids=[42] w=[0.1866] compute=1.83 ms ok
ds4: [t=+100116.1ms] req seq=3705 L18 k=1 ids=[150] w=[0.2740] compute=1.82 ms ok
ds4: [t=+100129.7ms] req seq=3706 L25 k=1 ids=[157] w=[0.2219] compute=1.83 ms ok
ds4: [t=+100176.3ms] req seq=3707 L6 k=1 ids=[232] w=[0.1271] compute=2.10 ms ok
ds4: [t=+100176.4ms] tok#375 done: 8 layer-reqs, 9 experts, compute 14.98 ms (1.87 ms/layer), wall 109.93 ms, errors=0, evict-hints=8 | cache: resident=3337/3337 slabs=3 wired=22.00 GiB mlock-fail=0 B hits=3707 misses=0 swaps=3706
ds4: [t=+100176.4ms] tok#375 experts: L3=[144] L5=[75] L10=[162,93] L12=[169] L14=[39] L15=[42] L18=[150] L25=[157]
ds4: [t=+100182.4ms] req seq=3708 L7 k=1 ids=[173] w=[0.1270] compute=1.87 ms ok
ds4: [t=+100189.2ms] req seq=3709 L9 k=2 ids=[59,234] w=[0.1242,0.1143] compute=1.77 ms ok
ds4: [t=+100199.4ms] req seq=3710 L12 k=1 ids=[76] w=[0.1303] compute=1.89 ms ok
ds4: [t=+100214.5ms] req seq=3711 L18 k=1 ids=[100] w=[0.1714] compute=1.95 ms ok
ds4: [t=+100264.2ms] req seq=3712 L3 k=1 ids=[15] w=[0.1654] compute=2.09 ms ok
ds4: [t=+100264.3ms] tok#376 done: 5 layer-reqs, 6 experts, compute 9.58 ms (1.92 ms/layer), wall 90.09 ms, errors=0, evict-hints=5 | cache: resident=3337/3337 slabs=3 wired=22.00 GiB mlock-fail=0 B hits=3712 misses=0 swaps=3711
ds4: [t=+100264.3ms] tok#376 experts: L6=[232] L7=[173] L9=[59,234] L12=[76] L18=[100]
ds4: [t=+100270.5ms] req seq=3713 L4 k=1 ids=[98] w=[0.0946] compute=1.92 ms ok
ds4: [t=+100276.9ms] req seq=3714 L5 k=1 ids=[92] w=[0.1021] compute=1.81 ms ok
ds4: [t=+100283.2ms] req seq=3715 L6 k=1 ids=[14] w=[0.1452] compute=1.86 ms ok
ds4: [t=+100302.1ms] req seq=3716 L14 k=1 ids=[48] w=[0.1775] compute=1.89 ms ok
ds4: [t=+100308.9ms] req seq=3717 L16 k=1 ids=[50] w=[0.1941] compute=1.80 ms ok
ds4: [t=+100362.3ms] req seq=3718 L0 k=1 ids=[72] w=[0.1829] compute=2.05 ms ok
ds4: [t=+100362.4ms] tok#377 done: 6 layer-reqs, 6 experts, compute 11.38 ms (1.90 ms/layer), wall 100.25 ms, errors=0, evict-hints=6 | cache: resident=3337/3337 slabs=3 wired=22.00 GiB mlock-fail=0 B hits=3718 misses=0 swaps=3717
ds4: [t=+100362.4ms] tok#377 experts: L3=[15] L4=[98] L5=[92] L6=[14] L14=[48] L16=[50]
ds4: [t=+100378.3ms] req seq=3719 L7 k=1 ids=[249] w=[0.1484] compute=1.85 ms ok
ds4: [t=+100384.5ms] req seq=3720 L9 k=2 ids=[26,34] w=[0.1140,0.1087] compute=1.84 ms ok
ds4: [t=+100390.5ms] req seq=3721 L11 k=1 ids=[167] w=[0.2498] compute=1.89 ms ok
ds4: [t=+100408.0ms] req seq=3722 L18 k=1 ids=[193] w=[0.1853] compute=1.90 ms ok
ds4: [t=+100414.5ms] req seq=3723 L19 k=1 ids=[51] w=[0.1201] compute=1.90 ms ok
ds4: [t=+100473.6ms] req seq=3724 L5 k=1 ids=[194] w=[0.1631] compute=2.05 ms ok
ds4: [t=+100473.8ms] tok#378 done: 6 layer-reqs, 7 experts, compute 11.43 ms (1.90 ms/layer), wall 113.50 ms, errors=0, evict-hints=6 | cache: resident=3337/3337 slabs=3 wired=22.00 GiB mlock-fail=0 B hits=3724 misses=0 swaps=3723
ds4: [t=+100473.8ms] tok#378 experts: L0=[72] L7=[249] L9=[26,34] L11=[167] L18=[193] L19=[51]
ds4: [t=+100486.7ms] req seq=3725 L11 k=1 ids=[135] w=[0.1813] compute=1.89 ms ok
ds4: [t=+100493.6ms] req seq=3726 L13 k=2 ids=[97,157] w=[0.2052,0.2245] compute=1.77 ms ok
ds4: [t=+100510.7ms] req seq=3727 L22 k=1 ids=[91] w=[0.2763] compute=1.89 ms ok
ds4: [t=+100516.8ms] req seq=3728 L23 k=1 ids=[225] w=[0.0885] compute=1.87 ms ok
ds4: [t=+100525.0ms] req seq=3729 L25 k=1 ids=[4] w=[0.4365] compute=1.80 ms ok
ds4: [t=+100533.4ms] req seq=3730 L27 k=1 ids=[14] w=[0.3465] compute=1.88 ms ok
ds4: [t=+100539.4ms] req seq=3731 L28 k=1 ids=[147] w=[0.1185] compute=1.83 ms ok
ds4: [t=+100566.7ms] req seq=3732 L42 k=1 ids=[67] w=[0.1866] compute=1.88 ms ok
ds4: [t=+100579.8ms] req seq=3733 L3 k=1 ids=[121] w=[0.1694] compute=1.82 ms ok
ds4: [t=+100579.9ms] tok#379 done: 9 layer-reqs, 10 experts, compute 16.87 ms (1.87 ms/layer), wall 108.24 ms, errors=0, evict-hints=9 | cache: resident=3337/3337 slabs=3 wired=22.00 GiB mlock-fail=0 B hits=3733 misses=0 swaps=3732
ds4: [t=+100579.9ms] tok#379 experts: L5=[194] L11=[135] L13=[97,157] L22=[91] L23=[225] L25=[4] L27=[14] L28=[147] L42=[67]
ds4: [t=+100593.8ms] req seq=3734 L8 k=1 ids=[249] w=[0.1415] compute=1.90 ms ok
ds4: [t=+100600.2ms] req seq=3735 L9 k=1 ids=[244] w=[0.1300] compute=1.88 ms ok
ds4: [t=+100606.2ms] req seq=3736 L11 k=1 ids=[32] w=[0.1806] compute=1.82 ms ok
ds4: [t=+100650.0ms] req seq=3737 L32 k=1 ids=[244] w=[0.1386] compute=2.08 ms ok
ds4: [t=+100680.5ms] req seq=3738 L3 k=1 ids=[210] w=[0.1069] compute=1.87 ms ok
ds4: [t=+100680.6ms] tok#380 done: 5 layer-reqs, 5 experts, compute 9.50 ms (1.90 ms/layer), wall 102.62 ms, errors=0, evict-hints=5 | cache: resident=3337/3337 slabs=3 wired=22.00 GiB mlock-fail=0 B hits=3738 misses=0 swaps=3737
ds4: [t=+100680.6ms] tok#380 experts: L3=[121] L8=[249] L9=[244] L11=[32] L32=[244]
ds4: [t=+100686.5ms] req seq=3739 L4 k=1 ids=[9] w=[0.1284] compute=1.83 ms ok
ds4: [t=+100693.4ms] req seq=3740 L6 k=1 ids=[176] w=[0.1335] compute=1.80 ms ok
ds4: [t=+100714.9ms] req seq=3741 L17 k=1 ids=[71] w=[0.1588] compute=1.54 ms ok
ds4: [t=+100720.9ms] req seq=3742 L18 k=1 ids=[188] w=[0.1270] compute=1.48 ms ok
ds4: [t=+100731.9ms] req seq=3743 L23 k=1 ids=[217] w=[0.1988] compute=1.69 ms ok
ds4: [t=+100770.4ms] req seq=3744 L39 k=1 ids=[148] w=[0.1692] compute=1.54 ms ok
ds4: [t=+100798.7ms] req seq=3745 L6 k=1 ids=[169] w=[0.1410] compute=1.64 ms ok
ds4: [t=+100798.8ms] tok#381 done: 7 layer-reqs, 7 experts, compute 11.75 ms (1.68 ms/layer), wall 120.17 ms, errors=0, evict-hints=7 | cache: resident=3337/3337 slabs=3 wired=22.00 GiB mlock-fail=0 B hits=3745 misses=0 swaps=3744
ds4: [t=+100798.8ms] tok#381 experts: L3=[210] L4=[9] L6=[176] L17=[71] L18=[188] L23=[217] L39=[148]
ds4: [t=+100804.4ms] req seq=3746 L7 k=1 ids=[177] w=[0.1641] compute=1.53 ms ok
ds4: [t=+100810.4ms] req seq=3747 L9 k=1 ids=[255] w=[0.1278] compute=1.42 ms ok
ds4: [t=+100817.7ms] req seq=3748 L12 k=1 ids=[221] w=[0.1045] compute=1.51 ms ok
ds4: [t=+100829.8ms] req seq=3749 L17 k=2 ids=[82,22] w=[0.1843,0.1714] compute=1.55 ms ok
ds4: [t=+100835.4ms] req seq=3750 L18 k=1 ids=[39] w=[0.1117] compute=1.53 ms ok
ds4: [t=+100843.5ms] req seq=3751 L21 k=1 ids=[184] w=[0.1438] compute=1.51 ms ok
ds4: [t=+100849.6ms] req seq=3752 L22 k=1 ids=[72] w=[0.1360] compute=1.74 ms ok
ds4: [t=+100855.6ms] req seq=3753 L24 k=1 ids=[161] w=[0.1677] compute=1.56 ms ok
ds4: [t=+100869.7ms] req seq=3754 L27 k=1 ids=[168] w=[0.5205] compute=1.79 ms ok
ds4: [t=+100876.5ms] req seq=3755 L29 k=1 ids=[31] w=[0.1273] compute=1.70 ms ok
ds4: [t=+100883.5ms] req seq=3756 L31 k=1 ids=[134] w=[0.1491] compute=1.73 ms ok
ds4: [t=+100889.5ms] req seq=3757 L32 k=1 ids=[242] w=[0.2653] compute=1.73 ms ok
ds4: [t=+100903.3ms] req seq=3758 L37 k=2 ids=[69,219] w=[0.4415,0.1463] compute=1.92 ms ok
ds4: [t=+100922.3ms] req seq=3759 L42 k=2 ids=[237,16] w=[0.2094,0.1940] compute=1.87 ms ok
ds4: [t=+100937.0ms] req seq=3760 L3 k=1 ids=[199] w=[0.2525] compute=1.87 ms ok
ds4: [t=+100937.1ms] tok#382 done: 15 layer-reqs, 18 experts, compute 24.72 ms (1.65 ms/layer), wall 139.99 ms, errors=0, evict-hints=15 | cache: resident=3337/3337 slabs=3 wired=22.00 GiB mlock-fail=0 B hits=3760 misses=0 swaps=3759
ds4: [t=+100937.1ms] tok#382 experts: L6=[169] L7=[177] L9=[255] L12=[221] L17=[82,22] L18=[39] L21=[184] L22=[72] L24=[161] L27=[168] L29=[31] L31=[134] L32=[242] L37=[69,219] L42=[237,16]
ds4: [t=+100943.3ms] req seq=3761 L5 k=1 ids=[243] w=[0.2058] compute=1.84 ms ok
ds4: [t=+100949.4ms] req seq=3762 L6 k=1 ids=[137] w=[0.1568] compute=1.84 ms ok
ds4: [t=+100956.3ms] req seq=3763 L9 k=1 ids=[158] w=[0.2430] compute=1.80 ms ok
ds4: [t=+100962.6ms] req seq=3764 L10 k=1 ids=[182] w=[0.2194] compute=1.85 ms ok
ds4: [t=+100978.1ms] req seq=3765 L17 k=1 ids=[164] w=[0.2202] compute=1.87 ms ok
ds4: [t=+100988.6ms] req seq=3766 L21 k=2 ids=[201,166] w=[0.1554,0.1711] compute=1.90 ms ok
ds4: [t=+100994.8ms] req seq=3767 L22 k=1 ids=[253] w=[0.4006] compute=1.79 ms ok
ds4: [t=+101041.5ms] req seq=3768 L39 k=1 ids=[84] w=[0.2324] compute=2.11 ms ok
ds4: [t=+101084.7ms] req seq=3769 L10 k=1 ids=[236] w=[0.1079] compute=2.06 ms ok
ds4: [t=+101084.8ms] tok#383 done: 9 layer-reqs, 10 experts, compute 16.86 ms (1.87 ms/layer), wall 149.66 ms, errors=0, evict-hints=9 | cache: resident=3337/3337 slabs=3 wired=22.00 GiB mlock-fail=0 B hits=3769 misses=0 swaps=3768
ds4: [t=+101084.8ms] tok#383 experts: L3=[199] L5=[243] L6=[137] L9=[158] L10=[182] L17=[164] L21=[201,166] L22=[253] L39=[84]
ds4: [t=+101098.8ms] req seq=3770 L17 k=1 ids=[22] w=[0.2111] compute=1.93 ms ok
ds4: [t=+101105.1ms] req seq=3771 L19 k=1 ids=[49] w=[0.1877] compute=1.78 ms ok
ds4: [t=+101117.6ms] req seq=3772 L23 k=2 ids=[201,47] w=[0.2328,0.1019] compute=1.95 ms ok
ds4: [t=+101174.2ms] req seq=3773 L3 k=1 ids=[236] w=[0.1588] compute=2.09 ms ok
ds4: [t=+101174.4ms] tok#384 done: 4 layer-reqs, 5 experts, compute 7.72 ms (1.93 ms/layer), wall 91.72 ms, errors=0, evict-hints=4 | cache: resident=3337/3337 slabs=3 wired=22.00 GiB mlock-fail=0 B hits=3773 misses=0 swaps=3772
ds4: [t=+101174.4ms] tok#384 experts: L10=[236] L17=[22] L19=[49] L23=[201,47]
ds4: [t=+101189.5ms] req seq=3774 L10 k=1 ids=[27] w=[0.1478] compute=1.90 ms ok
ds4: [t=+101195.7ms] req seq=3775 L11 k=1 ids=[88] w=[0.1502] compute=1.77 ms ok
ds4: [t=+101221.0ms] req seq=3776 L23 k=1 ids=[47] w=[0.1091] compute=1.84 ms ok
ds4: [t=+101271.6ms] req seq=3777 L3 k=1 ids=[117] w=[0.1099] compute=2.07 ms ok
ds4: [t=+101271.7ms] tok#385 done: 4 layer-reqs, 4 experts, compute 7.59 ms (1.90 ms/layer), wall 99.56 ms, errors=0, evict-hints=4 | cache: resident=3337/3337 slabs=3 wired=22.00 GiB mlock-fail=0 B hits=3777 misses=0 swaps=3776
ds4: [t=+101271.8ms] tok#385 experts: L3=[236] L10=[27] L11=[88] L23=[47]
ds4: [t=+101280.1ms] req seq=3778 L6 k=1 ids=[120] w=[0.1574] compute=1.82 ms ok
ds4: [t=+101286.4ms] req seq=3779 L7 k=2 ids=[38,110] w=[0.2510,0.2370] compute=1.83 ms ok
ds4: [t=+101296.4ms] req seq=3780 L11 k=2 ids=[108,87] w=[0.1778,0.1782] compute=1.85 ms ok
ds4: [t=+101302.6ms] req seq=3781 L12 k=1 ids=[101] w=[0.1639] compute=1.86 ms ok
ds4: [t=+101311.4ms] req seq=3782 L15 k=3 ids=[47,192,65] w=[0.3121,0.2212,0.1978] compute=1.79 ms ok
ds4: [t=+101321.5ms] req seq=3783 L19 k=1 ids=[86] w=[0.0891] compute=1.84 ms ok
ds4: [t=+101382.4ms] req seq=3784 L4 k=1 ids=[46] w=[0.1064] compute=1.90 ms ok
ds4: [t=+101382.6ms] tok#386 done: 7 layer-reqs, 11 experts, compute 13.05 ms (1.86 ms/layer), wall 112.97 ms, errors=0, evict-hints=7 | cache: resident=3337/3337 slabs=3 wired=22.00 GiB mlock-fail=0 B hits=3784 misses=0 swaps=3783
ds4: [t=+101382.6ms] tok#386 experts: L3=[117] L6=[120] L7=[38,110] L11=[108,87] L12=[101] L15=[47,192,65] L19=[86]
ds4: [t=+101390.9ms] req seq=3785 L7 k=1 ids=[92] w=[0.1167] compute=1.87 ms ok
ds4: [t=+101397.5ms] req seq=3786 L9 k=1 ids=[81] w=[0.1352] compute=1.78 ms ok
ds4: [t=+101403.6ms] req seq=3787 L10 k=1 ids=[183] w=[0.0958] compute=1.90 ms ok
ds4: [t=+101412.1ms] req seq=3788 L13 k=1 ids=[113] w=[0.1806] compute=1.85 ms ok
ds4: [t=+101419.4ms] req seq=3789 L15 k=2 ids=[230,78] w=[0.3189,0.1994] compute=1.87 ms ok
ds4: [t=+101427.5ms] req seq=3790 L18 k=1 ids=[125] w=[0.1523] compute=1.79 ms ok
ds4: [t=+101437.2ms] req seq=3791 L22 k=1 ids=[17] w=[0.1792] compute=1.82 ms ok
ds4: [t=+101469.2ms] req seq=3792 L39 k=1 ids=[155] w=[0.1179] compute=1.91 ms ok
ds4: [t=+101486.9ms] req seq=3793 L1 k=1 ids=[93] w=[0.2329] compute=1.91 ms ok
ds4: [t=+101487.0ms] tok#387 done: 9 layer-reqs, 10 experts, compute 16.68 ms (1.85 ms/layer), wall 106.41 ms, errors=0, evict-hints=9 | cache: resident=3337/3337 slabs=3 wired=22.00 GiB mlock-fail=0 B hits=3793 misses=0 swaps=3792
ds4: [t=+101487.0ms] tok#387 experts: L4=[46] L7=[92] L9=[81] L10=[183] L13=[113] L15=[230,78] L18=[125] L22=[17] L39=[155]
ds4: [t=+101496.4ms] req seq=3794 L4 k=1 ids=[219] w=[0.2060] compute=1.81 ms ok
ds4: [t=+101502.4ms] req seq=3795 L5 k=1 ids=[221] w=[0.1068] compute=1.83 ms ok
ds4: [t=+101508.7ms] req seq=3796 L6 k=1 ids=[136] w=[0.0961] compute=1.88 ms ok
ds4: [t=+101515.3ms] req seq=3797 L7 k=1 ids=[110] w=[0.1740] compute=1.81 ms ok
ds4: [t=+101523.2ms] req seq=3798 L9 k=1 ids=[168] w=[0.1505] compute=1.80 ms ok
ds4: [t=+101533.4ms] req seq=3799 L12 k=1 ids=[10] w=[0.1711] compute=1.84 ms ok
ds4: [t=+101539.9ms] req seq=3800 L13 k=1 ids=[148] w=[0.1979] compute=1.80 ms ok
ds4: [t=+101546.7ms] req seq=3801 L15 k=1 ids=[150] w=[0.1610] compute=1.79 ms ok
ds4: [t=+101553.4ms] req seq=3802 L16 k=1 ids=[244] w=[0.2023] compute=1.89 ms ok
ds4: [t=+101561.3ms] req seq=3803 L18 k=1 ids=[89] w=[0.1634] compute=1.79 ms ok
ds4: [t=+101571.2ms] req seq=3804 L21 k=1 ids=[17] w=[0.1913] compute=1.82 ms ok
ds4: [t=+101577.1ms] req seq=3805 L22 k=1 ids=[169] w=[0.2447] compute=1.82 ms ok
ds4: [t=+101599.7ms] req seq=3806 L28 k=1 ids=[29] w=[0.1374] compute=1.90 ms ok
ds4: [t=+101668.4ms] req seq=3807 L3 k=1 ids=[106] w=[0.1519] compute=2.06 ms ok
ds4: [t=+101668.5ms] tok#388 done: 14 layer-reqs, 14 experts, compute 25.69 ms (1.84 ms/layer), wall 183.55 ms, errors=0, evict-hints=14 | cache: resident=3337/3337 slabs=3 wired=22.00 GiB mlock-fail=0 B hits=3807 misses=0 swaps=3806
ds4: [t=+101668.6ms] tok#388 experts: L1=[93] L4=[219] L5=[221] L6=[136] L7=[110] L9=[168] L12=[10] L13=[148] L15=[150] L16=[244] L18=[89] L21=[17] L22=[169] L28=[29]
ds4: [t=+101675.1ms] req seq=3808 L4 k=1 ids=[207] w=[0.1665] compute=1.86 ms ok
ds4: [t=+101681.3ms] req seq=3809 L5 k=1 ids=[106] w=[0.1541] compute=1.80 ms ok
ds4: [t=+101692.5ms] req seq=3810 L8 k=1 ids=[222] w=[0.1340] compute=1.84 ms ok
ds4: [t=+101706.0ms] req seq=3811 L12 k=1 ids=[26] w=[0.0974] compute=1.88 ms ok
ds4: [t=+101716.5ms] req seq=3812 L14 k=1 ids=[99] w=[0.1855] compute=1.91 ms ok
ds4: [t=+101723.0ms] req seq=3813 L15 k=2 ids=[140,12] w=[0.1671,0.1584] compute=1.83 ms ok
ds4: [t=+101730.1ms] req seq=3814 L16 k=1 ids=[204] w=[0.2257] compute=1.79 ms ok
ds4: [t=+101747.1ms] req seq=3815 L21 k=1 ids=[113] w=[0.1431] compute=1.90 ms ok
ds4: [t=+101753.8ms] req seq=3816 L22 k=1 ids=[191] w=[0.1549] compute=1.85 ms ok
ds4: [t=+101766.1ms] req seq=3817 L24 k=1 ids=[39] w=[0.0973] compute=1.87 ms ok
ds4: [t=+101833.9ms] req seq=3818 L2 k=1 ids=[249] w=[0.3523] compute=2.07 ms ok
ds4: [t=+101834.1ms] tok#389 done: 11 layer-reqs, 12 experts, compute 20.59 ms (1.87 ms/layer), wall 167.74 ms, errors=0, evict-hints=11 | cache: resident=3337/3337 slabs=3 wired=22.00 GiB mlock-fail=0 B hits=3818 misses=0 swaps=3817
ds4: [t=+101834.1ms] tok#389 experts: L3=[106] L4=[207] L5=[106] L8=[222] L12=[26] L14=[99] L15=[140,12] L16=[204] L21=[113] L22=[191] L24=[39]
ds4: [t=+101841.3ms] req seq=3819 L3 k=1 ids=[21] w=[0.1199] compute=1.82 ms ok
ds4: [t=+101850.9ms] req seq=3820 L6 k=2 ids=[234,197] w=[0.2419,0.2028] compute=1.89 ms ok
ds4: [t=+101857.8ms] req seq=3821 L7 k=1 ids=[166] w=[0.3370] compute=1.98 ms ok
ds4: [t=+101865.5ms] req seq=3822 L8 k=1 ids=[195] w=[0.3037] compute=1.60 ms ok
ds4: [t=+101871.5ms] req seq=3823 L9 k=1 ids=[3] w=[0.1124] compute=1.74 ms ok
ds4: [t=+101877.1ms] req seq=3824 L10 k=1 ids=[201] w=[0.1328] compute=1.68 ms ok
ds4: [t=+101884.6ms] req seq=3825 L12 k=1 ids=[211] w=[0.1170] compute=1.82 ms ok
ds4: [t=+101896.5ms] req seq=3826 L15 k=2 ids=[204,113] w=[0.1858,0.1644] compute=1.82 ms ok
ds4: [t=+101913.3ms] req seq=3827 L20 k=1 ids=[167] w=[0.1870] compute=1.93 ms ok
ds4: [t=+101922.1ms] req seq=3828 L22 k=1 ids=[89] w=[0.1019] compute=1.88 ms ok
ds4: [t=+101950.5ms] req seq=3829 L31 k=1 ids=[255] w=[0.0807] compute=1.93 ms ok
ds4: [t=+101959.1ms] req seq=3830 L33 k=1 ids=[54] w=[0.1044] compute=1.79 ms ok
ds4: [t=+102003.7ms] req seq=3831 L3 k=1 ids=[45] w=[0.1393] compute=1.81 ms ok
ds4: [t=+102003.9ms] tok#390 done: 13 layer-reqs, 15 experts, compute 23.96 ms (1.84 ms/layer), wall 171.98 ms, errors=0, evict-hints=13 | cache: resident=3337/3337 slabs=3 wired=22.00 GiB mlock-fail=0 B hits=3831 misses=0 swaps=3830
ds4: [t=+102003.9ms] tok#390 experts: L2=[249] L3=[21] L6=[234,197] L7=[166] L8=[195] L9=[3] L10=[201] L12=[211] L15=[204,113] L20=[167] L22=[89] L31=[255] L33=[54]
ds4: [t=+102020.8ms] req seq=3832 L9 k=1 ids=[179] w=[0.1219] compute=1.88 ms ok
ds4: [t=+102028.9ms] req seq=3833 L11 k=1 ids=[151] w=[0.2752] compute=1.78 ms ok
ds4: [t=+102041.1ms] req seq=3834 L15 k=1 ids=[211] w=[0.1353] compute=1.87 ms ok
ds4: [t=+102048.1ms] req seq=3835 L17 k=1 ids=[109] w=[0.2087] compute=1.79 ms ok
ds4: [t=+102070.2ms] req seq=3836 L24 k=1 ids=[253] w=[0.2314] compute=1.90 ms ok
ds4: [t=+102084.6ms] req seq=3837 L29 k=1 ids=[239] w=[0.1485] compute=1.85 ms ok
ds4: [t=+102137.8ms] req seq=3838 L8 k=1 ids=[210] w=[0.3515] compute=1.86 ms ok
ds4: [t=+102138.0ms] tok#391 done: 7 layer-reqs, 7 experts, compute 12.88 ms (1.84 ms/layer), wall 136.11 ms, errors=0, evict-hints=7 | cache: resident=3337/3337 slabs=3 wired=22.00 GiB mlock-fail=0 B hits=3838 misses=0 swaps=3837
ds4: [t=+102138.1ms] tok#391 experts: L3=[45] L9=[179] L11=[151] L15=[211] L17=[109] L24=[253] L29=[239]
ds4: [t=+102153.0ms] req seq=3839 L15 k=1 ids=[178] w=[0.1470] compute=1.76 ms ok
ds4: [t=+102165.2ms] req seq=3840 L19 k=1 ids=[208] w=[0.4834] compute=1.75 ms ok
ds4: [t=+102172.1ms] req seq=3841 L21 k=1 ids=[238] w=[0.2681] compute=1.80 ms ok
ds4: [t=+102178.0ms] req seq=3842 L22 k=1 ids=[43] w=[0.3647] compute=1.75 ms ok
ds4: [t=+102202.2ms] req seq=3843 L33 k=1 ids=[45] w=[0.3583] compute=1.80 ms ok
ds4: [t=+102210.1ms] req seq=3844 L36 k=1 ids=[70] w=[0.1229] compute=1.76 ms ok
ds4: [t=+102224.7ms] req seq=3845 L42 k=1 ids=[101] w=[0.2716] compute=1.80 ms ok
ds4: [t=+102247.5ms] req seq=3846 L6 k=1 ids=[162] w=[0.1228] compute=1.85 ms ok
ds4: [t=+102247.6ms] tok#392 done: 8 layer-reqs, 8 experts, compute 14.27 ms (1.78 ms/layer), wall 111.62 ms, errors=0, evict-hints=8 | cache: resident=3337/3337 slabs=3 wired=22.00 GiB mlock-fail=0 B hits=3846 misses=0 swaps=3845
ds4: [t=+102247.7ms] tok#392 experts: L8=[210] L15=[178] L19=[208] L21=[238] L22=[43] L33=[45] L36=[70] L42=[101]
ds4: [t=+102254.3ms] req seq=3847 L7 k=1 ids=[1] w=[0.1591] compute=1.79 ms ok
ds4: [t=+102260.9ms] req seq=3848 L8 k=1 ids=[237] w=[0.5432] compute=1.70 ms ok
ds4: [t=+102269.3ms] req seq=3849 L10 k=3 ids=[152,255,67] w=[0.5160,0.2363,0.1314] compute=1.78 ms ok
ds4: [t=+102275.7ms] req seq=3850 L11 k=1 ids=[96] w=[0.2018] compute=1.72 ms ok
ds4: [t=+102284.1ms] req seq=3851 L13 k=1 ids=[64] w=[0.1861] compute=1.83 ms ok
ds4: [t=+102296.7ms] req seq=3852 L17 k=2 ids=[123,41] w=[0.3759,0.2742] compute=1.76 ms ok
ds4: [t=+102302.9ms] req seq=3853 L18 k=1 ids=[11] w=[0.1636] compute=1.77 ms ok
ds4: [t=+102309.3ms] req seq=3854 L19 k=1 ids=[40] w=[0.1008] compute=1.69 ms ok
ds4: [t=+102315.0ms] req seq=3855 L20 k=1 ids=[121] w=[0.3878] compute=1.74 ms ok
ds4: [t=+102320.4ms] req seq=3856 L21 k=1 ids=[8] w=[0.1149] compute=1.75 ms ok
ds4: [t=+102326.6ms] req seq=3857 L22 k=1 ids=[250] w=[0.3331] compute=1.79 ms ok
ds4: [t=+102332.7ms] req seq=3858 L23 k=1 ids=[143] w=[0.4906] compute=1.81 ms ok
ds4: [t=+102340.2ms] req seq=3859 L25 k=1 ids=[79] w=[0.0885] compute=1.71 ms ok
ds4: [t=+102399.0ms] req seq=3860 L5 k=1 ids=[110] w=[0.1181] compute=1.93 ms ok
ds4: [t=+102399.8ms] tok#393 done: 14 layer-reqs, 17 experts, compute 24.68 ms (1.76 ms/layer), wall 154.09 ms, errors=0, evict-hints=14 | cache: resident=3337/3337 slabs=3 wired=22.00 GiB mlock-fail=0 B hits=3860 misses=0 swaps=3859
ds4: [t=+102399.9ms] tok#393 experts: L6=[162] L7=[1] L8=[237] L10=[152,255,67] L11=[96] L13=[64] L17=[123,41] L18=[11] L19=[40] L20=[121] L21=[8] L22=[250] L23=[143] L25=[79]
ds4: [t=+102413.9ms] req seq=3861 L10 k=2 ids=[255,173] w=[0.1642,0.1447] compute=1.83 ms ok
ds4: [t=+102420.1ms] req seq=3862 L11 k=1 ids=[60] w=[0.2568] compute=1.87 ms ok
ds4: [t=+102434.1ms] req seq=3863 L17 k=1 ids=[41] w=[0.3810] compute=1.93 ms ok
ds4: [t=+102444.6ms] req seq=3864 L21 k=1 ids=[192] w=[0.1421] compute=1.78 ms ok
ds4: [t=+102450.8ms] req seq=3865 L22 k=1 ids=[118] w=[0.1778] compute=1.81 ms ok
ds4: [t=+102484.1ms] req seq=3866 L35 k=1 ids=[14] w=[0.1787] compute=1.52 ms ok
ds4: [t=+102515.1ms] req seq=3867 L3 k=1 ids=[138] w=[0.1214] compute=1.85 ms ok
ds4: [t=+102515.2ms] tok#394 done: 7 layer-reqs, 8 experts, compute 12.67 ms (1.81 ms/layer), wall 118.13 ms, errors=0, evict-hints=7 | cache: resident=3337/3337 slabs=3 wired=22.00 GiB mlock-fail=0 B hits=3867 misses=0 swaps=3866
ds4: [t=+102515.3ms] tok#394 experts: L5=[110] L10=[255,173] L11=[60] L17=[41] L21=[192] L22=[118] L35=[14]
ds4: [t=+102522.1ms] req seq=3868 L5 k=1 ids=[78] w=[0.1396] compute=1.82 ms ok
ds4: [t=+102528.5ms] req seq=3869 L7 k=1 ids=[226] w=[0.4210] compute=1.77 ms ok
ds4: [t=+102534.5ms] req seq=3870 L8 k=1 ids=[137] w=[0.1546] compute=1.88 ms ok
ds4: [t=+102544.3ms] req seq=3871 L11 k=2 ids=[75,241] w=[0.2099,0.2044] compute=1.75 ms ok
ds4: [t=+102551.3ms] req seq=3872 L13 k=1 ids=[123] w=[0.1881] compute=1.52 ms ok
ds4: [t=+102558.6ms] req seq=3873 L15 k=1 ids=[162] w=[0.1838] compute=1.77 ms ok
ds4: [t=+102568.7ms] req seq=3874 L18 k=1 ids=[207] w=[0.1731] compute=1.83 ms ok
ds4: [t=+102603.0ms] req seq=3875 L36 k=1 ids=[43] w=[0.1444] compute=1.86 ms ok
ds4: [t=+102629.4ms] req seq=3876 L3 k=1 ids=[215] w=[0.1112] compute=1.80 ms ok
ds4: [t=+102629.5ms] tok#395 done: 9 layer-reqs, 10 experts, compute 16.05 ms (1.78 ms/layer), wall 116.29 ms, errors=0, evict-hints=9 | cache: resident=3337/3337 slabs=3 wired=22.00 GiB mlock-fail=0 B hits=3876 misses=0 swaps=3875
ds4: [t=+102629.6ms] tok#395 experts: L3=[138] L5=[78] L7=[226] L8=[137] L11=[75,241] L13=[123] L15=[162] L18=[207] L36=[43]
ds4: [t=+102637.7ms] req seq=3877 L6 k=2 ids=[119,209] w=[0.1110,0.1095] compute=1.79 ms ok
ds4: [t=+102643.9ms] req seq=3878 L7 k=1 ids=[46] w=[0.1221] compute=1.70 ms ok
ds4: [t=+102663.3ms] req seq=3879 L14 k=1 ids=[232] w=[0.3253] compute=1.88 ms ok
ds4: [t=+102669.8ms] req seq=3880 L15 k=2 ids=[192,75] w=[0.3083,0.2787] compute=1.83 ms ok
ds4: [t=+102676.5ms] req seq=3881 L17 k=1 ids=[183] w=[0.2175] compute=1.72 ms ok
ds4: [t=+102686.0ms] req seq=3882 L21 k=1 ids=[46] w=[0.1522] compute=1.89 ms ok
ds4: [t=+102703.7ms] req seq=3883 L30 k=1 ids=[16] w=[0.1757] compute=1.74 ms ok
ds4: [t=+102717.3ms] req seq=3884 L35 k=1 ids=[198] w=[0.2530] compute=1.87 ms ok
ds4: [t=+102749.2ms] req seq=3885 L4 k=1 ids=[241] w=[0.2007] compute=1.84 ms ok
ds4: [t=+102749.4ms] tok#396 done: 9 layer-reqs, 11 experts, compute 16.21 ms (1.80 ms/layer), wall 121.76 ms, errors=0, evict-hints=9 | cache: resident=3337/3337 slabs=3 wired=22.00 GiB mlock-fail=0 B hits=3885 misses=0 swaps=3884
ds4: [t=+102749.4ms] tok#396 experts: L3=[215] L6=[119,209] L7=[46] L14=[232] L15=[192,75] L17=[183] L21=[46] L30=[16] L35=[198]
ds4: [t=+102762.4ms] req seq=3886 L10 k=1 ids=[48] w=[0.3682] compute=1.83 ms ok
ds4: [t=+102777.5ms] req seq=3887 L17 k=1 ids=[196] w=[0.2209] compute=1.79 ms ok
ds4: [t=+102784.6ms] req seq=3888 L19 k=1 ids=[235] w=[0.1165] compute=1.85 ms ok
ds4: [t=+102790.7ms] req seq=3889 L20 k=1 ids=[120] w=[0.1515] compute=1.75 ms ok
ds4: [t=+102799.2ms] req seq=3890 L23 k=1 ids=[244] w=[0.0939] compute=1.82 ms ok
ds4: [t=+102854.2ms] tok#397 done: 6 layer-reqs, 6 experts, compute 10.87 ms (1.81 ms/layer), wall 106.72 ms, errors=0, evict-hints=6 | cache: resident=3337/3337 slabs=3 wired=22.00 GiB mlock-fail=0 B hits=3890 misses=0 swaps=3890
ds4: [t=+102854.3ms] tok#397 experts: L4=[241] L10=[48] L17=[196] L19=[235] L20=[120] L23=[244]
ds4: [t=+102854.3ms] session totals: 398 tokens, 3890 layer-reqs, 4714 experts, compute 8427.20 ms total; coordinator disconnected
ds4: [t=+117320.0ms] coordinator connected; plan: 3337 experts for this worker (coordinator keeps 5562 hottest, SSD tail active on coordinator)
ds4: [t=+5075.9ms] coordinator connected; plan: 3337 experts for this worker (coordinator keeps 5562 hottest, SSD tail active on coordinator)
ds4: [t=+17720.4ms] plan installed: 3337/3337 experts wired (22.00 GiB); serving
ds4: [t=+27439.5ms] req seq=1 L3 k=1 ids=[124] w=[0.1197] compute=164.19 ms ok
ds4: [t=+27536.6ms] req seq=2 L4 k=1 ids=[113] w=[0.1472] compute=1.79 ms ok
ds4: [t=+27603.3ms] req seq=3 L5 k=1 ids=[12] w=[0.2321] compute=1.98 ms ok
ds4: [t=+28142.2ms] req seq=4 L8 k=1 ids=[20] w=[0.1114] compute=2.17 ms ok
ds4: [t=+28218.8ms] req seq=5 L9 k=3 ids=[57,15,199] w=[0.2167,0.2111,0.1713] compute=1.99 ms ok
ds4: [t=+28431.4ms] req seq=6 L11 k=2 ids=[35,83] w=[0.4434,0.0947] compute=2.15 ms ok
ds4: [t=+28510.5ms] req seq=7 L12 k=2 ids=[3,45] w=[0.1851,0.1154] compute=2.04 ms ok
ds4: [t=+28575.0ms] req seq=8 L13 k=1 ids=[112] w=[0.0625] compute=1.94 ms ok
ds4: [t=+28651.4ms] req seq=9 L14 k=1 ids=[7] w=[0.4104] compute=2.06 ms ok
ds4: [t=+28886.1ms] req seq=10 L15 k=1 ids=[95] w=[0.1053] compute=174.43 ms ok
ds4: [t=+28970.5ms] req seq=11 L16 k=4 ids=[61,155,205,30] w=[0.4077,0.3597,0.2159,0.1086] compute=1.77 ms ok
ds4: [t=+29034.5ms] req seq=12 L17 k=1 ids=[67] w=[0.0581] compute=1.67 ms ok
ds4: [t=+29174.0ms] req seq=13 L18 k=3 ids=[43,246,41] w=[0.4037,0.3572,0.1916] compute=2.14 ms ok
ds4: [t=+29768.2ms] req seq=14 L19 k=2 ids=[122,186] w=[0.2518,0.1180] compute=2.13 ms ok
ds4: [t=+29853.9ms] req seq=15 L20 k=2 ids=[149,248] w=[0.4167,0.2909] compute=2.07 ms ok
ds4: [t=+29928.7ms] req seq=16 L21 k=1 ids=[184] w=[0.2979] compute=1.67 ms ok
ds4: [t=+30144.8ms] req seq=17 L22 k=3 ids=[0,216,113] w=[0.4039,0.1021,0.0775] compute=136.13 ms ok
ds4: [t=+30233.7ms] req seq=18 L23 k=2 ids=[83,170] w=[0.7953,0.1293] compute=1.62 ms ok
ds4: [t=+30313.7ms] req seq=19 L24 k=1 ids=[152] w=[0.3389] compute=1.74 ms ok
ds4: [t=+30635.6ms] req seq=20 L25 k=1 ids=[92] w=[0.1459] compute=1.82 ms ok
ds4: [t=+30809.0ms] req seq=21 L27 k=1 ids=[222] w=[0.0596] compute=1.89 ms ok
ds4: [t=+31316.6ms] req seq=22 L28 k=2 ids=[204,247] w=[0.3507,0.1466] compute=1.88 ms ok
ds4: [t=+31470.0ms] req seq=23 L30 k=2 ids=[174,252] w=[0.9053,0.1647] compute=1.89 ms ok
ds4: [t=+31742.3ms] req seq=24 L33 k=2 ids=[195,22] w=[0.1667,0.1356] compute=2.21 ms ok
ds4: [t=+32244.9ms] req seq=25 L39 k=1 ids=[143] w=[0.4652] compute=2.13 ms ok
ds4: [t=+32392.4ms] req seq=26 L41 k=1 ids=[73] w=[0.0961] compute=1.91 ms ok
ds4: [t=+33323.3ms] req seq=27 L4 k=1 ids=[239] w=[0.1109] compute=161.20 ms ok
ds4: [t=+33323.7ms] tok#0 done: 26 layer-reqs, 43 experts, compute 519.45 ms (19.98 ms/layer), wall 6048.36 ms, errors=0, evict-hints=26 | cache: resident=3337/3337 slabs=3 wired=22.00 GiB mlock-fail=0 B hits=27 misses=0 swaps=26
ds4: [t=+33323.7ms] tok#0 experts: L3=[124] L4=[113] L5=[12] L8=[20] L9=[57,15,199] L11=[35,83] L12=[3,45] L13=[112] L14=[7] L15=[95] L16=[61,155,205,30] L17=[67] L18=[43,246,41] L19=[122,186] L20=[149,248] L21=[184] L22=[0,216,113] L23=[83,170] L24=[152] L25=[92] L27=[222] L28=[204,247] L30=[174,252] L33=[195,22] L39=[143] L41=[73]
ds4: [t=+34693.7ms] req seq=28 L8 k=1 ids=[1] w=[0.0904] compute=182.85 ms ok
ds4: [t=+34709.9ms] req seq=29 L9 k=1 ids=[241] w=[0.1531] compute=1.60 ms ok
ds4: [t=+34804.4ms] req seq=30 L11 k=1 ids=[195] w=[0.1980] compute=1.81 ms ok
ds4: [t=+34959.9ms] req seq=31 L14 k=1 ids=[108] w=[0.1006] compute=136.15 ms ok
ds4: [t=+34977.0ms] req seq=32 L15 k=1 ids=[124] w=[0.1402] compute=1.61 ms ok
ds4: [t=+35102.6ms] req seq=33 L16 k=2 ids=[30,205] w=[0.2526,0.1888] compute=1.68 ms ok
ds4: [t=+35111.8ms] req seq=34 L17 k=1 ids=[222] w=[0.0955] compute=1.63 ms ok
ds4: [t=+35121.5ms] req seq=35 L18 k=2 ids=[246,41] w=[0.3050,0.2044] compute=1.66 ms ok
ds4: [t=+35138.1ms] req seq=36 L20 k=1 ids=[248] w=[0.3035] compute=1.84 ms ok
ds4: [t=+35158.0ms] req seq=37 L22 k=1 ids=[106] w=[0.1939] compute=1.81 ms ok
ds4: [t=+35291.5ms] req seq=38 L23 k=1 ids=[0] w=[0.1790] compute=126.48 ms ok
ds4: [t=+35364.4ms] req seq=39 L24 k=1 ids=[177] w=[0.1272] compute=1.80 ms ok
ds4: [t=+35374.1ms] req seq=40 L25 k=2 ids=[12,78] w=[0.2973,0.1426] compute=1.57 ms ok
ds4: [t=+35385.0ms] req seq=41 L26 k=1 ids=[190] w=[0.1434] compute=1.56 ms ok
ds4: [t=+35432.2ms] req seq=42 L30 k=1 ids=[252] w=[0.1784] compute=1.83 ms ok
ds4: [t=+35444.8ms] req seq=43 L31 k=1 ids=[104] w=[0.1118] compute=1.65 ms ok
ds4: [t=+35456.0ms] req seq=44 L32 k=1 ids=[161] w=[0.1677] compute=1.65 ms ok
ds4: [t=+35466.1ms] req seq=45 L33 k=1 ids=[236] w=[0.4653] compute=1.68 ms ok
ds4: [t=+35652.8ms] req seq=46 L34 k=1 ids=[171] w=[0.1776] compute=2.37 ms ok
ds4: [t=+35725.6ms] req seq=47 L37 k=2 ids=[236,73] w=[0.1847,0.1286] compute=2.08 ms ok
ds4: [t=+35751.5ms] req seq=48 L39 k=1 ids=[3] w=[0.1902] compute=1.57 ms ok
ds4: [t=+35763.9ms] req seq=49 L40 k=1 ids=[198] w=[0.2247] compute=1.64 ms ok
ds4: [t=+35784.3ms] req seq=50 L42 k=1 ids=[158] w=[0.1628] compute=1.60 ms ok
ds4: [t=+36163.1ms] req seq=51 L3 k=1 ids=[191] w=[0.2814] compute=174.30 ms ok
ds4: [t=+36163.2ms] tok#1 done: 24 layer-reqs, 28 experts, compute 641.32 ms (26.72 ms/layer), wall 3001.02 ms, errors=0, evict-hints=24 | cache: resident=3337/3337 slabs=3 wired=22.00 GiB mlock-fail=0 B hits=51 misses=0 swaps=50
ds4: [t=+36163.2ms] tok#1 experts: L4=[239] L8=[1] L9=[241] L11=[195] L14=[108] L15=[124] L16=[30,205] L17=[222] L18=[246,41] L20=[248] L22=[106] L23=[0] L24=[177] L25=[12,78] L26=[190] L30=[252] L31=[104] L32=[161] L33=[236] L34=[171] L37=[236,73] L39=[3] L40=[198] L42=[158]
ds4: [t=+36396.8ms] req seq=52 L10 k=1 ids=[107] w=[0.0992] compute=2.22 ms ok
ds4: [t=+36404.5ms] req seq=53 L11 k=1 ids=[1] w=[0.2170] compute=1.80 ms ok
ds4: [t=+36591.6ms] req seq=54 L14 k=1 ids=[152] w=[0.2228] compute=169.29 ms ok
ds4: [t=+36602.3ms] req seq=55 L15 k=1 ids=[127] w=[0.1404] compute=1.62 ms ok
ds4: [t=+36611.4ms] req seq=56 L16 k=1 ids=[244] w=[0.3352] compute=1.59 ms ok
ds4: [t=+36704.2ms] req seq=57 L17 k=1 ids=[3] w=[0.2908] compute=1.80 ms ok
ds4: [t=+36715.1ms] req seq=58 L18 k=2 ids=[23,41] w=[0.2371,0.1818] compute=1.62 ms ok
ds4: [t=+36741.1ms] req seq=59 L21 k=2 ids=[167,146] w=[0.2908,0.2089] compute=1.65 ms ok
ds4: [t=+36812.2ms] req seq=60 L24 k=2 ids=[203,90] w=[0.2515,0.1935] compute=2.18 ms ok
ds4: [t=+36884.2ms] req seq=61 L33 k=1 ids=[221] w=[0.1780] compute=2.07 ms ok
ds4: [t=+36890.8ms] req seq=62 L34 k=2 ids=[30,191] w=[0.2135,0.2121] compute=1.80 ms ok
ds4: [t=+36901.5ms] req seq=63 L37 k=1 ids=[42] w=[0.2387] compute=1.86 ms ok
ds4: [t=+36930.2ms] req seq=64 L3 k=3 ids=[59,3,56] w=[0.3418,0.1960,0.1509] compute=1.91 ms ok
ds4: [t=+36930.3ms] tok#2 done: 13 layer-reqs, 17 experts, compute 363.80 ms (27.98 ms/layer), wall 941.50 ms, errors=0, evict-hints=13 | cache: resident=3337/3337 slabs=3 wired=22.00 GiB mlock-fail=0 B hits=64 misses=0 swaps=63
ds4: [t=+36930.4ms] tok#2 experts: L3=[191] L10=[107] L11=[1] L14=[152] L15=[127] L16=[244] L17=[3] L18=[23,41] L21=[167,146] L24=[203,90] L33=[221] L34=[30,191] L37=[42]
ds4: [t=+36936.8ms] req seq=65 L4 k=1 ids=[24] w=[0.1576] compute=1.84 ms ok
ds4: [t=+36943.3ms] req seq=66 L5 k=3 ids=[252,63,34] w=[0.3510,0.2169,0.1252] compute=1.90 ms ok
ds4: [t=+36949.6ms] req seq=67 L6 k=1 ids=[76] w=[0.1050] compute=1.83 ms ok
ds4: [t=+36968.8ms] req seq=68 L12 k=1 ids=[218] w=[0.1239] compute=1.86 ms ok
ds4: [t=+36975.1ms] req seq=69 L13 k=1 ids=[38] w=[0.1375] compute=1.84 ms ok
ds4: [t=+36981.4ms] req seq=70 L14 k=2 ids=[19,88] w=[0.1963,0.1661] compute=1.83 ms ok
ds4: [t=+36987.1ms] req seq=71 L15 k=1 ids=[38] w=[0.1286] compute=1.78 ms ok
ds4: [t=+36992.7ms] req seq=72 L16 k=3 ids=[15,205,20] w=[0.2605,0.2342,0.2368] compute=1.79 ms ok
ds4: [t=+36999.2ms] req seq=73 L17 k=3 ids=[110,147,5] w=[0.1918,0.1653,0.1698] compute=1.80 ms ok
ds4: [t=+37009.1ms] req seq=74 L20 k=2 ids=[21,151] w=[0.1970,0.1745] compute=1.79 ms ok
ds4: [t=+37023.3ms] req seq=75 L23 k=2 ids=[170,187] w=[0.2025,0.1973] compute=1.82 ms ok
ds4: [t=+37032.7ms] req seq=76 L25 k=1 ids=[44] w=[0.2385] compute=1.88 ms ok
ds4: [t=+37082.6ms] req seq=77 L36 k=1 ids=[216] w=[0.2431] compute=2.06 ms ok
ds4: [t=+37088.9ms] req seq=78 L37 k=1 ids=[1] w=[0.4137] compute=1.81 ms ok
ds4: [t=+37101.2ms] req seq=79 L39 k=1 ids=[69] w=[0.2545] compute=1.87 ms ok
ds4: [t=+37115.4ms] req seq=80 L42 k=1 ids=[142] w=[0.1982] compute=1.88 ms ok
ds4: [t=+37137.2ms] req seq=81 L3 k=1 ids=[150] w=[0.1892] compute=1.86 ms ok
ds4: [t=+37137.3ms] tok#3 done: 17 layer-reqs, 28 experts, compute 31.50 ms (1.85 ms/layer), wall 208.92 ms, errors=0, evict-hints=17 | cache: resident=3337/3337 slabs=3 wired=22.00 GiB mlock-fail=0 B hits=81 misses=0 swaps=80
ds4: [t=+37137.3ms] tok#3 experts: L3=[59,3,56] L4=[24] L5=[252,63,34] L6=[76] L12=[218] L13=[38] L14=[19,88] L15=[38] L16=[15,205,20] L17=[110,147,5] L20=[21,151] L23=[170,187] L25=[44] L36=[216] L37=[1] L39=[69] L42=[142]
ds4: [t=+37146.3ms] req seq=82 L5 k=1 ids=[63] w=[0.2107] compute=1.84 ms ok
ds4: [t=+37160.4ms] req seq=83 L7 k=1 ids=[13] w=[0.1418] compute=1.85 ms ok
ds4: [t=+37170.4ms] req seq=84 L10 k=1 ids=[26] w=[0.1143] compute=1.81 ms ok
ds4: [t=+37180.1ms] req seq=85 L13 k=1 ids=[125] w=[0.1795] compute=1.87 ms ok
ds4: [t=+37187.5ms] req seq=86 L15 k=3 ids=[206,113,188] w=[0.2562,0.1866,0.1719] compute=1.82 ms ok
ds4: [t=+37194.1ms] req seq=87 L16 k=1 ids=[144] w=[0.1892] compute=1.85 ms ok
ds4: [t=+37205.2ms] req seq=88 L19 k=1 ids=[87] w=[0.1291] compute=1.87 ms ok
ds4: [t=+37211.5ms] req seq=89 L20 k=1 ids=[1] w=[0.1862] compute=1.84 ms ok
ds4: [t=+37218.3ms] req seq=90 L21 k=2 ids=[178,133] w=[0.2330,0.2047] compute=1.80 ms ok
ds4: [t=+37227.1ms] req seq=91 L23 k=1 ids=[77] w=[0.2117] compute=1.87 ms ok
ds4: [t=+37233.7ms] req seq=92 L24 k=2 ids=[90,235] w=[0.3025,0.1871] compute=1.80 ms ok
ds4: [t=+37240.9ms] req seq=93 L25 k=1 ids=[48] w=[0.2212] compute=1.78 ms ok
ds4: [t=+37257.6ms] req seq=94 L27 k=1 ids=[117] w=[0.1755] compute=1.90 ms ok
ds4: [t=+37271.5ms] req seq=95 L29 k=1 ids=[225] w=[0.2314] compute=1.89 ms ok
ds4: [t=+37278.0ms] req seq=96 L30 k=1 ids=[171] w=[0.1779] compute=1.87 ms ok
ds4: [t=+37290.3ms] req seq=97 L32 k=1 ids=[228] w=[0.2448] compute=1.88 ms ok
ds4: [t=+37298.9ms] req seq=98 L34 k=1 ids=[191] w=[0.1734] compute=1.87 ms ok
ds4: [t=+37310.5ms] req seq=99 L36 k=1 ids=[3] w=[0.2116] compute=1.89 ms ok
ds4: [t=+37358.9ms] req seq=100 L0 k=1 ids=[33] w=[0.3940] compute=2.14 ms ok
ds4: [t=+37359.1ms] tok#4 done: 19 layer-reqs, 23 experts, compute 35.17 ms (1.85 ms/layer), wall 223.71 ms, errors=0, evict-hints=19 | cache: resident=3337/3337 slabs=3 wired=22.00 GiB mlock-fail=0 B hits=100 misses=0 swaps=99
ds4: [t=+37359.1ms] tok#4 experts: L3=[150] L5=[63] L7=[13] L10=[26] L13=[125] L15=[206,113,188] L16=[144] L19=[87] L20=[1] L21=[178,133] L23=[77] L24=[90,235] L25=[48] L27=[117] L29=[225] L30=[171] L32=[228] L34=[191] L36=[3]
ds4: [t=+37381.2ms] req seq=101 L5 k=1 ids=[34] w=[0.2175] compute=1.61 ms ok
ds4: [t=+37386.9ms] req seq=102 L6 k=1 ids=[3] w=[0.1551] compute=1.54 ms ok
ds4: [t=+37393.0ms] req seq=103 L7 k=1 ids=[151] w=[0.2976] compute=1.57 ms ok
ds4: [t=+37416.0ms] req seq=104 L12 k=2 ids=[18,174] w=[0.1471,0.1439] compute=1.68 ms ok
ds4: [t=+37428.0ms] req seq=105 L15 k=2 ids=[183,2] w=[0.2258,0.1789] compute=1.65 ms ok
ds4: [t=+37440.0ms] req seq=106 L17 k=2 ids=[91,142] w=[0.2882,0.2367] compute=1.58 ms ok
ds4: [t=+37451.0ms] req seq=107 L19 k=1 ids=[173] w=[0.1202] compute=1.61 ms ok
ds4: [t=+37478.4ms] req seq=108 L23 k=2 ids=[141,252] w=[0.1426,0.1280] compute=1.78 ms ok
ds4: [t=+37490.3ms] req seq=109 L25 k=1 ids=[86] w=[0.2006] compute=1.58 ms ok
ds4: [t=+37513.4ms] req seq=110 L29 k=1 ids=[129] w=[0.1894] compute=1.78 ms ok
ds4: [t=+37550.8ms] req seq=111 L33 k=1 ids=[60] w=[0.2468] compute=1.76 ms ok
ds4: [t=+37576.6ms] req seq=112 L37 k=1 ids=[29] w=[0.1973] compute=1.87 ms ok
ds4: [t=+37591.4ms] req seq=113 L39 k=1 ids=[110] w=[0.2437] compute=1.67 ms ok
ds4: [t=+37619.9ms] req seq=114 L3 k=1 ids=[197] w=[0.1387] compute=1.91 ms ok
ds4: [t=+37620.0ms] tok#5 done: 14 layer-reqs, 18 experts, compute 23.84 ms (1.70 ms/layer), wall 263.18 ms, errors=0, evict-hints=14 | cache: resident=3337/3337 slabs=3 wired=22.00 GiB mlock-fail=0 B hits=114 misses=0 swaps=113
ds4: [t=+37620.0ms] tok#5 experts: L0=[33] L5=[34] L6=[3] L7=[151] L12=[18,174] L15=[183,2] L17=[91,142] L19=[173] L23=[141,252] L25=[86] L29=[129] L33=[60] L37=[29] L39=[110]
ds4: [t=+37643.3ms] req seq=115 L9 k=3 ids=[65,34,30] w=[0.3783,0.1486,0.1441] compute=2.00 ms ok
ds4: [t=+37650.3ms] req seq=116 L10 k=2 ids=[113,80] w=[0.1389,0.1258] compute=1.89 ms ok
ds4: [t=+37656.4ms] req seq=117 L11 k=1 ids=[42] w=[0.1172] compute=1.81 ms ok
ds4: [t=+37662.8ms] req seq=118 L12 k=2 ids=[174,193] w=[0.2336,0.1692] compute=1.87 ms ok
ds4: [t=+37668.8ms] req seq=119 L13 k=1 ids=[216] w=[0.1771] compute=1.80 ms ok
ds4: [t=+37675.9ms] req seq=120 L15 k=2 ids=[113,88] w=[0.2481,0.2253] compute=1.79 ms ok
ds4: [t=+37682.0ms] req seq=121 L16 k=2 ids=[140,180] w=[0.1442,0.1364] compute=1.82 ms ok
ds4: [t=+37688.2ms] req seq=122 L17 k=2 ids=[142,189] w=[0.2700,0.1989] compute=1.79 ms ok
ds4: [t=+37701.7ms] req seq=123 L19 k=1 ids=[219] w=[0.2126] compute=1.90 ms ok
ds4: [t=+37708.5ms] req seq=124 L20 k=1 ids=[107] w=[0.2266] compute=1.78 ms ok
ds4: [t=+37714.9ms] req seq=125 L21 k=2 ids=[131,146] w=[0.2105,0.1534] compute=1.87 ms ok
ds4: [t=+37721.6ms] req seq=126 L22 k=2 ids=[221,147] w=[0.2207,0.1962] compute=1.85 ms ok
ds4: [t=+37727.5ms] req seq=127 L23 k=1 ids=[80] w=[0.3407] compute=1.82 ms ok
ds4: [t=+37733.9ms] req seq=128 L24 k=1 ids=[66] w=[0.1661] compute=1.81 ms ok
ds4: [t=+37742.8ms] req seq=129 L26 k=1 ids=[122] w=[0.1336] compute=1.78 ms ok
ds4: [t=+37757.9ms] req seq=130 L30 k=1 ids=[0] w=[0.2864] compute=1.83 ms ok
ds4: [t=+37769.6ms] req seq=131 L33 k=1 ids=[13] w=[0.2379] compute=1.91 ms ok
ds4: [t=+37784.0ms] req seq=132 L37 k=1 ids=[12] w=[0.2209] compute=1.90 ms ok
ds4: [t=+37792.3ms] req seq=133 L39 k=1 ids=[184] w=[0.2231] compute=1.79 ms ok
ds4: [t=+37798.9ms] req seq=134 L40 k=1 ids=[252] w=[0.2647] compute=1.77 ms ok
ds4: [t=+37846.6ms] req seq=135 L14 k=1 ids=[88] w=[0.1402] compute=2.03 ms ok
ds4: [t=+37846.7ms] tok#6 done: 21 layer-reqs, 30 experts, compute 38.68 ms (1.84 ms/layer), wall 228.70 ms, errors=0, evict-hints=21 | cache: resident=3337/3337 slabs=3 wired=22.00 GiB mlock-fail=0 B hits=135 misses=0 swaps=134
ds4: [t=+37846.7ms] tok#6 experts: L3=[197] L9=[65,34,30] L10=[113,80] L11=[42] L12=[174,193] L13=[216] L15=[113,88] L16=[140,180] L17=[142,189] L19=[219] L20=[107] L21=[131,146] L22=[221,147] L23=[80] L24=[66] L26=[122] L30=[0] L33=[13] L37=[12] L39=[184] L40=[252]
ds4: [t=+37852.8ms] req seq=136 L15 k=2 ids=[226,88] w=[0.3372,0.1657] compute=1.87 ms ok
ds4: [t=+37858.9ms] req seq=137 L16 k=1 ids=[205] w=[0.1522] compute=1.80 ms ok
ds4: [t=+37864.5ms] req seq=138 L17 k=2 ids=[189,194] w=[0.2548,0.2054] compute=1.77 ms ok
ds4: [t=+37871.8ms] req seq=139 L19 k=2 ids=[235,24] w=[0.2079,0.1766] compute=1.79 ms ok
ds4: [t=+37878.6ms] req seq=140 L20 k=1 ids=[0] w=[0.2193] compute=1.83 ms ok
ds4: [t=+37884.5ms] req seq=141 L21 k=1 ids=[146] w=[0.1915] compute=1.79 ms ok
ds4: [t=+37891.4ms] req seq=142 L23 k=2 ids=[53,109] w=[0.3261,0.1924] compute=1.77 ms ok
ds4: [t=+37897.2ms] req seq=143 L24 k=1 ids=[12] w=[0.2162] compute=1.83 ms ok
ds4: [t=+37951.6ms] req seq=144 L34 k=1 ids=[122] w=[0.1676] compute=2.07 ms ok
ds4: [t=+37962.2ms] req seq=145 L35 k=2 ids=[7,218] w=[0.1713,0.1553] compute=1.79 ms ok
ds4: [t=+37984.8ms] req seq=146 L38 k=1 ids=[140] w=[0.2928] compute=1.90 ms ok
ds4: [t=+38029.1ms] req seq=147 L3 k=1 ids=[202] w=[0.2195] compute=2.05 ms ok
ds4: [t=+38029.2ms] tok#7 done: 12 layer-reqs, 17 experts, compute 22.25 ms (1.85 ms/layer), wall 184.68 ms, errors=0, evict-hints=12 | cache: resident=3337/3337 slabs=3 wired=22.00 GiB mlock-fail=0 B hits=147 misses=0 swaps=146
ds4: [t=+38029.3ms] tok#7 experts: L14=[88] L15=[226,88] L16=[205] L17=[189,194] L19=[235,24] L20=[0] L21=[146] L23=[53,109] L24=[12] L34=[122] L35=[7,218] L38=[140]
ds4: [t=+38036.6ms] req seq=148 L5 k=1 ids=[23] w=[0.1842] compute=1.85 ms ok
ds4: [t=+38058.9ms] req seq=149 L12 k=1 ids=[157] w=[0.1195] compute=1.93 ms ok
ds4: [t=+38069.2ms] req seq=150 L14 k=1 ids=[74] w=[0.1288] compute=1.49 ms ok
ds4: [t=+38075.1ms] req seq=151 L15 k=1 ids=[9] w=[0.1540] compute=1.54 ms ok
ds4: [t=+38085.8ms] req seq=152 L18 k=1 ids=[41] w=[0.1749] compute=1.51 ms ok
ds4: [t=+38095.3ms] req seq=153 L19 k=2 ids=[57,172] w=[0.1302,0.1232] compute=1.64 ms ok
ds4: [t=+38104.2ms] req seq=154 L20 k=1 ids=[177] w=[0.1758] compute=1.48 ms ok
ds4: [t=+38112.4ms] req seq=155 L21 k=1 ids=[243] w=[0.1185] compute=1.63 ms ok
ds4: [t=+38120.7ms] req seq=156 L22 k=1 ids=[82] w=[0.2744] compute=1.48 ms ok
ds4: [t=+38128.2ms] req seq=157 L23 k=1 ids=[196] w=[0.0459] compute=1.61 ms ok
ds4: [t=+38139.3ms] req seq=158 L24 k=1 ids=[205] w=[0.1535] compute=1.59 ms ok
ds4: [t=+38176.1ms] req seq=159 L30 k=1 ids=[201] w=[0.1139] compute=1.77 ms ok
ds4: [t=+38185.2ms] req seq=160 L31 k=1 ids=[79] w=[0.2042] compute=1.45 ms ok
ds4: [t=+38192.7ms] req seq=161 L32 k=1 ids=[127] w=[0.2837] compute=1.63 ms ok
ds4: [t=+38202.6ms] req seq=162 L33 k=1 ids=[1] w=[0.1800] compute=1.74 ms ok
ds4: [t=+38211.9ms] req seq=163 L34 k=2 ids=[115,64] w=[0.3162,0.2477] compute=1.74 ms ok
ds4: [t=+38218.6ms] req seq=164 L35 k=2 ids=[218,59] w=[0.2244,0.1980] compute=1.75 ms ok
ds4: [t=+38226.6ms] req seq=165 L36 k=1 ids=[4] w=[0.2461] compute=1.96 ms ok
ds4: [t=+38234.4ms] req seq=166 L37 k=1 ids=[73] w=[0.2170] compute=1.82 ms ok
ds4: [t=+38246.1ms] req seq=167 L39 k=1 ids=[73] w=[0.3978] compute=2.95 ms ok
ds4: [t=+38257.8ms] req seq=168 L41 k=1 ids=[108] w=[0.4270] compute=1.90 ms ok
ds4: [t=+38283.4ms] req seq=169 L4 k=1 ids=[197] w=[0.3954] compute=1.94 ms ok
ds4: [t=+38283.5ms] tok#8 done: 22 layer-reqs, 25 experts, compute 38.49 ms (1.75 ms/layer), wall 256.34 ms, errors=0, evict-hints=22 | cache: resident=3337/3337 slabs=3 wired=22.00 GiB mlock-fail=0 B hits=169 misses=0 swaps=168
ds4: [t=+38283.5ms] tok#8 experts: L3=[202] L5=[23] L12=[157] L14=[74] L15=[9] L18=[41] L19=[57,172] L20=[177] L21=[243] L22=[82] L23=[196] L24=[205] L30=[201] L31=[79] L32=[127] L33=[1] L34=[115,64] L35=[218,59] L36=[4] L37=[73] L39=[73] L41=[108]
ds4: [t=+38289.4ms] req seq=170 L5 k=1 ids=[86] w=[0.1419] compute=1.75 ms ok
ds4: [t=+38296.9ms] req seq=171 L6 k=2 ids=[78,98] w=[0.3105,0.1769] compute=1.83 ms ok
ds4: [t=+38303.4ms] req seq=172 L7 k=2 ids=[159,24] w=[0.3583,0.3149] compute=1.81 ms ok
ds4: [t=+38310.0ms] req seq=173 L8 k=1 ids=[199] w=[0.1607] compute=1.84 ms ok
ds4: [t=+38316.5ms] req seq=174 L9 k=1 ids=[5] w=[0.2449] compute=1.77 ms ok
ds4: [t=+38327.7ms] req seq=175 L11 k=3 ids=[12,189,75] w=[0.3618,0.2366,0.1535] compute=1.90 ms ok
ds4: [t=+38334.6ms] req seq=176 L12 k=3 ids=[130,227,160] w=[0.5419,0.1640,0.1569] compute=1.87 ms ok
ds4: [t=+38341.8ms] req seq=177 L13 k=2 ids=[251,50] w=[0.3791,0.1869] compute=1.83 ms ok
ds4: [t=+38349.5ms] req seq=178 L14 k=2 ids=[249,219] w=[0.1928,0.1845] compute=1.84 ms ok
ds4: [t=+38356.3ms] req seq=179 L15 k=1 ids=[209] w=[0.1996] compute=1.81 ms ok
ds4: [t=+38362.6ms] req seq=180 L16 k=1 ids=[156] w=[0.1416] compute=1.88 ms ok
ds4: [t=+38369.0ms] req seq=181 L17 k=2 ids=[245,255] w=[0.2413,0.2175] compute=1.82 ms ok
ds4: [t=+38376.8ms] req seq=182 L19 k=1 ids=[213] w=[0.1328] compute=1.87 ms ok
ds4: [t=+38383.2ms] req seq=183 L20 k=1 ids=[151] w=[0.1899] compute=1.83 ms ok
ds4: [t=+38392.9ms] req seq=184 L22 k=3 ids=[136,240,147] w=[0.3773,0.2113,0.1910] compute=1.88 ms ok
ds4: [t=+38403.3ms] req seq=185 L24 k=2 ids=[254,214] w=[0.3905,0.2667] compute=1.85 ms ok
ds4: [t=+38416.1ms] req seq=186 L26 k=1 ids=[232] w=[0.3087] compute=1.91 ms ok
ds4: [t=+38433.0ms] req seq=187 L29 k=1 ids=[100] w=[0.2112] compute=1.91 ms ok
ds4: [t=+38448.9ms] req seq=188 L32 k=1 ids=[135] w=[0.2254] compute=1.90 ms ok
ds4: [t=+38475.9ms] req seq=189 L37 k=1 ids=[132] w=[0.2201] compute=1.57 ms ok
ds4: [t=+38493.9ms] req seq=190 L40 k=1 ids=[119] w=[0.1904] compute=1.61 ms ok
ds4: [t=+38500.4ms] req seq=191 L41 k=1 ids=[174] w=[0.1807] compute=1.60 ms ok
ds4: [t=+38507.5ms] req seq=192 L42 k=2 ids=[12,126] w=[0.2371,0.2226] compute=1.57 ms ok
ds4: [t=+38530.4ms] req seq=193 L7 k=2 ids=[62,42] w=[0.1803,0.1642] compute=1.61 ms ok
ds4: [t=+38530.5ms] tok#9 done: 24 layer-reqs, 37 experts, compute 43.38 ms (1.81 ms/layer), wall 249.06 ms, errors=0, evict-hints=24 | cache: resident=3337/3337 slabs=3 wired=22.00 GiB mlock-fail=0 B hits=193 misses=0 swaps=192
ds4: [t=+38530.6ms] tok#9 experts: L4=[197] L5=[86] L6=[78,98] L7=[159,24] L8=[199] L9=[5] L11=[12,189,75] L12=[130,227,160] L13=[251,50] L14=[249,219] L15=[209] L16=[156] L17=[245,255] L19=[213] L20=[151] L22=[136,240,147] L24=[254,214] L26=[232] L29=[100] L32=[135] L37=[132] L40=[119] L41=[174] L42=[12,126]
ds4: [t=+38543.1ms] req seq=194 L11 k=1 ids=[29] w=[0.2061] compute=1.64 ms ok
ds4: [t=+38549.1ms] req seq=195 L12 k=2 ids=[30,160] w=[0.2381,0.2206] compute=1.57 ms ok
ds4: [t=+38554.7ms] req seq=196 L13 k=2 ids=[50,64] w=[0.3087,0.1959] compute=1.51 ms ok
ds4: [t=+38560.7ms] req seq=197 L14 k=2 ids=[234,127] w=[0.2146,0.1753] compute=1.62 ms ok
ds4: [t=+38574.2ms] req seq=198 L19 k=1 ids=[184] w=[0.1524] compute=1.49 ms ok
ds4: [t=+38585.6ms] req seq=199 L23 k=1 ids=[174] w=[0.1240] compute=1.63 ms ok
ds4: [t=+38593.5ms] req seq=200 L25 k=1 ids=[117] w=[0.2356] compute=1.74 ms ok
ds4: [t=+38599.8ms] req seq=201 L26 k=1 ids=[158] w=[0.1931] compute=1.54 ms ok
ds4: [t=+38658.8ms] req seq=202 L39 k=1 ids=[9] w=[0.2074] compute=1.94 ms ok
ds4: [t=+38668.1ms] req seq=203 L41 k=1 ids=[8] w=[0.2327] compute=1.73 ms ok
ds4: [t=+38673.9ms] req seq=204 L42 k=1 ids=[126] w=[0.2211] compute=1.70 ms ok
ds4: [t=+38688.6ms] req seq=205 L3 k=1 ids=[73] w=[0.2150] compute=1.74 ms ok
ds4: [t=+38688.7ms] tok#10 done: 12 layer-reqs, 16 experts, compute 19.71 ms (1.64 ms/layer), wall 159.82 ms, errors=0, evict-hints=12 | cache: resident=3337/3337 slabs=3 wired=22.00 GiB mlock-fail=0 B hits=205 misses=0 swaps=204
ds4: [t=+38688.7ms] tok#10 experts: L7=[62,42] L11=[29] L12=[30,160] L13=[50,64] L14=[234,127] L19=[184] L23=[174] L25=[117] L26=[158] L39=[9] L41=[8] L42=[126]
ds4: [t=+38701.4ms] req seq=206 L7 k=1 ids=[24] w=[0.2994] compute=1.89 ms ok
ds4: [t=+38715.1ms] req seq=207 L11 k=1 ids=[81] w=[0.1947] compute=1.85 ms ok
ds4: [t=+38726.8ms] req seq=208 L14 k=2 ids=[127,63] w=[0.2111,0.1728] compute=1.85 ms ok
ds4: [t=+38733.2ms] req seq=209 L15 k=2 ids=[101,18] w=[0.2486,0.1688] compute=1.86 ms ok
ds4: [t=+38739.3ms] req seq=210 L16 k=1 ids=[126] w=[0.2824] compute=1.77 ms ok
ds4: [t=+38745.3ms] req seq=211 L17 k=1 ids=[255] w=[0.2081] compute=1.98 ms ok
ds4: [t=+38752.2ms] req seq=212 L19 k=1 ids=[153] w=[0.2463] compute=1.81 ms ok
ds4: [t=+38757.9ms] req seq=213 L20 k=1 ids=[87] w=[0.1688] compute=1.70 ms ok
ds4: [t=+38764.3ms] req seq=214 L21 k=1 ids=[11] w=[0.2538] compute=1.81 ms ok
ds4: [t=+38770.0ms] req seq=215 L22 k=1 ids=[203] w=[0.2170] compute=1.66 ms ok
ds4: [t=+38777.0ms] req seq=216 L23 k=3 ids=[15,3,252] w=[0.2105,0.2100,0.1965] compute=1.82 ms ok
ds4: [t=+38783.5ms] req seq=217 L24 k=1 ids=[214] w=[0.3798] compute=1.77 ms ok
ds4: [t=+38792.3ms] req seq=218 L26 k=1 ids=[186] w=[0.2084] compute=1.78 ms ok
ds4: [t=+38805.5ms] req seq=219 L29 k=1 ids=[3] w=[0.3396] compute=1.76 ms ok
ds4: [t=+38844.0ms] req seq=220 L37 k=1 ids=[211] w=[0.2367] compute=1.87 ms ok
ds4: [t=+38858.3ms] req seq=221 L39 k=2 ids=[114,23] w=[0.2239,0.2247] compute=1.82 ms ok
ds4: [t=+38871.9ms] req seq=222 L41 k=1 ids=[1] w=[0.1662] compute=1.88 ms ok
ds4: [t=+38895.1ms] req seq=223 L4 k=1 ids=[65] w=[0.1499] compute=1.92 ms ok
ds4: [t=+38895.3ms] tok#11 done: 18 layer-reqs, 23 experts, compute 32.62 ms (1.81 ms/layer), wall 208.41 ms, errors=0, evict-hints=18 | cache: resident=3337/3337 slabs=3 wired=22.00 GiB mlock-fail=0 B hits=223 misses=0 swaps=222
ds4: [t=+38895.3ms] tok#11 experts: L3=[73] L7=[24] L11=[81] L14=[127,63] L15=[101,18] L16=[126] L17=[255] L19=[153] L20=[87] L21=[11] L22=[203] L23=[15,3,252] L24=[214] L26=[186] L29=[3] L37=[211] L39=[114,23] L41=[1]
ds4: [t=+38903.0ms] req seq=224 L6 k=1 ids=[98] w=[0.1821] compute=1.83 ms ok
ds4: [t=+38911.8ms] req seq=225 L9 k=1 ids=[13] w=[0.1527] compute=1.85 ms ok
ds4: [t=+38920.6ms] req seq=226 L12 k=1 ids=[160] w=[0.1783] compute=1.86 ms ok
ds4: [t=+38928.3ms] req seq=227 L14 k=1 ids=[63] w=[0.1813] compute=1.87 ms ok
ds4: [t=+38943.8ms] req seq=228 L18 k=3 ids=[75,31,175] w=[0.2017,0.1869,0.1858] compute=1.92 ms ok
ds4: [t=+38950.4ms] req seq=229 L19 k=1 ids=[55] w=[0.1524] compute=1.86 ms ok
ds4: [t=+38958.8ms] req seq=230 L21 k=1 ids=[197] w=[0.2023] compute=1.86 ms ok
ds4: [t=+38965.0ms] req seq=231 L22 k=1 ids=[235] w=[0.2145] compute=1.74 ms ok
ds4: [t=+38975.2ms] req seq=232 L24 k=1 ids=[243] w=[0.1983] compute=1.88 ms ok
ds4: [t=+38993.9ms] req seq=233 L28 k=1 ids=[61] w=[0.2927] compute=1.91 ms ok
ds4: [t=+39018.5ms] req seq=234 L33 k=1 ids=[12] w=[0.2343] compute=1.90 ms ok
ds4: [t=+39028.3ms] req seq=235 L35 k=1 ids=[18] w=[0.2105] compute=1.89 ms ok
ds4: [t=+39063.3ms] req seq=236 L42 k=1 ids=[143] w=[0.1813] compute=1.94 ms ok
ds4: [t=+39074.8ms] req seq=237 L0 k=1 ids=[47] w=[0.3568] compute=1.81 ms ok
ds4: [t=+39074.9ms] tok#12 done: 14 layer-reqs, 16 experts, compute 26.21 ms (1.87 ms/layer), wall 181.65 ms, errors=0, evict-hints=14 | cache: resident=3337/3337 slabs=3 wired=22.00 GiB mlock-fail=0 B hits=237 misses=0 swaps=236
ds4: [t=+39074.9ms] tok#12 experts: L4=[65] L6=[98] L9=[13] L12=[160] L14=[63] L18=[75,31,175] L19=[55] L21=[197] L22=[235] L24=[243] L28=[61] L33=[12] L35=[18] L42=[143]
ds4: [t=+39086.5ms] req seq=238 L3 k=1 ids=[225] w=[0.2862] compute=1.92 ms ok
ds4: [t=+39096.2ms] req seq=239 L5 k=3 ids=[41,122,188] w=[0.2754,0.2470,0.2313] compute=1.87 ms ok
ds4: [t=+39106.6ms] req seq=240 L7 k=1 ids=[68] w=[0.2663] compute=1.78 ms ok
ds4: [t=+39116.9ms] req seq=241 L9 k=1 ids=[89] w=[0.1112] compute=1.85 ms ok
ds4: [t=+39124.8ms] req seq=242 L10 k=3 ids=[35,174,238] w=[0.4482,0.1513,0.1140] compute=1.86 ms ok
ds4: [t=+39131.2ms] req seq=243 L11 k=1 ids=[189] w=[0.4054] compute=1.89 ms ok
ds4: [t=+39137.9ms] req seq=244 L12 k=2 ids=[93,23] w=[0.2139,0.2134] compute=1.85 ms ok
ds4: [t=+39144.2ms] req seq=245 L13 k=1 ids=[64] w=[0.1253] compute=1.82 ms ok
ds4: [t=+39150.1ms] req seq=246 L14 k=1 ids=[219] w=[0.2122] compute=1.80 ms ok
ds4: [t=+39156.4ms] req seq=247 L15 k=1 ids=[32] w=[0.2086] compute=1.74 ms ok
ds4: [t=+39164.7ms] req seq=248 L16 k=2 ids=[247,81] w=[0.1676,0.1624] compute=1.80 ms ok
ds4: [t=+39172.9ms] req seq=249 L17 k=1 ids=[249] w=[0.1745] compute=1.77 ms ok
ds4: [t=+39179.8ms] req seq=250 L18 k=1 ids=[31] w=[0.1743] compute=1.84 ms ok
ds4: [t=+39185.8ms] req seq=251 L19 k=1 ids=[19] w=[0.2828] compute=1.76 ms ok
ds4: [t=+39198.4ms] req seq=252 L22 k=1 ids=[240] w=[0.1607] compute=1.86 ms ok
ds4: [t=+39206.6ms] req seq=253 L23 k=2 ids=[194,3] w=[0.2748,0.1842] compute=1.88 ms ok
ds4: [t=+39214.7ms] req seq=254 L24 k=1 ids=[81] w=[0.2418] compute=1.82 ms ok
ds4: [t=+39237.9ms] req seq=255 L29 k=1 ids=[164] w=[0.1885] compute=1.89 ms ok
ds4: [t=+39278.4ms] req seq=256 L37 k=2 ids=[33,56] w=[0.2957,0.1986] compute=1.89 ms ok
ds4: [t=+39298.1ms] req seq=257 L41 k=1 ids=[22] w=[0.1733] compute=1.88 ms ok
ds4: [t=+39333.5ms] req seq=258 L7 k=1 ids=[18] w=[0.1241] compute=1.87 ms ok
ds4: [t=+39333.6ms] tok#13 done: 21 layer-reqs, 29 experts, compute 38.57 ms (1.84 ms/layer), wall 260.58 ms, errors=0, evict-hints=21 | cache: resident=3337/3337 slabs=3 wired=22.00 GiB mlock-fail=0 B hits=258 misses=0 swaps=257
ds4: [t=+39333.6ms] tok#13 experts: L0=[47] L3=[225] L5=[41,122,188] L7=[68] L9=[89] L10=[35,174,238] L11=[189] L12=[93,23] L13=[64] L14=[219] L15=[32] L16=[247,81] L17=[249] L18=[31] L19=[19] L22=[240] L23=[194,3] L24=[81] L29=[164] L37=[33,56] L41=[22]
ds4: [t=+39352.4ms] req seq=259 L13 k=1 ids=[19] w=[0.1433] compute=1.83 ms ok
ds4: [t=+39358.9ms] req seq=260 L14 k=1 ids=[109] w=[0.1442] compute=1.79 ms ok
ds4: [t=+39364.9ms] req seq=261 L15 k=2 ids=[138,227] w=[0.1307,0.1197] compute=1.80 ms ok
ds4: [t=+39371.2ms] req seq=262 L16 k=1 ids=[20] w=[0.1635] compute=1.79 ms ok
ds4: [t=+39377.3ms] req seq=263 L17 k=1 ids=[12] w=[0.1414] compute=1.84 ms ok
ds4: [t=+39386.1ms] req seq=264 L19 k=2 ids=[107,201] w=[0.1779,0.1223] compute=1.82 ms ok
ds4: [t=+39392.9ms] req seq=265 L20 k=2 ids=[7,113] w=[0.1522,0.1491] compute=1.82 ms ok
ds4: [t=+39401.9ms] req seq=266 L22 k=2 ids=[247,179] w=[0.3417,0.2070] compute=1.81 ms ok
ds4: [t=+39411.7ms] req seq=267 L24 k=1 ids=[109] w=[0.1600] compute=1.90 ms ok
ds4: [t=+39441.8ms] req seq=268 L33 k=1 ids=[15] w=[0.1495] compute=1.92 ms ok
ds4: [t=+39451.3ms] req seq=269 L35 k=1 ids=[59] w=[0.1156] compute=1.83 ms ok
ds4: [t=+39472.8ms] req seq=270 L40 k=1 ids=[149] w=[0.1529] compute=1.83 ms ok
ds4: [t=+39482.7ms] req seq=271 L42 k=1 ids=[251] w=[0.1539] compute=1.88 ms ok
ds4: [t=+39511.5ms] req seq=272 L7 k=2 ids=[153,85] w=[0.1548,0.1381] compute=1.91 ms ok
ds4: [t=+39511.6ms] tok#14 done: 14 layer-reqs, 18 experts, compute 25.74 ms (1.84 ms/layer), wall 179.92 ms, errors=0, evict-hints=14 | cache: resident=3337/3337 slabs=3 wired=22.00 GiB mlock-fail=0 B hits=272 misses=0 swaps=271
ds4: [t=+39511.6ms] tok#14 experts: L7=[18] L13=[19] L14=[109] L15=[138,227] L16=[20] L17=[12] L19=[107,201] L20=[7,113] L22=[247,179] L24=[109] L33=[15] L35=[59] L40=[149] L42=[251]
ds4: [t=+39525.5ms] req seq=273 L11 k=1 ids=[11] w=[0.1759] compute=1.88 ms ok
ds4: [t=+39531.7ms] req seq=274 L13 k=1 ids=[82] w=[0.1469] compute=1.79 ms ok
ds4: [t=+39537.7ms] req seq=275 L14 k=1 ids=[16] w=[0.1470] compute=1.79 ms ok
ds4: [t=+39549.3ms] req seq=276 L17 k=2 ids=[194,17] w=[0.3991,0.1533] compute=1.78 ms ok
ds4: [t=+39558.5ms] req seq=277 L19 k=2 ids=[236,71] w=[0.4646,0.1625] compute=1.80 ms ok
ds4: [t=+39564.7ms] req seq=278 L20 k=1 ids=[56] w=[0.1799] compute=1.81 ms ok
ds4: [t=+39570.2ms] req seq=279 L21 k=1 ids=[30] w=[0.3323] compute=1.77 ms ok
ds4: [t=+39576.0ms] req seq=280 L22 k=1 ids=[179] w=[0.2636] compute=1.75 ms ok
ds4: [t=+39581.9ms] req seq=281 L23 k=2 ids=[226,187] w=[0.1969,0.1572] compute=1.77 ms ok
ds4: [t=+39587.9ms] req seq=282 L24 k=1 ids=[27] w=[0.2599] compute=1.79 ms ok
ds4: [t=+39607.9ms] req seq=283 L30 k=1 ids=[96] w=[0.4240] compute=1.91 ms ok
ds4: [t=+39615.5ms] req seq=284 L32 k=2 ids=[211,46] w=[0.3419,0.1633] compute=1.89 ms ok
ds4: [t=+39621.4ms] req seq=285 L33 k=1 ids=[137] w=[0.4502] compute=1.81 ms ok
ds4: [t=+39639.8ms] req seq=286 L37 k=2 ids=[116,0] w=[0.3088,0.1414] compute=1.90 ms ok
ds4: [t=+39649.0ms] req seq=287 L39 k=1 ids=[15] w=[0.3953] compute=1.91 ms ok
ds4: [t=+39654.9ms] req seq=288 L40 k=1 ids=[12] w=[0.2497] compute=1.81 ms ok
ds4: [t=+39684.0ms] req seq=289 L7 k=2 ids=[152,30] w=[0.0940,0.0883] compute=1.90 ms ok
ds4: [t=+39684.1ms] tok#15 done: 17 layer-reqs, 23 experts, compute 31.05 ms (1.83 ms/layer), wall 174.46 ms, errors=0, evict-hints=17 | cache: resident=3337/3337 slabs=3 wired=22.00 GiB mlock-fail=0 B hits=289 misses=0 swaps=288
ds4: [t=+39684.1ms] tok#15 experts: L7=[153,85] L11=[11] L13=[82] L14=[16] L17=[194,17] L19=[236,71] L20=[56] L21=[30] L22=[179] L23=[226,187] L24=[27] L30=[96] L32=[211,46] L33=[137] L37=[116,0] L39=[15] L40=[12]
ds4: [t=+39695.3ms] req seq=290 L9 k=1 ids=[199] w=[0.1626] compute=1.87 ms ok
ds4: [t=+39701.1ms] req seq=291 L10 k=1 ids=[205] w=[0.2432] compute=1.77 ms ok
ds4: [t=+39707.2ms] req seq=292 L11 k=1 ids=[211] w=[0.1493] compute=1.76 ms ok
ds4: [t=+39713.1ms] req seq=293 L12 k=2 ids=[15,101] w=[0.1275,0.1397] compute=1.83 ms ok
ds4: [t=+39719.9ms] req seq=294 L13 k=1 ids=[229] w=[0.3257] compute=1.76 ms ok
ds4: [t=+39726.6ms] req seq=295 L14 k=2 ids=[194,119] w=[0.2651,0.1180] compute=1.85 ms ok
ds4: [t=+39732.6ms] req seq=296 L15 k=1 ids=[5] w=[0.1474] compute=1.77 ms ok
ds4: [t=+39744.8ms] req seq=297 L17 k=2 ids=[48,206] w=[0.2316,0.1899] compute=1.89 ms ok
ds4: [t=+39754.9ms] req seq=298 L18 k=3 ids=[29,78,33] w=[0.3145,0.2584,0.1864] compute=1.84 ms ok
ds4: [t=+39763.8ms] req seq=299 L19 k=4 ids=[3,227,186,79] w=[0.5985,0.2122,0.1515,0.1370] compute=1.88 ms ok
ds4: [t=+39771.9ms] req seq=300 L20 k=1 ids=[198] w=[0.4213] compute=1.88 ms ok
ds4: [t=+39780.9ms] req seq=301 L21 k=1 ids=[1] w=[0.2314] compute=1.87 ms ok
ds4: [t=+39790.9ms] req seq=302 L22 k=1 ids=[114] w=[0.2896] compute=1.84 ms ok
ds4: [t=+39800.6ms] req seq=303 L23 k=1 ids=[252] w=[0.1520] compute=1.89 ms ok
ds4: [t=+39809.9ms] req seq=304 L24 k=1 ids=[75] w=[0.1524] compute=1.91 ms ok
ds4: [t=+39836.0ms] req seq=305 L27 k=1 ids=[136] w=[0.1350] compute=1.88 ms ok
ds4: [t=+39847.5ms] req seq=306 L29 k=1 ids=[56] w=[0.1645] compute=1.85 ms ok
ds4: [t=+39854.7ms] req seq=307 L30 k=1 ids=[223] w=[0.3499] compute=1.80 ms ok
ds4: [t=+39863.2ms] req seq=308 L31 k=1 ids=[81] w=[0.4306] compute=1.85 ms ok
ds4: [t=+39870.8ms] req seq=309 L32 k=1 ids=[90] w=[0.3699] compute=1.83 ms ok
ds4: [t=+39882.8ms] req seq=310 L34 k=1 ids=[228] w=[0.2022] compute=1.88 ms ok
ds4: [t=+39936.0ms] req seq=311 L0 k=1 ids=[12] w=[0.1753] compute=2.07 ms ok
ds4: [t=+39936.1ms] tok#16 done: 22 layer-reqs, 31 experts, compute 40.59 ms (1.84 ms/layer), wall 253.97 ms, errors=0, evict-hints=22 | cache: resident=3337/3337 slabs=3 wired=22.00 GiB mlock-fail=0 B hits=311 misses=0 swaps=310
ds4: [t=+39936.1ms] tok#16 experts: L7=[152,30] L9=[199] L10=[205] L11=[211] L12=[15,101] L13=[229] L14=[194,119] L15=[5] L17=[48,206] L18=[29,78,33] L19=[3,227,186,79] L20=[198] L21=[1] L22=[114] L23=[252] L24=[75] L27=[136] L29=[56] L30=[223] L31=[81] L32=[90] L34=[228]
ds4: [t=+39957.3ms] req seq=312 L7 k=1 ids=[155] w=[0.1309] compute=1.87 ms ok
ds4: [t=+39963.6ms] req seq=313 L8 k=1 ids=[61] w=[0.1049] compute=1.87 ms ok
ds4: [t=+39973.3ms] req seq=314 L10 k=2 ids=[157,200] w=[0.0859,0.0816] compute=1.80 ms ok
ds4: [t=+39979.4ms] req seq=315 L11 k=1 ids=[133] w=[0.2045] compute=1.84 ms ok
ds4: [t=+39986.0ms] req seq=316 L12 k=2 ids=[25,151] w=[0.3102,0.1718] compute=1.84 ms ok
ds4: [t=+39993.7ms] req seq=317 L14 k=3 ids=[166,6,181] w=[0.2431,0.1633,0.1483] compute=1.90 ms ok
ds4: [t=+40000.3ms] req seq=318 L15 k=1 ids=[107] w=[0.2032] compute=1.79 ms ok
ds4: [t=+40006.5ms] req seq=319 L16 k=1 ids=[146] w=[0.1821] compute=1.83 ms ok
ds4: [t=+40012.4ms] req seq=320 L17 k=2 ids=[16,107] w=[0.1967,0.1743] compute=1.90 ms ok
ds4: [t=+40018.4ms] req seq=321 L18 k=1 ids=[6] w=[0.2146] compute=1.79 ms ok
ds4: [t=+40024.3ms] req seq=322 L19 k=2 ids=[185,79] w=[0.3917,0.1787] compute=1.75 ms ok
ds4: [t=+40031.5ms] req seq=323 L20 k=2 ids=[8,41] w=[0.4948,0.1854] compute=1.81 ms ok
ds4: [t=+40037.5ms] req seq=324 L21 k=2 ids=[45,22] w=[0.1938,0.1630] compute=1.76 ms ok
ds4: [t=+40044.6ms] req seq=325 L22 k=1 ids=[204] w=[0.1600] compute=1.81 ms ok
ds4: [t=+40052.3ms] req seq=326 L23 k=1 ids=[126] w=[0.3510] compute=1.76 ms ok
ds4: [t=+40062.5ms] req seq=327 L24 k=1 ids=[37] w=[0.2134] compute=1.83 ms ok
ds4: [t=+40085.5ms] req seq=328 L27 k=2 ids=[202,239] w=[0.3981,0.1401] compute=1.91 ms ok
ds4: [t=+40098.0ms] req seq=329 L29 k=1 ids=[4] w=[0.6066] compute=1.89 ms ok
ds4: [t=+40104.6ms] req seq=330 L30 k=1 ids=[18] w=[0.2267] compute=1.79 ms ok
ds4: [t=+40113.1ms] req seq=331 L31 k=1 ids=[15] w=[0.2526] compute=1.86 ms ok
ds4: [t=+40120.4ms] req seq=332 L32 k=1 ids=[46] w=[0.1742] compute=1.79 ms ok
ds4: [t=+40136.0ms] req seq=333 L34 k=1 ids=[6] w=[0.2698] compute=1.92 ms ok
ds4: [t=+40174.4ms] req seq=334 L39 k=1 ids=[118] w=[0.1101] compute=1.96 ms ok
ds4: [t=+40227.8ms] req seq=335 L3 k=1 ids=[17] w=[0.2797] compute=2.05 ms ok
ds4: [t=+40227.9ms] tok#17 done: 24 layer-reqs, 33 experts, compute 44.35 ms (1.85 ms/layer), wall 294.01 ms, errors=0, evict-hints=24 | cache: resident=3337/3337 slabs=3 wired=22.00 GiB mlock-fail=0 B hits=335 misses=0 swaps=334
ds4: [t=+40228.0ms] tok#17 experts: L0=[12] L7=[155] L8=[61] L10=[157,200] L11=[133] L12=[25,151] L14=[166,6,181] L15=[107] L16=[146] L17=[16,107] L18=[6] L19=[185,79] L20=[8,41] L21=[45,22] L22=[204] L23=[126] L24=[37] L27=[202,239] L29=[4] L30=[18] L31=[15] L32=[46] L34=[6] L39=[118]
ds4: [t=+40240.4ms] req seq=336 L5 k=1 ids=[225] w=[0.1704] compute=1.84 ms ok
ds4: [t=+40247.3ms] req seq=337 L6 k=1 ids=[10] w=[0.0898] compute=1.89 ms ok
ds4: [t=+40280.0ms] req seq=338 L12 k=1 ids=[85] w=[0.1368] compute=1.97 ms ok
ds4: [t=+40288.6ms] req seq=339 L13 k=2 ids=[18,16] w=[0.2391,0.2393] compute=1.87 ms ok
ds4: [t=+40323.1ms] req seq=340 L18 k=2 ids=[25,184] w=[0.2727,0.1969] compute=1.94 ms ok
ds4: [t=+40333.8ms] req seq=341 L19 k=1 ids=[88] w=[0.1662] compute=1.92 ms ok
ds4: [t=+40342.5ms] req seq=342 L20 k=1 ids=[41] w=[0.2650] compute=1.81 ms ok
ds4: [t=+40350.2ms] req seq=343 L21 k=2 ids=[62,22] w=[0.2121,0.2110] compute=1.86 ms ok
ds4: [t=+40360.2ms] req seq=344 L22 k=1 ids=[194] w=[0.2156] compute=1.87 ms ok
ds4: [t=+40374.9ms] req seq=345 L24 k=1 ids=[15] w=[0.1949] compute=1.86 ms ok
ds4: [t=+40384.8ms] req seq=346 L25 k=1 ids=[73] w=[0.1694] compute=1.87 ms ok
ds4: [t=+40477.1ms] req seq=347 L1 k=1 ids=[199] w=[0.2751] compute=1.92 ms ok
ds4: [t=+40477.2ms] tok#18 done: 12 layer-reqs, 15 experts, compute 22.73 ms (1.89 ms/layer), wall 251.45 ms, errors=0, evict-hints=12 | cache: resident=3337/3337 slabs=3 wired=22.00 GiB mlock-fail=0 B hits=347 misses=0 swaps=346
ds4: [t=+40477.3ms] tok#18 experts: L3=[17] L5=[225] L6=[10] L12=[85] L13=[18,16] L18=[25,184] L19=[88] L20=[41] L21=[62,22] L22=[194] L24=[15] L25=[73]
ds4: [t=+40486.9ms] req seq=348 L3 k=3 ids=[3,249,182] w=[0.2763,0.1280,0.1203] compute=1.85 ms ok
ds4: [t=+40497.0ms] req seq=349 L5 k=1 ids=[99] w=[0.3326] compute=1.83 ms ok
ds4: [t=+40506.7ms] req seq=350 L7 k=1 ids=[27] w=[0.1786] compute=1.81 ms ok
ds4: [t=+40522.1ms] req seq=351 L10 k=3 ids=[163,236,57] w=[0.3323,0.0953,0.0925] compute=1.89 ms ok
ds4: [t=+40529.0ms] req seq=352 L11 k=1 ids=[70] w=[0.2435] compute=1.88 ms ok
ds4: [t=+40535.3ms] req seq=353 L12 k=1 ids=[151] w=[0.2498] compute=1.82 ms ok
ds4: [t=+40547.7ms] req seq=354 L14 k=1 ids=[6] w=[0.1972] compute=1.85 ms ok
ds4: [t=+40558.2ms] req seq=355 L16 k=2 ids=[80,51] w=[0.2318,0.2228] compute=1.88 ms ok
ds4: [t=+40567.2ms] req seq=356 L18 k=1 ids=[104] w=[0.2685] compute=1.80 ms ok
ds4: [t=+40573.3ms] req seq=357 L19 k=2 ids=[24,22] w=[0.4272,0.1304] compute=1.76 ms ok
ds4: [t=+40581.2ms] req seq=358 L20 k=2 ids=[111,239] w=[0.2064,0.1797] compute=1.87 ms ok
ds4: [t=+40587.2ms] req seq=359 L21 k=1 ids=[22] w=[0.3215] compute=1.81 ms ok
ds4: [t=+40593.8ms] req seq=360 L22 k=1 ids=[17] w=[0.2347] compute=1.86 ms ok
ds4: [t=+40600.4ms] req seq=361 L23 k=1 ids=[187] w=[0.1485] compute=1.75 ms ok
ds4: [t=+40607.8ms] req seq=362 L24 k=1 ids=[190] w=[0.1933] compute=1.75 ms ok
ds4: [t=+40666.6ms] req seq=363 L33 k=1 ids=[223] w=[0.2146] compute=2.08 ms ok
ds4: [t=+40685.5ms] req seq=364 L37 k=1 ids=[0] w=[0.1592] compute=1.89 ms ok
ds4: [t=+40692.5ms] req seq=365 L38 k=1 ids=[121] w=[0.2016] compute=1.77 ms ok
ds4: [t=+40733.8ms] req seq=366 L3 k=1 ids=[63] w=[0.1666] compute=1.85 ms ok
ds4: [t=+40733.9ms] tok#19 done: 19 layer-reqs, 26 experts, compute 35.06 ms (1.85 ms/layer), wall 258.71 ms, errors=0, evict-hints=19 | cache: resident=3337/3337 slabs=3 wired=22.00 GiB mlock-fail=0 B hits=366 misses=0 swaps=365
ds4: [t=+40734.0ms] tok#19 experts: L1=[199] L3=[3,249,182] L5=[99] L7=[27] L10=[163,236,57] L11=[70] L12=[151] L14=[6] L16=[80,51] L18=[104] L19=[24,22] L20=[111,239] L21=[22] L22=[17] L23=[187] L24=[190] L33=[223] L37=[0] L38=[121]
ds4: [t=+40741.3ms] req seq=367 L5 k=1 ids=[15] w=[0.1631] compute=1.85 ms ok
ds4: [t=+40750.4ms] req seq=368 L7 k=2 ids=[131,184] w=[0.2473,0.2153] compute=1.83 ms ok
ds4: [t=+40778.7ms] req seq=369 L13 k=1 ids=[236] w=[0.2062] compute=1.89 ms ok
ds4: [t=+40785.1ms] req seq=370 L14 k=1 ids=[45] w=[0.2452] compute=1.86 ms ok
ds4: [t=+40794.5ms] req seq=371 L16 k=2 ids=[97,63] w=[0.2939,0.2281] compute=1.86 ms ok
ds4: [t=+40800.8ms] req seq=372 L17 k=2 ids=[26,30] w=[0.1945,0.1938] compute=1.80 ms ok
ds4: [t=+40807.4ms] req seq=373 L18 k=1 ids=[134] w=[0.2164] compute=1.79 ms ok
ds4: [t=+40813.5ms] req seq=374 L19 k=1 ids=[43] w=[0.2103] compute=1.88 ms ok
ds4: [t=+40819.6ms] req seq=375 L20 k=1 ids=[113] w=[0.1985] compute=1.80 ms ok
ds4: [t=+40831.4ms] req seq=376 L23 k=2 ids=[10,148] w=[0.2884,0.2361] compute=1.90 ms ok
ds4: [t=+40838.4ms] req seq=377 L24 k=1 ids=[124] w=[0.2212] compute=1.81 ms ok
ds4: [t=+40844.5ms] req seq=378 L25 k=1 ids=[85] w=[0.2188] compute=1.87 ms ok
ds4: [t=+40855.3ms] req seq=379 L27 k=1 ids=[14] w=[0.3822] compute=1.82 ms ok
ds4: [t=+40864.5ms] req seq=380 L29 k=1 ids=[62] w=[0.2407] compute=1.82 ms ok
ds4: [t=+40870.7ms] req seq=381 L30 k=1 ids=[198] w=[0.2974] compute=1.81 ms ok
ds4: [t=+40892.6ms] req seq=382 L35 k=1 ids=[122] w=[0.1845] compute=1.57 ms ok
ds4: [t=+40921.7ms] req seq=383 L42 k=1 ids=[15] w=[0.2716] compute=1.58 ms ok
ds4: [t=+40935.7ms] req seq=384 L3 k=1 ids=[23] w=[0.2774] compute=1.52 ms ok
ds4: [t=+40935.8ms] tok#20 done: 18 layer-reqs, 22 experts, compute 32.60 ms (1.81 ms/layer), wall 203.82 ms, errors=0, evict-hints=18 | cache: resident=3337/3337 slabs=3 wired=22.00 GiB mlock-fail=0 B hits=384 misses=0 swaps=383
ds4: [t=+40935.8ms] tok#20 experts: L3=[63] L5=[15] L7=[131,184] L13=[236] L14=[45] L16=[97,63] L17=[26,30] L18=[134] L19=[43] L20=[113] L23=[10,148] L24=[124] L25=[85] L27=[14] L29=[62] L30=[198] L35=[122] L42=[15]
ds4: [t=+40947.2ms] req seq=385 L7 k=1 ids=[43] w=[0.3503] compute=1.58 ms ok
ds4: [t=+40952.8ms] req seq=386 L8 k=1 ids=[12] w=[0.1800] compute=1.42 ms ok
ds4: [t=+40969.8ms] req seq=387 L14 k=2 ids=[22,46] w=[0.2826,0.2775] compute=1.62 ms ok
ds4: [t=+40978.1ms] req seq=388 L16 k=1 ids=[232] w=[0.2590] compute=1.72 ms ok
ds4: [t=+40985.2ms] req seq=389 L18 k=1 ids=[78] w=[0.1918] compute=1.52 ms ok
ds4: [t=+40994.9ms] req seq=390 L20 k=1 ids=[5] w=[0.2347] compute=1.75 ms ok
ds4: [t=+41000.9ms] req seq=391 L21 k=1 ids=[206] w=[0.2055] compute=1.54 ms ok
ds4: [t=+41011.2ms] req seq=392 L23 k=1 ids=[148] w=[0.4014] compute=1.75 ms ok
ds4: [t=+41021.1ms] req seq=393 L25 k=2 ids=[23,56] w=[0.2776,0.2224] compute=1.75 ms ok
ds4: [t=+41028.6ms] req seq=394 L27 k=2 ids=[46,24] w=[0.2812,0.1448] compute=1.75 ms ok
ds4: [t=+41070.1ms] req seq=395 L39 k=1 ids=[23] w=[0.1640] compute=1.76 ms ok
ds4: [t=+41099.0ms] req seq=396 L4 k=1 ids=[214] w=[0.0874] compute=1.90 ms ok
ds4: [t=+41099.1ms] tok#21 done: 12 layer-reqs, 15 experts, compute 19.69 ms (1.64 ms/layer), wall 164.89 ms, errors=0, evict-hints=12 | cache: resident=3337/3337 slabs=3 wired=22.00 GiB mlock-fail=0 B hits=396 misses=0 swaps=395
ds4: [t=+41099.1ms] tok#21 experts: L3=[23] L7=[43] L8=[12] L14=[22,46] L16=[232] L18=[78] L20=[5] L21=[206] L23=[148] L25=[23,56] L27=[46,24] L39=[23]
ds4: [t=+41107.6ms] req seq=397 L7 k=2 ids=[184,5] w=[0.1282,0.1067] compute=1.83 ms ok
ds4: [t=+41116.4ms] req seq=398 L9 k=1 ids=[120] w=[0.1288] compute=1.84 ms ok
ds4: [t=+41122.7ms] req seq=399 L10 k=1 ids=[97] w=[0.2296] compute=1.82 ms ok
ds4: [t=+41129.1ms] req seq=400 L11 k=1 ids=[19] w=[0.1724] compute=1.83 ms ok
ds4: [t=+41134.9ms] req seq=401 L12 k=1 ids=[205] w=[0.1378] compute=1.79 ms ok
ds4: [t=+41140.6ms] req seq=402 L13 k=1 ids=[31] w=[0.2478] compute=1.78 ms ok
ds4: [t=+41146.2ms] req seq=403 L14 k=1 ids=[46] w=[0.3609] compute=1.79 ms ok
ds4: [t=+41154.0ms] req seq=404 L16 k=1 ids=[235] w=[0.1764] compute=1.82 ms ok
ds4: [t=+41161.7ms] req seq=405 L17 k=3 ids=[37,72,99] w=[0.3497,0.2174,0.1413] compute=1.85 ms ok
ds4: [t=+41169.9ms] req seq=406 L19 k=1 ids=[38] w=[0.1880] compute=1.88 ms ok
ds4: [t=+41179.2ms] req seq=407 L21 k=1 ids=[227] w=[0.1539] compute=1.88 ms ok
ds4: [t=+41223.8ms] req seq=408 L33 k=1 ids=[18] w=[0.3234] compute=2.05 ms ok
ds4: [t=+41259.2ms] req seq=409 L1 k=1 ids=[4] w=[0.2067] compute=1.65 ms ok
ds4: [t=+41259.4ms] tok#22 done: 13 layer-reqs, 16 experts, compute 24.07 ms (1.85 ms/layer), wall 162.25 ms, errors=0, evict-hints=13 | cache: resident=3337/3337 slabs=3 wired=22.00 GiB mlock-fail=0 B hits=409 misses=0 swaps=408
ds4: [t=+41259.4ms] tok#22 experts: L4=[214] L7=[184,5] L9=[120] L10=[97] L11=[19] L12=[205] L13=[31] L14=[46] L16=[235] L17=[37,72,99] L19=[38] L21=[227] L33=[18]
ds4: [t=+41276.2ms] req seq=410 L7 k=1 ids=[35] w=[0.1388] compute=1.66 ms ok
ds4: [t=+41281.9ms] req seq=411 L8 k=1 ids=[123] w=[0.0826] compute=1.50 ms ok
ds4: [t=+41287.9ms] req seq=412 L9 k=2 ids=[28,9] w=[0.1838,0.1727] compute=1.54 ms ok
ds4: [t=+41294.1ms] req seq=413 L10 k=2 ids=[0,18] w=[0.1288,0.0971] compute=1.62 ms ok
ds4: [t=+41299.6ms] req seq=414 L11 k=1 ids=[83] w=[0.2560] compute=1.46 ms ok
ds4: [t=+41305.2ms] req seq=415 L12 k=2 ids=[189,96] w=[0.1656,0.1592] compute=1.47 ms ok
ds4: [t=+41314.8ms] req seq=416 L14 k=1 ids=[30] w=[0.2182] compute=1.61 ms ok
ds4: [t=+41320.8ms] req seq=417 L15 k=1 ids=[2] w=[0.2383] compute=1.40 ms ok
ds4: [t=+41328.9ms] req seq=418 L17 k=1 ids=[17] w=[0.2232] compute=1.55 ms ok
ds4: [t=+41336.7ms] req seq=419 L18 k=3 ids=[121,139,125] w=[0.2669,0.2747,0.2481] compute=1.58 ms ok
ds4: [t=+41344.0ms] req seq=420 L19 k=3 ids=[42,200,186] w=[0.3738,0.2401,0.0562] compute=1.68 ms ok
ds4: [t=+41350.9ms] req seq=421 L20 k=1 ids=[221] w=[0.3455] compute=1.53 ms ok
ds4: [t=+41358.4ms] req seq=422 L21 k=1 ids=[141] w=[0.1506] compute=1.47 ms ok
ds4: [t=+41365.6ms] req seq=423 L22 k=3 ids=[10,238,147] w=[0.4571,0.3324,0.1704] compute=1.58 ms ok
ds4: [t=+41388.5ms] req seq=424 L26 k=1 ids=[5] w=[0.3909] compute=1.60 ms ok
ds4: [t=+41405.0ms] req seq=425 L28 k=1 ids=[130] w=[0.2208] compute=1.77 ms ok
ds4: [t=+41415.1ms] req seq=426 L29 k=1 ids=[13] w=[0.4560] compute=1.88 ms ok
ds4: [t=+41424.4ms] req seq=427 L30 k=1 ids=[6] w=[0.3454] compute=1.68 ms ok
ds4: [t=+41437.9ms] req seq=428 L31 k=1 ids=[46] w=[0.5894] compute=1.87 ms ok
ds4: [t=+41489.2ms] req seq=429 L39 k=1 ids=[243] w=[0.1570] compute=1.95 ms ok
ds4: [t=+41500.9ms] req seq=430 L41 k=1 ids=[3] w=[0.3428] compute=1.86 ms ok
ds4: [t=+41508.4ms] req seq=431 L42 k=1 ids=[53] w=[0.1457] compute=1.76 ms ok
ds4: [t=+41536.7ms] req seq=432 L5 k=1 ids=[2] w=[0.2236] compute=1.88 ms ok
ds4: [t=+41536.8ms] tok#23 done: 23 layer-reqs, 32 experts, compute 37.70 ms (1.64 ms/layer), wall 279.16 ms, errors=0, evict-hints=23 | cache: resident=3337/3337 slabs=3 wired=22.00 GiB mlock-fail=0 B hits=432 misses=0 swaps=431
ds4: [t=+41536.8ms] tok#23 experts: L1=[4] L7=[35] L8=[123] L9=[28,9] L10=[0,18] L11=[83] L12=[189,96] L14=[30] L15=[2] L17=[17] L18=[121,139,125] L19=[42,200,186] L20=[221] L21=[141] L22=[10,238,147] L26=[5] L28=[130] L29=[13] L30=[6] L31=[46] L39=[243] L41=[3] L42=[53]
ds4: [t=+41542.8ms] req seq=433 L6 k=1 ids=[53] w=[0.1688] compute=1.85 ms ok
ds4: [t=+41549.1ms] req seq=434 L7 k=1 ids=[146] w=[0.2012] compute=1.81 ms ok
ds4: [t=+41557.9ms] req seq=435 L9 k=1 ids=[169] w=[0.1363] compute=1.82 ms ok
ds4: [t=+41565.4ms] req seq=436 L11 k=1 ids=[209] w=[0.1328] compute=1.88 ms ok
ds4: [t=+41576.5ms] req seq=437 L14 k=1 ids=[62] w=[0.1483] compute=1.87 ms ok
ds4: [t=+41590.8ms] req seq=438 L18 k=1 ids=[201] w=[0.1964] compute=1.84 ms ok
ds4: [t=+41601.9ms] req seq=439 L21 k=1 ids=[139] w=[0.1840] compute=1.87 ms ok
ds4: [t=+41618.5ms] req seq=440 L25 k=1 ids=[1] w=[0.2165] compute=1.90 ms ok
ds4: [t=+41639.7ms] req seq=441 L30 k=1 ids=[160] w=[0.2909] compute=1.91 ms ok
ds4: [t=+41650.1ms] req seq=442 L32 k=1 ids=[171] w=[0.2628] compute=1.88 ms ok
ds4: [t=+41679.3ms] req seq=443 L37 k=2 ids=[137,43] w=[0.2416,0.2305] compute=1.90 ms ok
ds4: [t=+41710.3ms] req seq=444 L3 k=1 ids=[0] w=[0.2058] compute=1.87 ms ok
ds4: [t=+41710.4ms] tok#24 done: 12 layer-reqs, 13 experts, compute 22.41 ms (1.87 ms/layer), wall 175.53 ms, errors=0, evict-hints=12 | cache: resident=3337/3337 slabs=3 wired=22.00 GiB mlock-fail=0 B hits=444 misses=0 swaps=443
ds4: [t=+41710.4ms] tok#24 experts: L5=[2] L6=[53] L7=[146] L9=[169] L11=[209] L14=[62] L18=[201] L21=[139] L25=[1] L30=[160] L32=[171] L37=[137,43]
ds4: [t=+41722.7ms] req seq=445 L7 k=2 ids=[191,101] w=[0.2583,0.2136] compute=1.88 ms ok
ds4: [t=+41728.6ms] req seq=446 L8 k=1 ids=[159] w=[0.1976] compute=1.85 ms ok
ds4: [t=+41734.9ms] req seq=447 L9 k=1 ids=[236] w=[0.1495] compute=1.84 ms ok
ds4: [t=+41741.2ms] req seq=448 L10 k=1 ids=[200] w=[0.1268] compute=1.84 ms ok
ds4: [t=+41747.4ms] req seq=449 L11 k=1 ids=[120] w=[0.1770] compute=1.88 ms ok
ds4: [t=+41754.3ms] req seq=450 L12 k=1 ids=[193] w=[0.2018] compute=1.87 ms ok
ds4: [t=+41765.4ms] req seq=451 L15 k=1 ids=[132] w=[0.2575] compute=1.88 ms ok
ds4: [t=+41771.4ms] req seq=452 L16 k=1 ids=[148] w=[0.1490] compute=1.81 ms ok
ds4: [t=+41777.5ms] req seq=453 L17 k=1 ids=[6] w=[0.2261] compute=1.82 ms ok
ds4: [t=+41787.1ms] req seq=454 L19 k=2 ids=[186,179] w=[0.1542,0.1494] compute=1.82 ms ok
ds4: [t=+41801.5ms] req seq=455 L22 k=1 ids=[69] w=[0.1885] compute=1.89 ms ok
ds4: [t=+41866.7ms] req seq=456 L37 k=1 ids=[133] w=[0.1814] compute=2.08 ms ok
ds4: [t=+41885.8ms] req seq=457 L41 k=1 ids=[86] w=[0.2289] compute=1.89 ms ok
ds4: [t=+41916.2ms] req seq=458 L4 k=1 ids=[21] w=[0.3574] compute=1.86 ms ok
ds4: [t=+41916.3ms] tok#25 done: 14 layer-reqs, 16 experts, compute 26.21 ms (1.87 ms/layer), wall 207.86 ms, errors=0, evict-hints=14 | cache: resident=3337/3337 slabs=3 wired=22.00 GiB mlock-fail=0 B hits=458 misses=0 swaps=457
ds4: [t=+41916.3ms] tok#25 experts: L3=[0] L7=[191,101] L8=[159] L9=[236] L10=[200] L11=[120] L12=[193] L15=[132] L16=[148] L17=[6] L19=[186,179] L22=[69] L37=[133] L41=[86]
ds4: [t=+41928.0ms] req seq=459 L6 k=1 ids=[24] w=[0.1953] compute=1.90 ms ok
ds4: [t=+41934.4ms] req seq=460 L7 k=1 ids=[74] w=[0.2667] compute=1.75 ms ok
ds4: [t=+41942.3ms] req seq=461 L9 k=1 ids=[207] w=[0.3754] compute=1.82 ms ok
ds4: [t=+41949.6ms] req seq=462 L10 k=1 ids=[188] w=[0.1288] compute=1.83 ms ok
ds4: [t=+41962.9ms] req seq=463 L13 k=1 ids=[51] w=[0.2313] compute=1.89 ms ok
ds4: [t=+41969.8ms] req seq=464 L14 k=1 ids=[204] w=[0.2445] compute=1.83 ms ok
ds4: [t=+41976.0ms] req seq=465 L15 k=1 ids=[76] w=[0.1855] compute=1.79 ms ok
ds4: [t=+41984.8ms] req seq=466 L17 k=1 ids=[30] w=[0.2255] compute=1.81 ms ok
ds4: [t=+41990.9ms] req seq=467 L18 k=1 ids=[11] w=[0.1877] compute=1.78 ms ok
ds4: [t=+41998.3ms] req seq=468 L19 k=4 ids=[47,200,12,234] w=[0.4163,0.2757,0.1722,0.1171] compute=1.84 ms ok
ds4: [t=+42006.2ms] req seq=469 L20 k=1 ids=[132] w=[0.2455] compute=1.75 ms ok
ds4: [t=+42012.8ms] req seq=470 L21 k=1 ids=[21] w=[0.1829] compute=1.82 ms ok
ds4: [t=+42063.6ms] req seq=471 L34 k=1 ids=[102] w=[0.2035] compute=2.06 ms ok
ds4: [t=+42095.6ms] req seq=472 L0 k=1 ids=[160] w=[0.2163] compute=1.87 ms ok
ds4: [t=+42095.7ms] tok#26 done: 14 layer-reqs, 17 experts, compute 25.74 ms (1.84 ms/layer), wall 181.39 ms, errors=0, evict-hints=14 | cache: resident=3337/3337 slabs=3 wired=22.00 GiB mlock-fail=0 B hits=472 misses=0 swaps=471
ds4: [t=+42095.8ms] tok#26 experts: L4=[21] L6=[24] L7=[74] L9=[207] L10=[188] L13=[51] L14=[204] L15=[76] L17=[30] L18=[11] L19=[47,200,12,234] L20=[132] L21=[21] L34=[102]
ds4: [t=+42104.4ms] req seq=473 L3 k=1 ids=[31] w=[0.2609] compute=1.78 ms ok
ds4: [t=+42121.7ms] req seq=474 L9 k=3 ids=[72,9,8] w=[0.4965,0.1200,0.1155] compute=1.88 ms ok
ds4: [t=+42128.1ms] req seq=475 L10 k=1 ids=[7] w=[0.4220] compute=1.88 ms ok
ds4: [t=+42134.5ms] req seq=476 L11 k=1 ids=[154] w=[0.1730] compute=1.83 ms ok
ds4: [t=+42140.8ms] req seq=477 L12 k=1 ids=[150] w=[0.3559] compute=1.79 ms ok
ds4: [t=+42147.4ms] req seq=478 L14 k=1 ids=[47] w=[0.1720] compute=1.91 ms ok
ds4: [t=+42153.8ms] req seq=479 L15 k=1 ids=[75] w=[0.2699] compute=1.83 ms ok
ds4: [t=+42166.7ms] req seq=480 L19 k=1 ids=[22] w=[0.1760] compute=1.76 ms ok
ds4: [t=+42171.9ms] req seq=481 L20 k=1 ids=[60] w=[0.2326] compute=1.68 ms ok
ds4: [t=+42178.0ms] req seq=482 L21 k=1 ids=[223] w=[0.2260] compute=1.87 ms ok
ds4: [t=+42205.8ms] req seq=483 L28 k=1 ids=[24] w=[0.1812] compute=1.89 ms ok
ds4: [t=+42254.2ms] req seq=484 L39 k=1 ids=[37] w=[0.2371] compute=2.07 ms ok
ds4: [t=+42263.8ms] req seq=485 L41 k=1 ids=[36] w=[0.1231] compute=1.89 ms ok
ds4: [t=+42315.2ms] req seq=486 L7 k=1 ids=[99] w=[0.1828] compute=2.00 ms ok
ds4: [t=+42315.3ms] tok#27 done: 14 layer-reqs, 16 experts, compute 25.93 ms (1.85 ms/layer), wall 221.49 ms, errors=0, evict-hints=14 | cache: resident=3337/3337 slabs=3 wired=22.00 GiB mlock-fail=0 B hits=486 misses=0 swaps=485
ds4: [t=+42315.3ms] tok#27 experts: L0=[160] L3=[31] L9=[72,9,8] L10=[7] L11=[154] L12=[150] L14=[47] L15=[75] L19=[22] L20=[60] L21=[223] L28=[24] L39=[37] L41=[36]
ds4: [t=+42338.5ms] req seq=487 L14 k=1 ids=[66] w=[0.1829] compute=1.89 ms ok
ds4: [t=+42360.3ms] req seq=488 L22 k=1 ids=[26] w=[0.1640] compute=1.88 ms ok
ds4: [t=+42366.9ms] req seq=489 L23 k=1 ids=[124] w=[0.1941] compute=1.85 ms ok
ds4: [t=+42400.3ms] req seq=490 L31 k=1 ids=[187] w=[0.1420] compute=1.95 ms ok
ds4: [t=+42486.2ms] req seq=491 L7 k=1 ids=[50] w=[0.1938] compute=1.93 ms ok
ds4: [t=+42486.3ms] tok#28 done: 5 layer-reqs, 5 experts, compute 9.58 ms (1.92 ms/layer), wall 173.10 ms, errors=0, evict-hints=5 | cache: resident=3337/3337 slabs=3 wired=22.00 GiB mlock-fail=0 B hits=491 misses=0 swaps=490
ds4: [t=+42486.3ms] tok#28 experts: L7=[99] L14=[66] L22=[26] L23=[124] L31=[187]
ds4: [t=+42493.3ms] req seq=492 L9 k=1 ids=[254] w=[0.1786] compute=1.86 ms ok
ds4: [t=+42514.4ms] req seq=493 L16 k=2 ids=[157,81] w=[0.2478,0.2226] compute=1.88 ms ok
ds4: [t=+42528.1ms] req seq=494 L21 k=1 ids=[229] w=[0.1101] compute=1.93 ms ok
ds4: [t=+42540.2ms] req seq=495 L24 k=1 ids=[24] w=[0.2087] compute=1.80 ms ok
ds4: [t=+42553.0ms] req seq=496 L29 k=1 ids=[103] w=[0.1485] compute=1.87 ms ok
ds4: [t=+42582.8ms] req seq=497 L41 k=1 ids=[132] w=[0.0872] compute=1.89 ms ok
ds4: [t=+42602.0ms] req seq=498 L3 k=1 ids=[65] w=[0.1178] compute=1.84 ms ok
ds4: [t=+42602.1ms] tok#29 done: 7 layer-reqs, 8 experts, compute 13.14 ms (1.88 ms/layer), wall 117.83 ms, errors=0, evict-hints=7 | cache: resident=3337/3337 slabs=3 wired=22.00 GiB mlock-fail=0 B hits=498 misses=0 swaps=497
ds4: [t=+42602.2ms] tok#29 experts: L7=[50] L9=[254] L16=[157,81] L21=[229] L24=[24] L29=[103] L41=[132]
ds4: [t=+42616.3ms] req seq=499 L7 k=2 ids=[7,87] w=[0.2284,0.1890] compute=1.92 ms ok
ds4: [t=+42622.4ms] req seq=500 L8 k=1 ids=[188] w=[0.2067] compute=1.84 ms ok
ds4: [t=+42629.4ms] req seq=501 L10 k=1 ids=[18] w=[0.1490] compute=1.86 ms ok
ds4: [t=+42638.4ms] req seq=502 L13 k=1 ids=[71] w=[0.1644] compute=1.81 ms ok
ds4: [t=+42649.4ms] req seq=503 L16 k=1 ids=[10] w=[0.1828] compute=1.84 ms ok
ds4: [t=+42655.9ms] req seq=504 L17 k=1 ids=[20] w=[0.1906] compute=1.79 ms ok
ds4: [t=+42662.3ms] req seq=505 L18 k=1 ids=[45] w=[0.2972] compute=1.87 ms ok
ds4: [t=+42672.2ms] req seq=506 L21 k=1 ids=[42] w=[0.4299] compute=1.84 ms ok
ds4: [t=+42680.5ms] req seq=507 L23 k=1 ids=[211] w=[0.1944] compute=1.85 ms ok
ds4: [t=+42731.3ms] req seq=508 L42 k=1 ids=[14] w=[0.2785] compute=2.08 ms ok
ds4: [t=+42779.0ms] req seq=509 L15 k=1 ids=[39] w=[0.1315] compute=2.09 ms ok
ds4: [t=+42779.1ms] tok#30 done: 11 layer-reqs, 12 experts, compute 20.55 ms (1.87 ms/layer), wall 178.88 ms, errors=0, evict-hints=11 | cache: resident=3337/3337 slabs=3 wired=22.00 GiB mlock-fail=0 B hits=509 misses=0 swaps=508
ds4: [t=+42779.1ms] tok#30 experts: L3=[65] L7=[7,87] L8=[188] L10=[18] L13=[71] L16=[10] L17=[20] L18=[45] L21=[42] L23=[211] L42=[14]
ds4: [t=+42784.8ms] req seq=510 L16 k=1 ids=[46] w=[0.1978] compute=1.87 ms ok
ds4: [t=+42791.2ms] req seq=511 L17 k=1 ids=[66] w=[0.2091] compute=1.75 ms ok
ds4: [t=+42797.3ms] req seq=512 L18 k=1 ids=[2] w=[0.2180] compute=1.79 ms ok
ds4: [t=+42803.0ms] req seq=513 L19 k=1 ids=[201] w=[0.1967] compute=1.75 ms ok
ds4: [t=+42838.3ms] req seq=514 L30 k=1 ids=[100] w=[0.2099] compute=1.92 ms ok
ds4: [t=+42886.8ms] req seq=515 L39 k=1 ids=[38] w=[0.1528] compute=1.93 ms ok
ds4: [t=+42934.4ms] req seq=516 L4 k=1 ids=[224] w=[0.5485] compute=2.04 ms ok
ds4: [t=+42934.5ms] tok#31 done: 7 layer-reqs, 7 experts, compute 13.11 ms (1.87 ms/layer), wall 157.54 ms, errors=0, evict-hints=7 | cache: resident=3337/3337 slabs=3 wired=22.00 GiB mlock-fail=0 B hits=516 misses=0 swaps=515
ds4: [t=+42934.5ms] tok#31 experts: L15=[39] L16=[46] L17=[66] L18=[2] L19=[201] L30=[100] L39=[38]
ds4: [t=+42948.6ms] req seq=517 L7 k=1 ids=[33] w=[0.4749] compute=1.85 ms ok
ds4: [t=+42970.7ms] req seq=518 L11 k=1 ids=[163] w=[0.2693] compute=1.83 ms ok
ds4: [t=+42982.2ms] req seq=519 L13 k=1 ids=[250] w=[0.1616] compute=1.86 ms ok
ds4: [t=+42988.4ms] req seq=520 L14 k=1 ids=[119] w=[0.1471] compute=1.80 ms ok
ds4: [t=+42995.0ms] req seq=521 L15 k=1 ids=[227] w=[0.1200] compute=1.84 ms ok
ds4: [t=+43004.4ms] req seq=522 L17 k=1 ids=[206] w=[0.2232] compute=1.86 ms ok
ds4: [t=+43014.0ms] req seq=523 L19 k=3 ids=[79,85,71] w=[0.4045,0.2245,0.2199] compute=1.91 ms ok
ds4: [t=+43022.2ms] req seq=524 L20 k=1 ids=[45] w=[0.1785] compute=1.83 ms ok
ds4: [t=+43032.6ms] req seq=525 L21 k=2 ids=[3,80] w=[0.4364,0.2459] compute=1.86 ms ok
ds4: [t=+43039.9ms] req seq=526 L22 k=1 ids=[58] w=[0.2715] compute=1.80 ms ok
ds4: [t=+43088.0ms] req seq=527 L35 k=1 ids=[8] w=[0.0955] compute=1.98 ms ok
ds4: [t=+43131.5ms] req seq=528 L4 k=1 ids=[123] w=[0.0650] compute=2.05 ms ok
ds4: [t=+43131.6ms] tok#32 done: 12 layer-reqs, 15 experts, compute 22.45 ms (1.87 ms/layer), wall 199.23 ms, errors=0, evict-hints=12 | cache: resident=3337/3337 slabs=3 wired=22.00 GiB mlock-fail=0 B hits=528 misses=0 swaps=527
ds4: [t=+43131.6ms] tok#32 experts: L4=[224] L7=[33] L11=[163] L13=[250] L14=[119] L15=[227] L17=[206] L19=[79,85,71] L20=[45] L21=[3,80] L22=[58] L35=[8]
ds4: [t=+43140.8ms] req seq=529 L7 k=1 ids=[19] w=[0.1230] compute=1.85 ms ok
ds4: [t=+43155.7ms] req seq=530 L12 k=1 ids=[65] w=[0.1744] compute=1.87 ms ok
ds4: [t=+43235.0ms] req seq=531 L4 k=1 ids=[229] w=[0.0976] compute=2.07 ms ok
ds4: [t=+43235.1ms] tok#33 done: 3 layer-reqs, 3 experts, compute 5.76 ms (1.92 ms/layer), wall 105.67 ms, errors=0, evict-hints=3 | cache: resident=3337/3337 slabs=3 wired=22.00 GiB mlock-fail=0 B hits=531 misses=0 swaps=530
ds4: [t=+43235.1ms] tok#33 experts: L4=[123] L7=[19] L12=[65]
ds4: [t=+43248.8ms] req seq=532 L9 k=2 ids=[156,184] w=[0.1809,0.1458] compute=1.91 ms ok
ds4: [t=+43258.3ms] req seq=533 L12 k=1 ids=[59] w=[0.3632] compute=1.81 ms ok
ds4: [t=+43269.0ms] req seq=534 L17 k=1 ids=[4] w=[0.1759] compute=1.89 ms ok
ds4: [t=+43275.2ms] req seq=535 L19 k=1 ids=[44] w=[0.1527] compute=1.85 ms ok
ds4: [t=+43285.8ms] req seq=536 L22 k=1 ids=[23] w=[0.3579] compute=1.91 ms ok
ds4: [t=+43294.4ms] req seq=537 L25 k=1 ids=[236] w=[0.3596] compute=1.89 ms ok
ds4: [t=+43300.5ms] req seq=538 L26 k=1 ids=[3] w=[0.2181] compute=1.85 ms ok
ds4: [t=+43312.9ms] req seq=539 L31 k=1 ids=[2] w=[0.1371] compute=1.86 ms ok
ds4: [t=+43319.3ms] req seq=540 L32 k=1 ids=[25] w=[0.3174] compute=1.83 ms ok
ds4: [t=+43331.5ms] req seq=541 L35 k=2 ids=[70,30] w=[0.3063,0.1599] compute=1.86 ms ok
ds4: [t=+43337.8ms] req seq=542 L36 k=1 ids=[122] w=[0.3689] compute=1.85 ms ok
ds4: [t=+43370.0ms] req seq=543 L1 k=1 ids=[5] w=[0.4812] compute=1.87 ms ok
ds4: [t=+43370.1ms] tok#34 done: 12 layer-reqs, 14 experts, compute 22.56 ms (1.88 ms/layer), wall 137.12 ms, errors=0, evict-hints=12 | cache: resident=3337/3337 slabs=3 wired=22.00 GiB mlock-fail=0 B hits=543 misses=0 swaps=542
ds4: [t=+43370.1ms] tok#34 experts: L4=[229] L9=[156,184] L12=[59] L17=[4] L19=[44] L22=[23] L25=[236] L26=[3] L31=[2] L32=[25] L35=[70,30] L36=[122]
ds4: [t=+43377.2ms] req seq=544 L3 k=1 ids=[11] w=[0.4871] compute=1.83 ms ok
ds4: [t=+43393.4ms] req seq=545 L7 k=1 ids=[107] w=[0.2108] compute=1.89 ms ok
ds4: [t=+43401.4ms] req seq=546 L9 k=1 ids=[184] w=[0.1797] compute=1.78 ms ok
ds4: [t=+43408.4ms] req seq=547 L11 k=1 ids=[40] w=[0.1769] compute=1.79 ms ok
ds4: [t=+43434.2ms] req seq=548 L19 k=1 ids=[71] w=[0.1845] compute=1.89 ms ok
ds4: [t=+43446.8ms] req seq=549 L22 k=3 ids=[27,236,96] w=[0.2606,0.2074,0.2054] compute=1.96 ms ok
ds4: [t=+43454.8ms] req seq=550 L23 k=1 ids=[93] w=[0.2128] compute=1.78 ms ok
ds4: [t=+43480.0ms] req seq=551 L29 k=1 ids=[17] w=[0.3969] compute=1.86 ms ok
ds4: [t=+43498.6ms] req seq=552 L35 k=1 ids=[30] w=[0.1691] compute=1.87 ms ok
ds4: [t=+43513.5ms] req seq=553 L39 k=1 ids=[14] w=[0.1669] compute=1.90 ms ok
ds4: [t=+43564.1ms] req seq=554 L9 k=1 ids=[2] w=[0.5134] compute=2.09 ms ok
ds4: [t=+43564.2ms] tok#35 done: 11 layer-reqs, 13 experts, compute 20.41 ms (1.86 ms/layer), wall 196.07 ms, errors=0, evict-hints=11 | cache: resident=3337/3337 slabs=3 wired=22.00 GiB mlock-fail=0 B hits=554 misses=0 swaps=553
ds4: [t=+43564.2ms] tok#35 experts: L1=[5] L3=[11] L7=[107] L9=[184] L11=[40] L19=[71] L22=[27,236,96] L23=[93] L29=[17] L35=[30] L39=[14]
ds4: [t=+43573.9ms] req seq=555 L12 k=1 ids=[154] w=[0.2076] compute=1.78 ms ok
ds4: [t=+43585.2ms] req seq=556 L15 k=1 ids=[96] w=[0.3602] compute=1.86 ms ok
ds4: [t=+43600.0ms] req seq=557 L20 k=1 ids=[85] w=[0.2151] compute=1.90 ms ok
ds4: [t=+43606.3ms] req seq=558 L21 k=1 ids=[81] w=[0.1638] compute=1.80 ms ok
ds4: [t=+43625.5ms] req seq=559 L28 k=2 ids=[53,7] w=[0.3730,0.1540] compute=1.90 ms ok
ds4: [t=+43637.6ms] req seq=560 L31 k=1 ids=[19] w=[0.1194] compute=1.51 ms ok
ds4: [t=+43645.0ms] req seq=561 L33 k=1 ids=[255] w=[0.3779] compute=1.51 ms ok
ds4: [t=+43650.8ms] req seq=562 L34 k=1 ids=[39] w=[0.2195] compute=1.43 ms ok
ds4: [t=+43668.3ms] req seq=563 L39 k=1 ids=[222] w=[0.3321] compute=1.52 ms ok
ds4: [t=+43700.5ms] req seq=564 L5 k=1 ids=[124] w=[0.1016] compute=1.60 ms ok
ds4: [t=+43700.6ms] tok#36 done: 10 layer-reqs, 11 experts, compute 17.31 ms (1.73 ms/layer), wall 138.58 ms, errors=0, evict-hints=10 | cache: resident=3337/3337 slabs=3 wired=22.00 GiB mlock-fail=0 B hits=564 misses=0 swaps=563
ds4: [t=+43700.6ms] tok#36 experts: L9=[2] L12=[154] L15=[96] L20=[85] L21=[81] L28=[53,7] L31=[19] L33=[255] L34=[39] L39=[222]
ds4: [t=+43716.3ms] req seq=565 L10 k=1 ids=[53] w=[0.1470] compute=1.59 ms ok
ds4: [t=+43725.2ms] req seq=566 L12 k=2 ids=[186,12] w=[0.1863,0.1421] compute=1.45 ms ok
ds4: [t=+43734.7ms] req seq=567 L15 k=1 ids=[18] w=[0.2033] compute=1.56 ms ok
ds4: [t=+43740.3ms] req seq=568 L16 k=1 ids=[78] w=[0.1881] compute=1.53 ms ok
ds4: [t=+43746.3ms] req seq=569 L17 k=1 ids=[147] w=[0.2236] compute=1.75 ms ok
ds4: [t=+43752.0ms] req seq=570 L18 k=1 ids=[26] w=[0.2998] compute=1.56 ms ok
ds4: [t=+43758.0ms] req seq=571 L19 k=1 ids=[49] w=[0.1473] compute=1.49 ms ok
ds4: [t=+43766.6ms] req seq=572 L21 k=1 ids=[76] w=[0.2747] compute=1.70 ms ok
ds4: [t=+43792.0ms] req seq=573 L26 k=1 ids=[18] w=[0.1840] compute=1.87 ms ok
ds4: [t=+43800.3ms] req seq=574 L28 k=1 ids=[7] w=[0.2417] compute=1.80 ms ok
ds4: [t=+43829.5ms] req seq=575 L36 k=1 ids=[20] w=[0.1518] compute=1.89 ms ok
ds4: [t=+43878.3ms] req seq=576 L3 k=1 ids=[56] w=[0.1189] compute=2.06 ms ok
ds4: [t=+43878.5ms] tok#37 done: 12 layer-reqs, 13 experts, compute 19.79 ms (1.65 ms/layer), wall 179.58 ms, errors=0, evict-hints=12 | cache: resident=3337/3337 slabs=3 wired=22.00 GiB mlock-fail=0 B hits=576 misses=0 swaps=575
ds4: [t=+43878.5ms] tok#37 experts: L5=[124] L10=[53] L12=[186,12] L15=[18] L16=[78] L17=[147] L18=[26] L19=[49] L21=[76] L26=[18] L28=[7] L36=[20]
ds4: [t=+43891.8ms] req seq=577 L6 k=1 ids=[128] w=[0.1251] compute=1.82 ms ok
ds4: [t=+43907.5ms] req seq=578 L9 k=2 ids=[48,214] w=[0.1447,0.1327] compute=1.86 ms ok
ds4: [t=+43916.8ms] req seq=579 L11 k=1 ids=[30] w=[0.1330] compute=1.82 ms ok
ds4: [t=+43924.4ms] req seq=580 L13 k=1 ids=[13] w=[0.1521] compute=1.80 ms ok
ds4: [t=+43934.5ms] req seq=581 L16 k=1 ids=[246] w=[0.1725] compute=1.88 ms ok
ds4: [t=+43948.4ms] req seq=582 L19 k=1 ids=[116] w=[0.1617] compute=1.86 ms ok
ds4: [t=+43954.6ms] req seq=583 L20 k=1 ids=[155] w=[0.1805] compute=1.80 ms ok
ds4: [t=+43964.7ms] req seq=584 L23 k=1 ids=[25] w=[0.1834] compute=1.83 ms ok
ds4: [t=+43973.8ms] req seq=585 L25 k=1 ids=[94] w=[0.2281] compute=1.82 ms ok
ds4: [t=+44003.8ms] req seq=586 L31 k=1 ids=[165] w=[0.1393] compute=1.89 ms ok
ds4: [t=+44015.8ms] req seq=587 L34 k=1 ids=[19] w=[0.1262] compute=1.89 ms ok
ds4: [t=+44028.5ms] req seq=588 L37 k=1 ids=[2] w=[0.1526] compute=1.88 ms ok
ds4: [t=+44039.9ms] req seq=589 L39 k=1 ids=[176] w=[0.1805] compute=1.85 ms ok
ds4: [t=+44086.5ms] req seq=590 L7 k=1 ids=[47] w=[0.2086] compute=2.00 ms ok
ds4: [t=+44086.6ms] tok#38 done: 14 layer-reqs, 15 experts, compute 26.06 ms (1.86 ms/layer), wall 210.41 ms, errors=0, evict-hints=14 | cache: resident=3337/3337 slabs=3 wired=22.00 GiB mlock-fail=0 B hits=590 misses=0 swaps=589
ds4: [t=+44086.7ms] tok#38 experts: L3=[56] L6=[128] L9=[48,214] L11=[30] L13=[13] L16=[246] L19=[116] L20=[155] L23=[25] L25=[94] L31=[165] L34=[19] L37=[2] L39=[176]
ds4: [t=+44105.5ms] req seq=591 L13 k=1 ids=[55] w=[0.1191] compute=1.87 ms ok
ds4: [t=+44111.7ms] req seq=592 L14 k=1 ids=[67] w=[0.1733] compute=1.83 ms ok
ds4: [t=+44125.6ms] req seq=593 L18 k=1 ids=[74] w=[0.1094] compute=1.82 ms ok
ds4: [t=+44132.8ms] req seq=594 L19 k=1 ids=[133] w=[0.0787] compute=1.83 ms ok
ds4: [t=+44140.4ms] req seq=595 L20 k=2 ids=[34,146] w=[0.2944,0.2649] compute=1.83 ms ok
ds4: [t=+44147.2ms] req seq=596 L21 k=1 ids=[47] w=[0.3034] compute=1.85 ms ok
ds4: [t=+44154.0ms] req seq=597 L22 k=1 ids=[33] w=[0.2862] compute=1.84 ms ok
ds4: [t=+44161.5ms] req seq=598 L23 k=2 ids=[97,152] w=[0.2878,0.2102] compute=1.84 ms ok
ds4: [t=+44267.0ms] req seq=599 L12 k=1 ids=[227] w=[0.1891] compute=2.15 ms ok
ds4: [t=+44267.2ms] tok#39 done: 9 layer-reqs, 11 experts, compute 16.71 ms (1.86 ms/layer), wall 182.64 ms, errors=0, evict-hints=9 | cache: resident=3337/3337 slabs=3 wired=22.00 GiB mlock-fail=0 B hits=599 misses=0 swaps=598
ds4: [t=+44267.2ms] tok#39 experts: L7=[47] L13=[55] L14=[67] L18=[74] L19=[133] L20=[34,146] L21=[47] L22=[33] L23=[97,152]
ds4: [t=+44279.3ms] req seq=600 L15 k=1 ids=[88] w=[0.1649] compute=1.87 ms ok
ds4: [t=+44287.3ms] req seq=601 L17 k=1 ids=[240] w=[0.2190] compute=1.82 ms ok
ds4: [t=+44295.5ms] req seq=602 L19 k=1 ids=[132] w=[0.0959] compute=1.82 ms ok
ds4: [t=+44309.0ms] req seq=603 L22 k=1 ids=[34] w=[0.3119] compute=1.83 ms ok
ds4: [t=+44341.9ms] req seq=604 L31 k=1 ids=[53] w=[0.1471] compute=1.88 ms ok
ds4: [t=+44358.4ms] req seq=605 L34 k=1 ids=[20] w=[0.1537] compute=1.46 ms ok
ds4: [t=+44386.9ms] req seq=606 L39 k=1 ids=[192] w=[0.3788] compute=1.52 ms ok
ds4: [t=+44425.6ms] req seq=607 L1 k=1 ids=[16] w=[0.2423] compute=1.56 ms ok
ds4: [t=+44425.7ms] tok#40 done: 8 layer-reqs, 8 experts, compute 14.35 ms (1.79 ms/layer), wall 160.81 ms, errors=0, evict-hints=8 | cache: resident=3337/3337 slabs=3 wired=22.00 GiB mlock-fail=0 B hits=607 misses=0 swaps=606
ds4: [t=+44425.7ms] tok#40 experts: L12=[227] L15=[88] L17=[240] L19=[132] L22=[34] L31=[53] L34=[20] L39=[192]
ds4: [t=+44439.0ms] req seq=608 L4 k=1 ids=[27] w=[0.4007] compute=1.56 ms ok
ds4: [t=+44453.4ms] req seq=609 L7 k=1 ids=[112] w=[0.2086] compute=1.59 ms ok
ds4: [t=+44462.0ms] req seq=610 L9 k=2 ids=[24,47] w=[0.4180,0.1342] compute=1.82 ms ok
ds4: [t=+44467.9ms] req seq=611 L10 k=2 ids=[9,4] w=[0.2849,0.1248] compute=1.55 ms ok
ds4: [t=+44474.3ms] req seq=612 L11 k=1 ids=[58] w=[0.2211] compute=1.53 ms ok
ds4: [t=+44480.7ms] req seq=613 L12 k=2 ids=[12,8] w=[0.2416,0.2355] compute=1.74 ms ok
ds4: [t=+44490.4ms] req seq=614 L14 k=1 ids=[215] w=[0.1652] compute=1.59 ms ok
ds4: [t=+44496.7ms] req seq=615 L15 k=1 ids=[7] w=[0.2535] compute=1.77 ms ok
ds4: [t=+44508.0ms] req seq=616 L16 k=1 ids=[215] w=[0.1689] compute=1.67 ms ok
ds4: [t=+44516.5ms] req seq=617 L17 k=1 ids=[149] w=[0.1521] compute=1.85 ms ok
ds4: [t=+44524.2ms] req seq=618 L18 k=1 ids=[60] w=[0.2903] compute=1.67 ms ok
ds4: [t=+44537.1ms] req seq=619 L20 k=2 ids=[223,4] w=[0.2278,0.1810] compute=1.87 ms ok
ds4: [t=+44550.2ms] req seq=620 L22 k=1 ids=[11] w=[0.1818] compute=1.83 ms ok
ds4: [t=+44556.7ms] req seq=621 L23 k=1 ids=[241] w=[0.1762] compute=1.80 ms ok
ds4: [t=+44563.2ms] req seq=622 L24 k=1 ids=[33] w=[0.1789] compute=1.86 ms ok
ds4: [t=+44578.7ms] req seq=623 L28 k=1 ids=[165] w=[0.2196] compute=1.86 ms ok
ds4: [t=+44628.9ms] req seq=624 L40 k=1 ids=[178] w=[0.1891] compute=2.03 ms ok
ds4: [t=+44640.4ms] req seq=625 L42 k=1 ids=[235] w=[0.1819] compute=1.83 ms ok
ds4: [t=+44678.3ms] req seq=626 L7 k=1 ids=[5] w=[0.1532] compute=1.92 ms ok
ds4: [t=+44678.4ms] tok#41 done: 19 layer-reqs, 23 experts, compute 33.01 ms (1.74 ms/layer), wall 254.30 ms, errors=0, evict-hints=19 | cache: resident=3337/3337 slabs=3 wired=22.00 GiB mlock-fail=0 B hits=626 misses=0 swaps=625
ds4: [t=+44678.4ms] tok#41 experts: L1=[16] L4=[27] L7=[112] L9=[24,47] L10=[9,4] L11=[58] L12=[12,8] L14=[215] L15=[7] L16=[215] L17=[149] L18=[60] L20=[223,4] L22=[11] L23=[241] L24=[33] L28=[165] L40=[178] L42=[235]
ds4: [t=+44693.0ms] req seq=627 L10 k=2 ids=[8,31] w=[0.5220,0.2418] compute=1.85 ms ok
ds4: [t=+44699.5ms] req seq=628 L11 k=2 ids=[3,100] w=[0.2592,0.1354] compute=1.81 ms ok
ds4: [t=+44706.0ms] req seq=629 L12 k=2 ids=[86,172] w=[0.2616,0.1683] compute=1.76 ms ok
ds4: [t=+44716.8ms] req seq=630 L15 k=1 ids=[8] w=[0.2048] compute=1.82 ms ok
ds4: [t=+44731.4ms] req seq=631 L19 k=1 ids=[8] w=[0.3654] compute=1.89 ms ok
ds4: [t=+44738.1ms] req seq=632 L20 k=1 ids=[94] w=[0.3554] compute=1.82 ms ok
ds4: [t=+44750.8ms] req seq=633 L21 k=1 ids=[103] w=[0.1393] compute=1.86 ms ok
ds4: [t=+44766.6ms] req seq=634 L23 k=1 ids=[44] w=[0.1455] compute=1.87 ms ok
ds4: [t=+44818.1ms] req seq=635 L34 k=1 ids=[58] w=[0.1734] compute=1.94 ms ok
ds4: [t=+44824.3ms] req seq=636 L35 k=1 ids=[31] w=[0.4045] compute=1.81 ms ok
ds4: [t=+44883.0ms] req seq=637 L4 k=1 ids=[38] w=[0.2882] compute=2.08 ms ok
ds4: [t=+44883.1ms] tok#42 done: 11 layer-reqs, 14 experts, compute 20.34 ms (1.85 ms/layer), wall 206.72 ms, errors=0, evict-hints=11 | cache: resident=3337/3337 slabs=3 wired=22.00 GiB mlock-fail=0 B hits=637 misses=0 swaps=636
ds4: [t=+44883.1ms] tok#42 experts: L7=[5] L10=[8,31] L11=[3,100] L12=[86,172] L15=[8] L19=[8] L20=[94] L21=[103] L23=[44] L34=[58] L35=[31]
ds4: [t=+44898.1ms] req seq=638 L8 k=1 ids=[2] w=[0.2096] compute=1.87 ms ok
ds4: [t=+44908.9ms] req seq=639 L10 k=1 ids=[4] w=[0.1718] compute=1.81 ms ok
ds4: [t=+44916.5ms] req seq=640 L11 k=1 ids=[164] w=[0.2761] compute=1.81 ms ok
ds4: [t=+44923.1ms] req seq=641 L12 k=1 ids=[26] w=[0.3051] compute=1.82 ms ok
ds4: [t=+44930.6ms] req seq=642 L13 k=1 ids=[24] w=[0.1245] compute=1.88 ms ok
ds4: [t=+44951.0ms] req seq=643 L16 k=1 ids=[21] w=[0.1851] compute=1.88 ms ok
ds4: [t=+44967.7ms] req seq=644 L19 k=1 ids=[73] w=[0.2526] compute=1.88 ms ok
ds4: [t=+44984.4ms] req seq=645 L21 k=1 ids=[16] w=[0.1867] compute=1.88 ms ok
ds4: [t=+44998.6ms] req seq=646 L23 k=1 ids=[40] w=[0.1528] compute=1.90 ms ok
ds4: [t=+45031.0ms] req seq=647 L24 k=1 ids=[229] w=[0.1000] compute=1.92 ms ok
ds4: [t=+45038.9ms] req seq=648 L25 k=1 ids=[47] w=[0.1438] compute=1.84 ms ok
ds4: [t=+45182.3ms] req seq=649 L5 k=3 ids=[51,120,122] w=[0.2564,0.2299,0.2121] compute=2.08 ms ok
ds4: [t=+45182.5ms] tok#43 done: 12 layer-reqs, 12 experts, compute 22.57 ms (1.88 ms/layer), wall 301.54 ms, errors=0, evict-hints=12 | cache: resident=3337/3337 slabs=3 wired=22.00 GiB mlock-fail=0 B hits=649 misses=0 swaps=648
ds4: [t=+45182.5ms] tok#43 experts: L4=[38] L8=[2] L10=[4] L11=[164] L12=[26] L13=[24] L16=[21] L19=[73] L21=[16] L23=[40] L24=[229] L25=[47]
ds4: [t=+45195.6ms] req seq=650 L7 k=1 ids=[129] w=[0.1301] compute=1.87 ms ok
ds4: [t=+45206.9ms] req seq=651 L8 k=2 ids=[8,104] w=[0.1888,0.1364] compute=1.81 ms ok
ds4: [t=+45221.8ms] req seq=652 L10 k=2 ids=[95,238] w=[0.1377,0.1158] compute=1.86 ms ok
ds4: [t=+45233.7ms] req seq=653 L11 k=2 ids=[143,171] w=[0.1601,0.1605] compute=1.91 ms ok
ds4: [t=+45242.1ms] req seq=654 L12 k=2 ids=[23,39] w=[0.1534,0.1436] compute=1.81 ms ok
ds4: [t=+45258.1ms] req seq=655 L14 k=1 ids=[143] w=[0.1850] compute=1.82 ms ok
ds4: [t=+45278.1ms] req seq=656 L16 k=1 ids=[114] w=[0.2467] compute=1.91 ms ok
ds4: [t=+45299.7ms] req seq=657 L21 k=1 ids=[85] w=[0.2756] compute=1.90 ms ok
ds4: [t=+45305.9ms] req seq=658 L22 k=1 ids=[2] w=[0.1715] compute=1.83 ms ok
ds4: [t=+45335.0ms] req seq=659 L27 k=1 ids=[107] w=[0.1893] compute=1.92 ms ok
ds4: [t=+45351.0ms] req seq=660 L30 k=1 ids=[31] w=[0.1897] compute=1.87 ms ok
ds4: [t=+45402.6ms] req seq=661 L39 k=1 ids=[43] w=[0.2173] compute=2.04 ms ok
ds4: [t=+45410.0ms] req seq=662 L40 k=1 ids=[202] w=[0.1536] compute=1.84 ms ok
ds4: [t=+45416.7ms] req seq=663 L41 k=1 ids=[21] w=[0.1323] compute=1.79 ms ok
ds4: [t=+45448.6ms] req seq=664 L4 k=1 ids=[105] w=[0.1249] compute=1.89 ms ok
ds4: [t=+45448.7ms] tok#44 done: 15 layer-reqs, 21 experts, compute 28.26 ms (1.88 ms/layer), wall 268.42 ms, errors=0, evict-hints=15 | cache: resident=3337/3337 slabs=3 wired=22.00 GiB mlock-fail=0 B hits=664 misses=0 swaps=663
ds4: [t=+45448.7ms] tok#44 experts: L5=[51,120,122] L7=[129] L8=[8,104] L10=[95,238] L11=[143,171] L12=[23,39] L14=[143] L16=[114] L21=[85] L22=[2] L27=[107] L30=[31] L39=[43] L40=[202] L41=[21]
ds4: [t=+45467.5ms] req seq=665 L10 k=1 ids=[38] w=[0.1646] compute=1.86 ms ok
ds4: [t=+45495.6ms] req seq=666 L20 k=1 ids=[77] w=[0.5469] compute=1.87 ms ok
ds4: [t=+45511.3ms] req seq=667 L25 k=1 ids=[93] w=[0.1336] compute=1.86 ms ok
ds4: [t=+45577.3ms] req seq=668 L3 k=1 ids=[13] w=[0.1996] compute=1.94 ms ok
ds4: [t=+45577.5ms] tok#45 done: 4 layer-reqs, 4 experts, compute 7.49 ms (1.87 ms/layer), wall 130.76 ms, errors=0, evict-hints=4 | cache: resident=3337/3337 slabs=3 wired=22.00 GiB mlock-fail=0 B hits=668 misses=0 swaps=667
ds4: [t=+45577.5ms] tok#45 experts: L4=[105] L10=[38] L20=[77] L25=[93]
ds4: [t=+45584.3ms] req seq=669 L4 k=1 ids=[203] w=[0.2436] compute=1.86 ms ok
ds4: [t=+45594.4ms] req seq=670 L7 k=1 ids=[101] w=[0.1735] compute=1.84 ms ok
ds4: [t=+45600.1ms] req seq=671 L8 k=1 ids=[60] w=[0.1227] compute=1.77 ms ok
ds4: [t=+45606.1ms] req seq=672 L9 k=2 ids=[32,64] w=[0.2876,0.1271] compute=1.86 ms ok
ds4: [t=+45612.4ms] req seq=673 L10 k=1 ids=[24] w=[0.1155] compute=1.83 ms ok
ds4: [t=+45618.2ms] req seq=674 L11 k=1 ids=[234] w=[0.1559] compute=1.73 ms ok
ds4: [t=+45624.7ms] req seq=675 L12 k=3 ids=[39,159,94] w=[0.1696,0.1629,0.1460] compute=1.80 ms ok
ds4: [t=+45630.3ms] req seq=676 L13 k=1 ids=[41] w=[0.1580] compute=1.82 ms ok
ds4: [t=+45636.1ms] req seq=677 L14 k=1 ids=[13] w=[0.3135] compute=1.79 ms ok
ds4: [t=+45642.0ms] req seq=678 L15 k=1 ids=[82] w=[0.2194] compute=1.86 ms ok
ds4: [t=+45648.4ms] req seq=679 L16 k=1 ids=[138] w=[0.2230] compute=1.74 ms ok
ds4: [t=+45654.8ms] req seq=680 L17 k=1 ids=[129] w=[0.1703] compute=1.79 ms ok
ds4: [t=+45661.4ms] req seq=681 L18 k=2 ids=[119,116] w=[0.2869,0.1620] compute=1.82 ms ok
ds4: [t=+45667.7ms] req seq=682 L19 k=1 ids=[172] w=[0.4632] compute=1.81 ms ok
ds4: [t=+45673.7ms] req seq=683 L20 k=1 ids=[95] w=[0.1976] compute=1.79 ms ok
ds4: [t=+45687.9ms] req seq=684 L23 k=1 ids=[6] w=[0.1270] compute=1.88 ms ok
ds4: [t=+45698.2ms] req seq=685 L25 k=1 ids=[18] w=[0.1304] compute=1.84 ms ok
ds4: [t=+45725.8ms] req seq=686 L29 k=1 ids=[166] w=[0.1851] compute=1.57 ms ok
ds4: [t=+45752.0ms] req seq=687 L32 k=1 ids=[35] w=[0.0822] compute=1.57 ms ok
ds4: [t=+45761.0ms] req seq=688 L33 k=1 ids=[76] w=[0.1415] compute=1.60 ms ok
ds4: [t=+45770.0ms] req seq=689 L34 k=1 ids=[17] w=[0.1809] compute=1.45 ms ok
ds4: [t=+45845.1ms] req seq=690 L3 k=1 ids=[80] w=[0.2263] compute=1.76 ms ok
ds4: [t=+45845.2ms] tok#46 done: 22 layer-reqs, 26 experts, compute 38.95 ms (1.77 ms/layer), wall 269.76 ms, errors=0, evict-hints=22 | cache: resident=3337/3337 slabs=3 wired=22.00 GiB mlock-fail=0 B hits=690 misses=0 swaps=689
ds4: [t=+45845.2ms] tok#46 experts: L3=[13] L4=[203] L7=[101] L8=[60] L9=[32,64] L10=[24] L11=[234] L12=[39,159,94] L13=[41] L14=[13] L15=[82] L16=[138] L17=[129] L18=[119,116] L19=[172] L20=[95] L23=[6] L25=[18] L29=[166] L32=[35] L33=[76] L34=[17]
ds4: [t=+45854.0ms] req seq=691 L5 k=1 ids=[156] w=[0.1391] compute=1.47 ms ok
ds4: [t=+45859.5ms] req seq=692 L6 k=1 ids=[155] w=[0.1933] compute=1.56 ms ok
ds4: [t=+45880.1ms] req seq=693 L12 k=2 ids=[8,94] w=[0.2242,0.1704] compute=1.59 ms ok
ds4: [t=+45894.6ms] req seq=694 L16 k=1 ids=[74] w=[0.1917] compute=1.77 ms ok
ds4: [t=+45904.1ms] req seq=695 L18 k=1 ids=[116] w=[0.1582] compute=1.49 ms ok
ds4: [t=+45910.4ms] req seq=696 L19 k=2 ids=[143,64] w=[0.1224,0.1081] compute=1.74 ms ok
ds4: [t=+45916.4ms] req seq=697 L20 k=1 ids=[50] w=[0.2878] compute=1.68 ms ok
ds4: [t=+45922.4ms] req seq=698 L21 k=1 ids=[128] w=[0.2000] compute=1.55 ms ok
ds4: [t=+45947.7ms] req seq=699 L27 k=1 ids=[33] w=[0.1427] compute=1.74 ms ok
ds4: [t=+45953.7ms] req seq=700 L28 k=1 ids=[41] w=[0.1335] compute=1.65 ms ok
ds4: [t=+45960.5ms] req seq=701 L29 k=2 ids=[43,181] w=[0.1931,0.1880] compute=1.83 ms ok
ds4: [t=+45971.5ms] req seq=702 L32 k=1 ids=[224] w=[0.1144] compute=1.72 ms ok
ds4: [t=+45985.0ms] req seq=703 L36 k=1 ids=[9] w=[0.1347] compute=1.89 ms ok
ds4: [t=+46036.4ms] req seq=704 L13 k=1 ids=[235] w=[0.1798] compute=2.07 ms ok
ds4: [t=+46036.6ms] tok#47 done: 14 layer-reqs, 17 experts, compute 23.44 ms (1.67 ms/layer), wall 193.20 ms, errors=0, evict-hints=14 | cache: resident=3337/3337 slabs=3 wired=22.00 GiB mlock-fail=0 B hits=704 misses=0 swaps=703
ds4: [t=+46036.6ms] tok#47 experts: L3=[80] L5=[156] L6=[155] L12=[8,94] L16=[74] L18=[116] L19=[143,64] L20=[50] L21=[128] L27=[33] L28=[41] L29=[43,181] L32=[224] L36=[9]
ds4: [t=+46043.5ms] req seq=705 L15 k=1 ids=[23] w=[0.1621] compute=1.91 ms ok
ds4: [t=+46049.5ms] req seq=706 L16 k=1 ids=[25] w=[0.2161] compute=1.80 ms ok
ds4: [t=+46078.3ms] req seq=707 L27 k=1 ids=[29] w=[0.1588] compute=1.90 ms ok
ds4: [t=+46086.9ms] req seq=708 L29 k=1 ids=[181] w=[0.1894] compute=1.80 ms ok
ds4: [t=+46136.8ms] req seq=709 L7 k=1 ids=[3] w=[0.1075] compute=2.05 ms ok
ds4: [t=+46136.9ms] tok#48 done: 5 layer-reqs, 5 experts, compute 9.47 ms (1.89 ms/layer), wall 102.49 ms, errors=0, evict-hints=5 | cache: resident=3337/3337 slabs=3 wired=22.00 GiB mlock-fail=0 B hits=709 misses=0 swaps=708
ds4: [t=+46136.9ms] tok#48 experts: L13=[235] L15=[23] L16=[25] L27=[29] L29=[181]
ds4: [t=+46145.1ms] req seq=710 L10 k=1 ids=[76] w=[0.1207] compute=1.83 ms ok
ds4: [t=+46151.6ms] req seq=711 L11 k=1 ids=[157] w=[0.1213] compute=1.76 ms ok
ds4: [t=+46157.5ms] req seq=712 L12 k=1 ids=[206] w=[0.2409] compute=1.80 ms ok
ds4: [t=+46167.3ms] req seq=713 L15 k=1 ids=[69] w=[0.1841] compute=1.80 ms ok
ds4: [t=+46173.7ms] req seq=714 L17 k=1 ids=[203] w=[0.1757] compute=1.83 ms ok
ds4: [t=+46179.7ms] req seq=715 L18 k=2 ids=[111,103] w=[0.1666,0.1545] compute=1.82 ms ok
ds4: [t=+46188.4ms] req seq=716 L21 k=1 ids=[121] w=[0.1312] compute=1.69 ms ok
ds4: [t=+46193.7ms] req seq=717 L22 k=1 ids=[137] w=[0.2764] compute=1.80 ms ok
ds4: [t=+46201.2ms] req seq=718 L25 k=1 ids=[53] w=[0.2382] compute=1.78 ms ok
ds4: [t=+46226.7ms] req seq=719 L36 k=1 ids=[204] w=[0.1408] compute=1.91 ms ok
ds4: [t=+46240.8ms] req seq=720 L41 k=1 ids=[0] w=[0.1292] compute=1.85 ms ok
ds4: [t=+46252.2ms] req seq=721 L0 k=1 ids=[3] w=[0.2254] compute=1.89 ms ok
ds4: [t=+46252.4ms] tok#49 done: 12 layer-reqs, 13 experts, compute 21.93 ms (1.83 ms/layer), wall 117.59 ms, errors=0, evict-hints=12 | cache: resident=3337/3337 slabs=3 wired=22.00 GiB mlock-fail=0 B hits=721 misses=0 swaps=720
ds4: [t=+46252.4ms] tok#49 experts: L7=[3] L10=[76] L11=[157] L12=[206] L15=[69] L17=[203] L18=[111,103] L21=[121] L22=[137] L25=[53] L36=[204] L41=[0]
ds4: [t=+46262.5ms] req seq=722 L3 k=2 ids=[51,22] w=[0.3611,0.1455] compute=1.95 ms ok
ds4: [t=+46272.2ms] req seq=723 L5 k=3 ids=[82,188,166] w=[0.1701,0.1735,0.1591] compute=1.72 ms ok
ds4: [t=+46281.7ms] req seq=724 L7 k=1 ids=[17] w=[0.0986] compute=1.81 ms ok
ds4: [t=+46288.0ms] req seq=725 L8 k=1 ids=[207] w=[0.1886] compute=1.75 ms ok
ds4: [t=+46293.9ms] req seq=726 L9 k=1 ids=[42] w=[0.2131] compute=1.83 ms ok
ds4: [t=+46301.1ms] req seq=727 L11 k=2 ids=[126,171] w=[0.2268,0.1520] compute=1.77 ms ok
ds4: [t=+46307.7ms] req seq=728 L12 k=1 ids=[106] w=[0.2830] compute=1.82 ms ok
ds4: [t=+46316.6ms] req seq=729 L14 k=1 ids=[214] w=[0.1133] compute=1.90 ms ok
ds4: [t=+46323.3ms] req seq=730 L15 k=1 ids=[162] w=[0.2246] compute=1.86 ms ok
ds4: [t=+46344.4ms] req seq=731 L20 k=1 ids=[70] w=[0.2092] compute=1.85 ms ok
ds4: [t=+46354.1ms] req seq=732 L22 k=1 ids=[74] w=[0.1582] compute=1.87 ms ok
ds4: [t=+46413.6ms] req seq=733 L37 k=1 ids=[13] w=[0.2682] compute=2.09 ms ok
ds4: [t=+46427.9ms] req seq=734 L42 k=1 ids=[36] w=[0.1849] compute=1.87 ms ok
ds4: [t=+46450.6ms] req seq=735 L6 k=1 ids=[12] w=[0.1550] compute=1.89 ms ok
ds4: [t=+46450.8ms] tok#50 done: 14 layer-reqs, 18 experts, compute 25.98 ms (1.86 ms/layer), wall 200.42 ms, errors=0, evict-hints=14 | cache: resident=3337/3337 slabs=3 wired=22.00 GiB mlock-fail=0 B hits=735 misses=0 swaps=734
ds4: [t=+46450.8ms] tok#50 experts: L0=[3] L3=[51,22] L5=[82,188,166] L7=[17] L8=[207] L9=[42] L11=[126,171] L12=[106] L14=[214] L15=[162] L20=[70] L22=[74] L37=[13] L42=[36]
ds4: [t=+46465.4ms] req seq=736 L11 k=1 ids=[109] w=[0.2319] compute=1.84 ms ok
ds4: [t=+46471.6ms] req seq=737 L12 k=1 ids=[228] w=[0.2549] compute=1.79 ms ok
ds4: [t=+46482.5ms] req seq=738 L15 k=1 ids=[56] w=[0.1206] compute=1.85 ms ok
ds4: [t=+46490.3ms] req seq=739 L17 k=1 ids=[103] w=[0.2086] compute=1.80 ms ok
ds4: [t=+46508.8ms] req seq=740 L23 k=1 ids=[147] w=[0.1186] compute=1.93 ms ok
ds4: [t=+46542.3ms] req seq=741 L36 k=1 ids=[57] w=[0.1165] compute=1.61 ms ok
ds4: [t=+46576.0ms] req seq=742 L6 k=1 ids=[13] w=[0.1215] compute=1.66 ms ok
ds4: [t=+46576.1ms] tok#51 done: 7 layer-reqs, 7 experts, compute 12.70 ms (1.81 ms/layer), wall 127.31 ms, errors=0, evict-hints=7 | cache: resident=3337/3337 slabs=3 wired=22.00 GiB mlock-fail=0 B hits=742 misses=0 swaps=741
ds4: [t=+46576.1ms] tok#51 experts: L6=[12] L11=[109] L12=[228] L15=[56] L17=[103] L23=[147] L36=[57]
ds4: [t=+46581.9ms] req seq=743 L7 k=1 ids=[244] w=[0.1373] compute=1.54 ms ok
ds4: [t=+46587.7ms] req seq=744 L8 k=1 ids=[36] w=[0.1677] compute=1.52 ms ok
ds4: [t=+46593.7ms] req seq=745 L9 k=1 ids=[106] w=[0.2741] compute=1.70 ms ok
ds4: [t=+46601.2ms] req seq=746 L11 k=2 ids=[114,171] w=[0.1183,0.1218] compute=1.49 ms ok
ds4: [t=+46616.5ms] req seq=747 L16 k=2 ids=[186,37] w=[0.3558,0.1855] compute=1.68 ms ok
ds4: [t=+46625.1ms] req seq=748 L18 k=2 ids=[122,205] w=[0.1500,0.1478] compute=1.58 ms ok
ds4: [t=+46631.3ms] req seq=749 L19 k=2 ids=[140,64] w=[0.1843,0.1588] compute=1.76 ms ok
ds4: [t=+46657.3ms] req seq=750 L29 k=1 ids=[121] w=[0.2404] compute=1.79 ms ok
ds4: [t=+46713.0ms] req seq=751 L4 k=2 ids=[180,212] w=[0.1192,0.1160] compute=1.92 ms ok
ds4: [t=+46713.2ms] tok#52 done: 9 layer-reqs, 13 experts, compute 14.69 ms (1.63 ms/layer), wall 138.79 ms, errors=0, evict-hints=9 | cache: resident=3337/3337 slabs=3 wired=22.00 GiB mlock-fail=0 B hits=751 misses=0 swaps=750
ds4: [t=+46713.2ms] tok#52 experts: L6=[13] L7=[244] L8=[36] L9=[106] L11=[114,171] L16=[186,37] L18=[122,205] L19=[140,64] L29=[121]
ds4: [t=+46726.6ms] req seq=752 L10 k=1 ids=[64] w=[0.1646] compute=1.87 ms ok
ds4: [t=+46733.0ms] req seq=753 L11 k=1 ids=[171] w=[0.1550] compute=1.79 ms ok
ds4: [t=+46744.6ms] req seq=754 L15 k=1 ids=[155] w=[0.1466] compute=1.88 ms ok
ds4: [t=+46761.0ms] req seq=755 L22 k=1 ids=[108] w=[0.1358] compute=1.91 ms ok
ds4: [t=+46785.2ms] req seq=756 L34 k=1 ids=[69] w=[0.1448] compute=1.87 ms ok
ds4: [t=+46807.5ms] req seq=757 L0 k=1 ids=[254] w=[0.1883] compute=1.87 ms ok
ds4: [t=+46807.6ms] tok#53 done: 6 layer-reqs, 7 experts, compute 11.24 ms (1.87 ms/layer), wall 96.44 ms, errors=0, evict-hints=6 | cache: resident=3337/3337 slabs=3 wired=22.00 GiB mlock-fail=0 B hits=757 misses=0 swaps=756
ds4: [t=+46807.6ms] tok#53 experts: L4=[180,212] L10=[64] L11=[171] L15=[155] L22=[108] L34=[69]
ds4: [t=+46814.9ms] req seq=758 L2 k=1 ids=[127] w=[0.3038] compute=1.82 ms ok
ds4: [t=+46821.7ms] req seq=759 L4 k=1 ids=[212] w=[0.2595] compute=1.83 ms ok
ds4: [t=+46831.6ms] req seq=760 L7 k=2 ids=[36,21] w=[0.1255,0.1232] compute=1.90 ms ok
ds4: [t=+46837.7ms] req seq=761 L8 k=1 ids=[34] w=[0.2915] compute=1.84 ms ok
ds4: [t=+46844.1ms] req seq=762 L9 k=1 ids=[220] w=[0.2636] compute=1.90 ms ok
ds4: [t=+46857.9ms] req seq=763 L13 k=2 ids=[10,44] w=[0.2993,0.2386] compute=1.89 ms ok
ds4: [t=+46864.0ms] req seq=764 L14 k=1 ids=[125] w=[0.1712] compute=1.85 ms ok
ds4: [t=+46872.5ms] req seq=765 L16 k=1 ids=[253] w=[0.4817] compute=1.79 ms ok
ds4: [t=+46878.4ms] req seq=766 L17 k=1 ids=[197] w=[0.1880] compute=1.83 ms ok
ds4: [t=+46884.9ms] req seq=767 L18 k=1 ids=[67] w=[0.1980] compute=1.80 ms ok
ds4: [t=+46892.1ms] req seq=768 L19 k=2 ids=[205,147] w=[0.1577,0.1711] compute=1.83 ms ok
ds4: [t=+46898.5ms] req seq=769 L20 k=1 ids=[124] w=[0.3092] compute=1.77 ms ok
ds4: [t=+46904.8ms] req seq=770 L21 k=1 ids=[13] w=[0.1547] compute=1.81 ms ok
ds4: [t=+46916.0ms] req seq=771 L23 k=1 ids=[84] w=[0.2066] compute=1.89 ms ok
ds4: [t=+46927.9ms] req seq=772 L25 k=1 ids=[134] w=[0.1843] compute=1.89 ms ok
ds4: [t=+46934.6ms] req seq=773 L26 k=1 ids=[19] w=[0.1420] compute=1.80 ms ok
ds4: [t=+47000.0ms] req seq=774 L35 k=1 ids=[28] w=[0.4150] compute=2.08 ms ok
ds4: [t=+47055.4ms] req seq=775 L4 k=1 ids=[134] w=[0.2049] compute=2.00 ms ok
ds4: [t=+47055.5ms] tok#54 done: 18 layer-reqs, 21 experts, compute 33.39 ms (1.86 ms/layer), wall 249.83 ms, errors=0, evict-hints=18 | cache: resident=3337/3337 slabs=3 wired=22.00 GiB mlock-fail=0 B hits=775 misses=0 swaps=774
ds4: [t=+47055.5ms] tok#54 experts: L0=[254] L2=[127] L4=[212] L7=[36,21] L8=[34] L9=[220] L13=[10,44] L14=[125] L16=[253] L17=[197] L18=[67] L19=[205,147] L20=[124] L21=[13] L23=[84] L25=[134] L26=[19] L35=[28]
ds4: [t=+47084.5ms] req seq=776 L17 k=1 ids=[76] w=[0.2296] compute=1.89 ms ok
ds4: [t=+47092.3ms] req seq=777 L19 k=1 ids=[7] w=[0.2131] compute=1.82 ms ok
ds4: [t=+47098.5ms] req seq=778 L20 k=1 ids=[146] w=[0.1783] compute=1.82 ms ok
ds4: [t=+47108.4ms] req seq=779 L24 k=1 ids=[26] w=[0.1867] compute=1.83 ms ok
ds4: [t=+47129.8ms] req seq=780 L32 k=1 ids=[24] w=[0.1987] compute=1.90 ms ok
ds4: [t=+47164.8ms] req seq=781 L3 k=1 ids=[57] w=[0.2034] compute=1.89 ms ok
ds4: [t=+47164.9ms] tok#55 done: 6 layer-reqs, 6 experts, compute 11.26 ms (1.88 ms/layer), wall 111.52 ms, errors=0, evict-hints=6 | cache: resident=3337/3337 slabs=3 wired=22.00 GiB mlock-fail=0 B hits=781 misses=0 swaps=780
ds4: [t=+47164.9ms] tok#55 experts: L4=[134] L17=[76] L19=[7] L20=[146] L24=[26] L32=[24]
ds4: [t=+47172.0ms] req seq=782 L5 k=1 ids=[140] w=[0.1975] compute=1.81 ms ok
ds4: [t=+47178.3ms] req seq=783 L6 k=1 ids=[213] w=[0.2173] compute=1.85 ms ok
ds4: [t=+47184.6ms] req seq=784 L7 k=1 ids=[59] w=[0.1349] compute=1.79 ms ok
ds4: [t=+47190.9ms] req seq=785 L8 k=1 ids=[53] w=[0.1662] compute=1.83 ms ok
ds4: [t=+47197.2ms] req seq=786 L9 k=1 ids=[30] w=[0.1398] compute=1.85 ms ok
ds4: [t=+47213.6ms] req seq=787 L14 k=1 ids=[11] w=[0.1746] compute=1.89 ms ok
ds4: [t=+47234.5ms] req seq=788 L20 k=1 ids=[73] w=[0.2178] compute=1.90 ms ok
ds4: [t=+47313.4ms] req seq=789 L7 k=1 ids=[89] w=[0.1906] compute=2.08 ms ok
ds4: [t=+47313.6ms] tok#56 done: 8 layer-reqs, 8 experts, compute 14.81 ms (1.85 ms/layer), wall 150.63 ms, errors=0, evict-hints=8 | cache: resident=3337/3337 slabs=3 wired=22.00 GiB mlock-fail=0 B hits=789 misses=0 swaps=788
ds4: [t=+47313.6ms] tok#56 experts: L3=[57] L5=[140] L6=[213] L7=[59] L8=[53] L9=[30] L14=[11] L20=[73]
ds4: [t=+47323.6ms] req seq=790 L11 k=1 ids=[43] w=[0.1550] compute=1.83 ms ok
ds4: [t=+47332.6ms] req seq=791 L14 k=1 ids=[111] w=[0.2240] compute=1.80 ms ok
ds4: [t=+47338.8ms] req seq=792 L15 k=1 ids=[250] w=[0.2326] compute=1.82 ms ok
ds4: [t=+47348.4ms] req seq=793 L19 k=2 ids=[29,12] w=[0.2837,0.1726] compute=1.87 ms ok
ds4: [t=+47354.5ms] req seq=794 L20 k=1 ids=[114] w=[0.1868] compute=1.82 ms ok
ds4: [t=+47400.0ms] req seq=795 L40 k=1 ids=[137] w=[0.1575] compute=2.07 ms ok
ds4: [t=+47416.5ms] req seq=796 L3 k=1 ids=[15] w=[0.1666] compute=1.82 ms ok
ds4: [t=+47416.6ms] tok#57 done: 7 layer-reqs, 8 experts, compute 13.28 ms (1.90 ms/layer), wall 105.21 ms, errors=0, evict-hints=7 | cache: resident=3337/3337 slabs=3 wired=22.00 GiB mlock-fail=0 B hits=796 misses=0 swaps=795
ds4: [t=+47416.6ms] tok#57 experts: L7=[89] L11=[43] L14=[111] L15=[250] L19=[29,12] L20=[114] L40=[137]
ds4: [t=+47422.5ms] req seq=797 L4 k=1 ids=[15] w=[0.1358] compute=1.76 ms ok
ds4: [t=+47428.3ms] req seq=798 L5 k=1 ids=[135] w=[0.1205] compute=1.86 ms ok
ds4: [t=+47441.7ms] req seq=799 L10 k=1 ids=[31] w=[0.3941] compute=1.85 ms ok
ds4: [t=+47448.8ms] req seq=800 L12 k=1 ids=[107] w=[0.1879] compute=1.92 ms ok
ds4: [t=+47467.2ms] req seq=801 L20 k=1 ids=[67] w=[0.1346] compute=1.86 ms ok
ds4: [t=+47493.7ms] req seq=802 L32 k=1 ids=[77] w=[0.1835] compute=1.90 ms ok
ds4: [t=+47533.8ms] req seq=803 L6 k=1 ids=[217] w=[0.1220] compute=1.90 ms ok
ds4: [t=+47533.9ms] tok#58 done: 7 layer-reqs, 7 experts, compute 12.97 ms (1.85 ms/layer), wall 119.23 ms, errors=0, evict-hints=7 | cache: resident=3337/3337 slabs=3 wired=22.00 GiB mlock-fail=0 B hits=803 misses=0 swaps=802
ds4: [t=+47533.9ms] tok#58 experts: L3=[15] L4=[15] L5=[135] L10=[31] L12=[107] L20=[67] L32=[77]
ds4: [t=+47540.0ms] req seq=804 L7 k=2 ids=[172,180] w=[0.1981,0.1316] compute=1.90 ms ok
ds4: [t=+47546.6ms] req seq=805 L9 k=1 ids=[60] w=[0.2126] compute=1.87 ms ok
ds4: [t=+47552.7ms] req seq=806 L10 k=1 ids=[238] w=[0.1064] compute=1.77 ms ok
ds4: [t=+47568.9ms] req seq=807 L17 k=1 ids=[227] w=[0.1552] compute=1.86 ms ok
ds4: [t=+47577.2ms] req seq=808 L19 k=2 ids=[64,141] w=[0.3378,0.1614] compute=1.85 ms ok
ds4: [t=+47583.4ms] req seq=809 L21 k=1 ids=[80] w=[0.1756] compute=1.83 ms ok
ds4: [t=+47594.6ms] req seq=810 L24 k=1 ids=[227] w=[0.1284] compute=1.90 ms ok
ds4: [t=+47616.3ms] req seq=811 L32 k=1 ids=[8] w=[0.1616] compute=1.89 ms ok
ds4: [t=+47622.3ms] req seq=812 L33 k=1 ids=[30] w=[0.0934] compute=1.85 ms ok
ds4: [t=+47640.7ms] req seq=813 L39 k=1 ids=[87] w=[0.3815] compute=1.87 ms ok
ds4: [t=+47650.4ms] req seq=814 L42 k=1 ids=[0] w=[0.1822] compute=1.93 ms ok
ds4: [t=+47670.9ms] req seq=815 L4 k=1 ids=[0] w=[0.1114] compute=1.88 ms ok
ds4: [t=+47671.0ms] tok#59 done: 12 layer-reqs, 14 experts, compute 22.42 ms (1.87 ms/layer), wall 139.02 ms, errors=0, evict-hints=12 | cache: resident=3337/3337 slabs=3 wired=22.00 GiB mlock-fail=0 B hits=815 misses=0 swaps=814
ds4: [t=+47671.0ms] tok#59 experts: L6=[217] L7=[172,180] L9=[60] L10=[238] L17=[227] L19=[64,141] L21=[80] L24=[227] L32=[8] L33=[30] L39=[87] L42=[0]
ds4: [t=+47680.7ms] req seq=816 L7 k=1 ids=[158] w=[0.1821] compute=1.88 ms ok
ds4: [t=+47693.2ms] req seq=817 L11 k=1 ids=[245] w=[0.1377] compute=1.86 ms ok
ds4: [t=+47713.2ms] req seq=818 L19 k=1 ids=[32] w=[0.1038] compute=1.88 ms ok
ds4: [t=+47775.1ms] req seq=819 L5 k=1 ids=[5] w=[0.1992] compute=1.89 ms ok
ds4: [t=+47775.2ms] tok#60 done: 4 layer-reqs, 4 experts, compute 7.50 ms (1.88 ms/layer), wall 106.21 ms, errors=0, evict-hints=4 | cache: resident=3337/3337 slabs=3 wired=22.00 GiB mlock-fail=0 B hits=819 misses=0 swaps=818
ds4: [t=+47775.2ms] tok#60 experts: L4=[0] L7=[158] L11=[245] L19=[32]
ds4: [t=+47782.1ms] req seq=820 L6 k=1 ids=[40] w=[0.1230] compute=1.52 ms ok
ds4: [t=+47789.0ms] req seq=821 L8 k=1 ids=[31] w=[0.5996] compute=1.47 ms ok
ds4: [t=+47794.6ms] req seq=822 L9 k=1 ids=[26] w=[0.1091] compute=1.45 ms ok
ds4: [t=+47800.6ms] req seq=823 L10 k=2 ids=[134,213] w=[0.1562,0.1277] compute=1.47 ms ok
ds4: [t=+47806.0ms] req seq=824 L11 k=1 ids=[247] w=[0.1452] compute=1.40 ms ok
ds4: [t=+47811.4ms] req seq=825 L12 k=2 ids=[94,108] w=[0.1787,0.1478] compute=1.53 ms ok
ds4: [t=+47817.1ms] req seq=826 L13 k=1 ids=[8] w=[0.1652] compute=1.43 ms ok
ds4: [t=+47822.3ms] req seq=827 L14 k=1 ids=[131] w=[0.1509] compute=1.42 ms ok
ds4: [t=+47829.3ms] req seq=828 L16 k=2 ids=[252,13] w=[0.2916,0.1720] compute=1.58 ms ok
ds4: [t=+47835.2ms] req seq=829 L18 k=1 ids=[205] w=[0.1972] compute=1.42 ms ok
ds4: [t=+47842.0ms] req seq=830 L20 k=1 ids=[48] w=[0.2211] compute=1.52 ms ok
ds4: [t=+47849.7ms] req seq=831 L23 k=2 ids=[2,54] w=[0.1948,0.1220] compute=1.48 ms ok
ds4: [t=+47856.0ms] req seq=832 L24 k=2 ids=[106,59] w=[0.1815,0.1471] compute=1.45 ms ok
ds4: [t=+47863.5ms] req seq=833 L26 k=1 ids=[140] w=[0.0959] compute=1.53 ms ok
ds4: [t=+47895.1ms] req seq=834 L35 k=1 ids=[5] w=[0.3200] compute=1.76 ms ok
ds4: [t=+47910.0ms] req seq=835 L39 k=1 ids=[31] w=[0.1509] compute=1.79 ms ok
ds4: [t=+47955.8ms] req seq=836 L11 k=1 ids=[24] w=[0.1801] compute=1.94 ms ok
ds4: [t=+47955.9ms] tok#61 done: 17 layer-reqs, 22 experts, compute 26.12 ms (1.54 ms/layer), wall 182.61 ms, errors=0, evict-hints=17 | cache: resident=3337/3337 slabs=3 wired=22.00 GiB mlock-fail=0 B hits=836 misses=0 swaps=835
ds4: [t=+47955.9ms] tok#61 experts: L5=[5] L6=[40] L8=[31] L9=[26] L10=[134,213] L11=[247] L12=[94,108] L13=[8] L14=[131] L16=[252,13] L18=[205] L20=[48] L23=[2,54] L24=[106,59] L26=[140] L35=[5] L39=[31]
ds4: [t=+47969.7ms] req seq=837 L17 k=1 ids=[32] w=[0.2164] compute=1.74 ms ok
ds4: [t=+47986.3ms] req seq=838 L24 k=1 ids=[59] w=[0.1132] compute=1.87 ms ok
ds4: [t=+48010.6ms] req seq=839 L35 k=1 ids=[14] w=[0.1340] compute=1.88 ms ok
ds4: [t=+48035.3ms] req seq=840 L0 k=1 ids=[0] w=[0.3019] compute=1.86 ms ok
ds4: [t=+48035.4ms] tok#62 done: 4 layer-reqs, 4 experts, compute 7.43 ms (1.86 ms/layer), wall 81.59 ms, errors=0, evict-hints=4 | cache: resident=3337/3337 slabs=3 wired=22.00 GiB mlock-fail=0 B hits=840 misses=0 swaps=839
ds4: [t=+48035.5ms] tok#62 experts: L11=[24] L17=[32] L24=[59] L35=[14]
ds4: [t=+48053.4ms] req seq=841 L6 k=1 ids=[161] w=[0.1591] compute=1.90 ms ok
ds4: [t=+48075.0ms] req seq=842 L12 k=1 ids=[159] w=[0.4832] compute=1.88 ms ok
ds4: [t=+48081.6ms] req seq=843 L13 k=2 ids=[16,48] w=[0.2782,0.2676] compute=1.89 ms ok
ds4: [t=+48087.8ms] req seq=844 L14 k=1 ids=[24] w=[0.1108] compute=1.83 ms ok
ds4: [t=+48094.1ms] req seq=845 L15 k=1 ids=[205] w=[0.1383] compute=1.89 ms ok
ds4: [t=+48100.4ms] req seq=846 L16 k=1 ids=[135] w=[0.1753] compute=1.78 ms ok
ds4: [t=+48108.0ms] req seq=847 L18 k=1 ids=[161] w=[0.1731] compute=1.76 ms ok
ds4: [t=+48114.6ms] req seq=848 L19 k=3 ids=[68,91,226] w=[0.3469,0.2310,0.1691] compute=1.83 ms ok
ds4: [t=+48125.3ms] req seq=849 L22 k=1 ids=[107] w=[0.2747] compute=1.85 ms ok
ds4: [t=+48132.1ms] req seq=850 L23 k=3 ids=[58,54,11] w=[0.2001,0.1041,0.0718] compute=1.82 ms ok
ds4: [t=+48138.5ms] req seq=851 L24 k=2 ids=[160,64] w=[0.4580,0.2572] compute=1.75 ms ok
ds4: [t=+48158.0ms] req seq=852 L28 k=1 ids=[1] w=[0.1313] compute=1.88 ms ok
ds4: [t=+48216.4ms] req seq=853 L35 k=1 ids=[11] w=[0.1400] compute=2.15 ms ok
ds4: [t=+48224.2ms] req seq=854 L36 k=1 ids=[62] w=[0.1781] compute=1.80 ms ok
ds4: [t=+48249.3ms] req seq=855 L39 k=3 ids=[217,66,137] w=[0.2895,0.1274,0.1275] compute=1.94 ms ok
ds4: [t=+48259.3ms] req seq=856 L40 k=1 ids=[23] w=[0.2312] compute=1.82 ms ok
ds4: [t=+48307.1ms] req seq=857 L3 k=1 ids=[10] w=[0.2628] compute=2.13 ms ok
ds4: [t=+48307.2ms] tok#63 done: 17 layer-reqs, 25 experts, compute 31.63 ms (1.86 ms/layer), wall 273.71 ms, errors=0, evict-hints=17 | cache: resident=3337/3337 slabs=3 wired=22.00 GiB mlock-fail=0 B hits=857 misses=0 swaps=856
ds4: [t=+48307.3ms] tok#63 experts: L0=[0] L6=[161] L12=[159] L13=[16,48] L14=[24] L15=[205] L16=[135] L18=[161] L19=[68,91,226] L22=[107] L23=[58,54,11] L24=[160,64] L28=[1] L35=[11] L36=[62] L39=[217,66,137] L40=[23]
ds4: [t=+48315.9ms] req seq=858 L5 k=1 ids=[33] w=[0.2199] compute=1.90 ms ok
ds4: [t=+48342.0ms] req seq=859 L12 k=1 ids=[108] w=[0.2129] compute=1.89 ms ok
ds4: [t=+48348.2ms] req seq=860 L13 k=1 ids=[110] w=[0.2070] compute=1.50 ms ok
ds4: [t=+48354.1ms] req seq=861 L14 k=1 ids=[100] w=[0.1266] compute=1.47 ms ok
ds4: [t=+48362.2ms] req seq=862 L16 k=1 ids=[13] w=[0.1967] compute=1.48 ms ok
ds4: [t=+48382.5ms] req seq=863 L20 k=1 ids=[175] w=[0.1540] compute=1.55 ms ok
ds4: [t=+48397.8ms] req seq=864 L24 k=2 ids=[143,64] w=[0.1926,0.1731] compute=1.63 ms ok
ds4: [t=+48431.6ms] req seq=865 L33 k=1 ids=[180] w=[0.1505] compute=1.67 ms ok
ds4: [t=+48472.0ms] req seq=866 L4 k=1 ids=[13] w=[0.1255] compute=1.60 ms ok
ds4: [t=+48472.1ms] tok#64 done: 9 layer-reqs, 10 experts, compute 15.23 ms (1.69 ms/layer), wall 167.11 ms, errors=0, evict-hints=9 | cache: resident=3337/3337 slabs=3 wired=22.00 GiB mlock-fail=0 B hits=866 misses=0 swaps=865
ds4: [t=+48472.1ms] tok#64 experts: L3=[10] L5=[33] L12=[108] L13=[110] L14=[100] L16=[13] L20=[175] L24=[143,64] L33=[180]
ds4: [t=+48491.7ms] req seq=867 L11 k=1 ids=[56] w=[0.1758] compute=1.65 ms ok
ds4: [t=+48565.2ms] req seq=868 L3 k=2 ids=[129,42] w=[0.1464,0.1444] compute=1.82 ms ok
ds4: [t=+48565.3ms] tok#65 done: 2 layer-reqs, 2 experts, compute 3.25 ms (1.62 ms/layer), wall 94.90 ms, errors=0, evict-hints=2 | cache: resident=3337/3337 slabs=3 wired=22.00 GiB mlock-fail=0 B hits=868 misses=0 swaps=867
ds4: [t=+48565.4ms] tok#65 experts: L4=[13] L11=[56]
ds4: [t=+48573.7ms] req seq=869 L5 k=1 ids=[233] w=[0.1463] compute=1.55 ms ok
ds4: [t=+48579.5ms] req seq=870 L6 k=1 ids=[67] w=[0.1960] compute=1.71 ms ok
ds4: [t=+48585.6ms] req seq=871 L7 k=2 ids=[104,197] w=[0.1495,0.1270] compute=1.72 ms ok
ds4: [t=+48598.8ms] req seq=872 L12 k=1 ids=[49] w=[0.2419] compute=1.89 ms ok
ds4: [t=+48606.9ms] req seq=873 L15 k=1 ids=[121] w=[0.1624] compute=1.70 ms ok
ds4: [t=+48616.9ms] req seq=874 L19 k=2 ids=[147,1] w=[0.2447,0.1002] compute=1.89 ms ok
ds4: [t=+48626.8ms] req seq=875 L22 k=1 ids=[81] w=[0.2713] compute=1.89 ms ok
ds4: [t=+48632.6ms] req seq=876 L23 k=1 ids=[11] w=[0.2337] compute=1.84 ms ok
ds4: [t=+48638.7ms] req seq=877 L24 k=1 ids=[141] w=[0.1888] compute=1.81 ms ok
ds4: [t=+48654.3ms] req seq=878 L29 k=1 ids=[120] w=[0.1318] compute=1.91 ms ok
ds4: [t=+48662.2ms] req seq=879 L31 k=1 ids=[75] w=[0.1690] compute=1.86 ms ok
ds4: [t=+48716.7ms] req seq=880 L7 k=1 ids=[125] w=[0.2248] compute=2.04 ms ok
ds4: [t=+48716.8ms] tok#66 done: 12 layer-reqs, 15 experts, compute 21.60 ms (1.80 ms/layer), wall 153.39 ms, errors=0, evict-hints=12 | cache: resident=3337/3337 slabs=3 wired=22.00 GiB mlock-fail=0 B hits=880 misses=0 swaps=879
ds4: [t=+48716.8ms] tok#66 experts: L3=[129,42] L5=[233] L6=[67] L7=[104,197] L12=[49] L15=[121] L19=[147,1] L22=[81] L23=[11] L24=[141] L29=[120] L31=[75]
ds4: [t=+48724.9ms] req seq=881 L8 k=1 ids=[169] w=[0.1289] compute=1.84 ms ok
ds4: [t=+48745.4ms] req seq=882 L18 k=1 ids=[153] w=[0.2595] compute=1.87 ms ok
ds4: [t=+48791.7ms] req seq=883 L41 k=1 ids=[223] w=[0.1675] compute=2.07 ms ok
ds4: [t=+48821.6ms] req seq=884 L11 k=1 ids=[2] w=[0.2677] compute=1.88 ms ok
ds4: [t=+48821.7ms] tok#67 done: 4 layer-reqs, 4 experts, compute 7.82 ms (1.95 ms/layer), wall 107.07 ms, errors=0, evict-hints=4 | cache: resident=3337/3337 slabs=3 wired=22.00 GiB mlock-fail=0 B hits=884 misses=0 swaps=883
ds4: [t=+48821.8ms] tok#67 experts: L7=[125] L8=[169] L18=[153] L41=[223]
ds4: [t=+48837.6ms] req seq=885 L17 k=1 ids=[38] w=[0.1986] compute=1.87 ms ok
ds4: [t=+48844.4ms] req seq=886 L19 k=1 ids=[0] w=[0.0649] compute=1.87 ms ok
ds4: [t=+48853.8ms] req seq=887 L22 k=1 ids=[182] w=[0.1582] compute=1.79 ms ok
ds4: [t=+48860.0ms] req seq=888 L24 k=1 ids=[77] w=[0.1586] compute=1.81 ms ok
ds4: [t=+48876.1ms] req seq=889 L30 k=1 ids=[78] w=[0.1967] compute=1.85 ms ok
ds4: [t=+48888.0ms] req seq=890 L34 k=1 ids=[129] w=[0.1333] compute=1.84 ms ok
ds4: [t=+48916.2ms] req seq=891 L1 k=1 ids=[177] w=[0.2742] compute=1.88 ms ok
ds4: [t=+48916.3ms] tok#68 done: 7 layer-reqs, 7 experts, compute 12.92 ms (1.85 ms/layer), wall 96.57 ms, errors=0, evict-hints=7 | cache: resident=3337/3337 slabs=3 wired=22.00 GiB mlock-fail=0 B hits=891 misses=0 swaps=890
ds4: [t=+48916.4ms] tok#68 experts: L11=[2] L17=[38] L19=[0] L22=[182] L24=[77] L30=[78] L34=[129]
ds4: [t=+48938.8ms] req seq=892 L9 k=1 ids=[197] w=[0.1354] compute=1.89 ms ok
ds4: [t=+48949.0ms] req seq=893 L12 k=1 ids=[33] w=[0.1828] compute=1.74 ms ok
ds4: [t=+48954.1ms] req seq=894 L13 k=1 ids=[98] w=[0.2208] compute=1.65 ms ok
ds4: [t=+48960.0ms] req seq=895 L14 k=1 ids=[195] w=[0.2091] compute=1.84 ms ok
ds4: [t=+48967.4ms] req seq=896 L16 k=1 ids=[3] w=[0.1952] compute=1.76 ms ok
ds4: [t=+48981.5ms] req seq=897 L21 k=1 ids=[7] w=[0.1700] compute=1.89 ms ok
ds4: [t=+49011.9ms] req seq=898 L33 k=1 ids=[50] w=[0.1934] compute=1.90 ms ok
ds4: [t=+49073.7ms] req seq=899 L14 k=1 ids=[138] w=[0.1848] compute=1.92 ms ok
ds4: [t=+49073.8ms] tok#69 done: 8 layer-reqs, 8 experts, compute 14.55 ms (1.82 ms/layer), wall 159.38 ms, errors=0, evict-hints=8 | cache: resident=3337/3337 slabs=3 wired=22.00 GiB mlock-fail=0 B hits=899 misses=0 swaps=898
ds4: [t=+49073.8ms] tok#69 experts: L1=[177] L9=[197] L12=[33] L13=[98] L14=[195] L16=[3] L21=[7] L33=[50]
ds4: [t=+49091.6ms] req seq=900 L20 k=1 ids=[130] w=[0.1492] compute=1.85 ms ok
ds4: [t=+49169.9ms] req seq=901 L9 k=1 ids=[17] w=[0.1669] compute=2.04 ms ok
ds4: [t=+49170.0ms] tok#70 done: 2 layer-reqs, 2 experts, compute 3.76 ms (1.88 ms/layer), wall 98.25 ms, errors=0, evict-hints=2 | cache: resident=3337/3337 slabs=3 wired=22.00 GiB mlock-fail=0 B hits=901 misses=0 swaps=900
ds4: [t=+49170.0ms] tok#70 experts: L14=[138] L20=[130]
ds4: [t=+49193.9ms] req seq=902 L18 k=1 ids=[32] w=[0.1751] compute=1.91 ms ok
ds4: [t=+49200.2ms] req seq=903 L19 k=1 ids=[85] w=[0.1716] compute=1.79 ms ok
ds4: [t=+49252.2ms] req seq=904 L38 k=1 ids=[4] w=[0.1291] compute=2.04 ms ok
ds4: [t=+49274.5ms] req seq=905 L3 k=1 ids=[20] w=[0.1404] compute=1.90 ms ok
ds4: [t=+49274.6ms] tok#71 done: 4 layer-reqs, 4 experts, compute 7.78 ms (1.94 ms/layer), wall 106.70 ms, errors=0, evict-hints=4 | cache: resident=3337/3337 slabs=3 wired=22.00 GiB mlock-fail=0 B hits=905 misses=0 swaps=904
ds4: [t=+49274.6ms] tok#71 experts: L9=[17] L18=[32] L19=[85] L38=[4]
ds4: [t=+49285.5ms] req seq=906 L7 k=1 ids=[223] w=[0.1356] compute=1.90 ms ok
ds4: [t=+49293.5ms] req seq=907 L9 k=1 ids=[140] w=[0.2033] compute=1.92 ms ok
ds4: [t=+49325.5ms] req seq=908 L24 k=1 ids=[235] w=[0.1371] compute=1.82 ms ok
ds4: [t=+49343.5ms] req seq=909 L30 k=1 ids=[41] w=[0.1997] compute=1.59 ms ok
ds4: [t=+49365.5ms] req seq=910 L41 k=1 ids=[181] w=[0.1354] compute=1.54 ms ok
ds4: [t=+49384.0ms] req seq=911 L5 k=1 ids=[22] w=[0.1351] compute=1.61 ms ok
ds4: [t=+49384.1ms] tok#72 done: 6 layer-reqs, 6 experts, compute 10.66 ms (1.78 ms/layer), wall 111.45 ms, errors=0, evict-hints=6 | cache: resident=3337/3337 slabs=3 wired=22.00 GiB mlock-fail=0 B hits=911 misses=0 swaps=910
ds4: [t=+49384.1ms] tok#72 experts: L3=[20] L7=[223] L9=[140] L24=[235] L30=[41] L41=[181]
ds4: [t=+49390.0ms] req seq=912 L6 k=1 ids=[96] w=[0.1984] compute=1.46 ms ok
ds4: [t=+49395.9ms] req seq=913 L7 k=1 ids=[28] w=[0.2940] compute=1.58 ms ok
ds4: [t=+49405.1ms] req seq=914 L10 k=1 ids=[87] w=[0.1583] compute=1.57 ms ok
ds4: [t=+49411.7ms] req seq=915 L12 k=1 ids=[125] w=[0.2573] compute=1.60 ms ok
ds4: [t=+49420.8ms] req seq=916 L15 k=1 ids=[245] w=[0.2049] compute=1.57 ms ok
ds4: [t=+49427.5ms] req seq=917 L16 k=1 ids=[112] w=[0.1828] compute=1.70 ms ok
ds4: [t=+49435.3ms] req seq=918 L19 k=1 ids=[93] w=[0.4325] compute=1.52 ms ok
ds4: [t=+49445.5ms] req seq=919 L22 k=1 ids=[138] w=[0.2079] compute=1.69 ms ok
ds4: [t=+49451.5ms] req seq=920 L23 k=1 ids=[68] w=[0.3218] compute=1.69 ms ok
ds4: [t=+49466.8ms] req seq=921 L29 k=2 ids=[28,236] w=[0.2246,0.1656] compute=1.78 ms ok
ds4: [t=+49472.8ms] req seq=922 L30 k=1 ids=[58] w=[0.3172] compute=1.72 ms ok
ds4: [t=+49495.7ms] req seq=923 L38 k=1 ids=[3] w=[0.3234] compute=1.92 ms ok
ds4: [t=+49514.6ms] req seq=924 L0 k=1 ids=[10] w=[0.4689] compute=1.86 ms ok
ds4: [t=+49514.7ms] tok#73 done: 13 layer-reqs, 14 experts, compute 21.41 ms (1.65 ms/layer), wall 132.34 ms, errors=0, evict-hints=13 | cache: resident=3337/3337 slabs=3 wired=22.00 GiB mlock-fail=0 B hits=924 misses=0 swaps=923
ds4: [t=+49514.8ms] tok#73 experts: L5=[22] L6=[96] L7=[28] L10=[87] L12=[125] L15=[245] L16=[112] L19=[93] L22=[138] L23=[68] L29=[28,236] L30=[58] L38=[3]
ds4: [t=+49528.0ms] req seq=925 L4 k=1 ids=[94] w=[0.3709] compute=1.88 ms ok
ds4: [t=+49534.1ms] req seq=926 L5 k=1 ids=[84] w=[0.1824] compute=1.83 ms ok
ds4: [t=+49558.9ms] req seq=927 L11 k=1 ids=[250] w=[0.1757] compute=1.74 ms ok
ds4: [t=+49576.5ms] req seq=928 L16 k=1 ids=[58] w=[0.2071] compute=1.57 ms ok
ds4: [t=+49587.7ms] req seq=929 L18 k=2 ids=[249,92] w=[0.2039,0.2015] compute=1.61 ms ok
ds4: [t=+49593.6ms] req seq=930 L19 k=1 ids=[208] w=[0.3509] compute=1.49 ms ok
ds4: [t=+49599.4ms] req seq=931 L20 k=1 ids=[135] w=[0.2173] compute=1.45 ms ok
ds4: [t=+49629.4ms] req seq=932 L28 k=1 ids=[20] w=[0.2182] compute=1.62 ms ok
ds4: [t=+49635.3ms] req seq=933 L29 k=1 ids=[60] w=[0.2951] compute=1.49 ms ok
ds4: [t=+49696.6ms] req seq=934 L7 k=1 ids=[241] w=[0.1444] compute=1.79 ms ok
ds4: [t=+49696.7ms] tok#74 done: 10 layer-reqs, 11 experts, compute 16.54 ms (1.65 ms/layer), wall 183.93 ms, errors=0, evict-hints=10 | cache: resident=3337/3337 slabs=3 wired=22.00 GiB mlock-fail=0 B hits=934 misses=0 swaps=933
ds4: [t=+49696.7ms] tok#74 experts: L0=[10] L4=[94] L5=[84] L11=[250] L16=[58] L18=[249,92] L19=[208] L20=[135] L28=[20] L29=[60]
ds4: [t=+49703.4ms] req seq=935 L8 k=1 ids=[35] w=[0.3156] compute=1.54 ms ok
ds4: [t=+49709.4ms] req seq=936 L9 k=1 ids=[123] w=[0.1403] compute=1.82 ms ok
ds4: [t=+49717.0ms] req seq=937 L11 k=1 ids=[121] w=[0.2884] compute=1.54 ms ok
ds4: [t=+49722.5ms] req seq=938 L12 k=1 ids=[83] w=[0.1776] compute=1.54 ms ok
ds4: [t=+49731.8ms] req seq=939 L15 k=1 ids=[163] w=[0.1537] compute=1.72 ms ok
ds4: [t=+49740.3ms] req seq=940 L18 k=1 ids=[92] w=[0.2376] compute=1.52 ms ok
ds4: [t=+49746.2ms] req seq=941 L19 k=2 ids=[69,100] w=[0.4859,0.2529] compute=1.79 ms ok
ds4: [t=+49752.2ms] req seq=942 L20 k=1 ids=[131] w=[0.1625] compute=1.70 ms ok
ds4: [t=+49757.9ms] req seq=943 L21 k=1 ids=[78] w=[0.2354] compute=1.55 ms ok
ds4: [t=+49763.9ms] req seq=944 L22 k=2 ids=[25,68] w=[0.4328,0.2469] compute=1.77 ms ok
ds4: [t=+49769.8ms] req seq=945 L23 k=2 ids=[36,75] w=[0.5057,0.1426] compute=1.71 ms ok
ds4: [t=+49793.3ms] req seq=946 L31 k=2 ids=[30,34] w=[0.1364,0.1263] compute=1.91 ms ok
ds4: [t=+49808.1ms] req seq=947 L34 k=1 ids=[201] w=[0.0747] compute=1.74 ms ok
ds4: [t=+49814.7ms] req seq=948 L35 k=1 ids=[54] w=[0.1007] compute=1.84 ms ok
ds4: [t=+49838.3ms] req seq=949 L39 k=1 ids=[32] w=[0.2116] compute=1.87 ms ok
ds4: [t=+49846.5ms] req seq=950 L40 k=1 ids=[60] w=[0.4131] compute=1.89 ms ok
ds4: [t=+49874.7ms] req seq=951 L3 k=1 ids=[7] w=[0.2167] compute=1.88 ms ok
ds4: [t=+49874.8ms] tok#75 done: 17 layer-reqs, 21 experts, compute 29.24 ms (1.72 ms/layer), wall 179.96 ms, errors=0, evict-hints=17 | cache: resident=3337/3337 slabs=3 wired=22.00 GiB mlock-fail=0 B hits=951 misses=0 swaps=950
ds4: [t=+49874.8ms] tok#75 experts: L7=[241] L8=[35] L9=[123] L11=[121] L12=[83] L15=[163] L18=[92] L19=[69,100] L20=[131] L21=[78] L22=[25,68] L23=[36,75] L31=[30,34] L34=[201] L35=[54] L39=[32] L40=[60]
ds4: [t=+49882.9ms] req seq=952 L5 k=1 ids=[244] w=[0.1630] compute=1.87 ms ok
ds4: [t=+49895.1ms] req seq=953 L8 k=1 ids=[130] w=[0.0971] compute=1.86 ms ok
ds4: [t=+49911.5ms] req seq=954 L12 k=1 ids=[105] w=[0.1111] compute=1.85 ms ok
ds4: [t=+49922.2ms] req seq=955 L14 k=1 ids=[242] w=[0.1832] compute=1.81 ms ok
ds4: [t=+49952.1ms] req seq=956 L21 k=1 ids=[129] w=[0.1781] compute=1.88 ms ok
ds4: [t=+49969.9ms] req seq=957 L27 k=1 ids=[24] w=[0.1184] compute=1.83 ms ok
ds4: [t=+49981.0ms] req seq=958 L29 k=2 ids=[81,140] w=[0.2487,0.1845] compute=1.91 ms ok
ds4: [t=+50029.9ms] req seq=959 L42 k=1 ids=[147] w=[0.1447] compute=1.90 ms ok
ds4: [t=+50052.2ms] req seq=960 L6 k=1 ids=[118] w=[0.3475] compute=1.85 ms ok
ds4: [t=+50052.3ms] tok#76 done: 9 layer-reqs, 10 experts, compute 16.78 ms (1.86 ms/layer), wall 179.44 ms, errors=0, evict-hints=9 | cache: resident=3337/3337 slabs=3 wired=22.00 GiB mlock-fail=0 B hits=960 misses=0 swaps=959
ds4: [t=+50052.3ms] tok#76 experts: L3=[7] L5=[244] L8=[130] L12=[105] L14=[242] L21=[129] L27=[24] L29=[81,140] L42=[147]
ds4: [t=+50058.2ms] req seq=961 L7 k=1 ids=[65] w=[0.3977] compute=1.87 ms ok
ds4: [t=+50067.2ms] req seq=962 L9 k=1 ids=[145] w=[0.3238] compute=1.84 ms ok
ds4: [t=+50073.4ms] req seq=963 L10 k=1 ids=[165] w=[0.2155] compute=1.77 ms ok
ds4: [t=+50079.3ms] req seq=964 L11 k=1 ids=[255] w=[0.1468] compute=1.85 ms ok
ds4: [t=+50090.0ms] req seq=965 L15 k=1 ids=[158] w=[0.1461] compute=1.82 ms ok
ds4: [t=+50096.4ms] req seq=966 L16 k=2 ids=[42,27] w=[0.3421,0.1807] compute=1.86 ms ok
ds4: [t=+50104.1ms] req seq=967 L18 k=2 ids=[58,66] w=[0.3066,0.1714] compute=1.85 ms ok
ds4: [t=+50110.7ms] req seq=968 L19 k=4 ids=[229,137,209,58] w=[0.5328,0.3265,0.1272,0.0942] compute=1.87 ms ok
ds4: [t=+50117.2ms] req seq=969 L20 k=1 ids=[240] w=[0.3238] compute=1.81 ms ok
ds4: [t=+50123.3ms] req seq=970 L21 k=3 ids=[101,6,136] w=[0.3621,0.2378,0.2104] compute=1.79 ms ok
ds4: [t=+50129.9ms] req seq=971 L22 k=3 ids=[3,68,236] w=[0.3854,0.2133,0.1402] compute=1.86 ms ok
ds4: [t=+50137.1ms] req seq=972 L23 k=3 ids=[13,75,17] w=[0.2862,0.2066,0.1613] compute=1.83 ms ok
ds4: [t=+50146.6ms] req seq=973 L25 k=2 ids=[39,193] w=[0.2659,0.2163] compute=1.84 ms ok
ds4: [t=+50165.9ms] req seq=974 L30 k=1 ids=[89] w=[0.1336] compute=1.88 ms ok
ds4: [t=+50184.8ms] req seq=975 L34 k=1 ids=[198] w=[0.1653] compute=1.89 ms ok
ds4: [t=+50192.0ms] req seq=976 L35 k=2 ids=[238,49] w=[0.3440,0.0854] compute=1.91 ms ok
ds4: [t=+50204.2ms] req seq=977 L37 k=1 ids=[60] w=[0.1745] compute=1.79 ms ok
ds4: [t=+50214.1ms] req seq=978 L39 k=1 ids=[109] w=[0.4691] compute=1.83 ms ok
ds4: [t=+50232.1ms] req seq=979 L42 k=1 ids=[118] w=[0.1369] compute=1.84 ms ok
ds4: [t=+50254.7ms] req seq=980 L3 k=1 ids=[155] w=[0.1845] compute=1.92 ms ok
ds4: [t=+50254.9ms] tok#77 done: 20 layer-reqs, 33 experts, compute 36.85 ms (1.84 ms/layer), wall 204.53 ms, errors=0, evict-hints=20 | cache: resident=3337/3337 slabs=3 wired=22.00 GiB mlock-fail=0 B hits=980 misses=0 swaps=979
ds4: [t=+50254.9ms] tok#77 experts: L6=[118] L7=[65] L9=[145] L10=[165] L11=[255] L15=[158] L16=[42,27] L18=[58,66] L19=[229,137,209,58] L20=[240] L21=[101,6,136] L22=[3,68,236] L23=[13,75,17] L25=[39,193] L30=[89] L34=[198] L35=[238,49] L37=[60] L39=[109] L42=[118]
ds4: [t=+50273.9ms] req seq=981 L7 k=1 ids=[78] w=[0.1510] compute=1.96 ms ok
ds4: [t=+50283.1ms] req seq=982 L8 k=1 ids=[87] w=[0.3310] compute=1.81 ms ok
ds4: [t=+50307.8ms] req seq=983 L15 k=1 ids=[233] w=[0.3420] compute=1.83 ms ok
ds4: [t=+50318.6ms] req seq=984 L18 k=1 ids=[66] w=[0.2027] compute=1.88 ms ok
ds4: [t=+50325.1ms] req seq=985 L19 k=1 ids=[209] w=[0.2402] compute=1.77 ms ok
ds4: [t=+50335.9ms] req seq=986 L21 k=1 ids=[6] w=[0.3406] compute=1.89 ms ok
ds4: [t=+50342.0ms] req seq=987 L22 k=2 ids=[68,236] w=[0.2493,0.1297] compute=1.87 ms ok
ds4: [t=+50348.4ms] req seq=988 L23 k=2 ids=[75,17] w=[0.2345,0.1268] compute=1.84 ms ok
ds4: [t=+50354.9ms] req seq=989 L24 k=1 ids=[73] w=[0.1413] compute=1.84 ms ok
ds4: [t=+50387.7ms] req seq=990 L32 k=1 ids=[22] w=[0.2608] compute=1.94 ms ok
ds4: [t=+50400.8ms] req seq=991 L35 k=1 ids=[49] w=[0.1838] compute=1.89 ms ok
ds4: [t=+50407.1ms] req seq=992 L36 k=1 ids=[208] w=[0.1894] compute=1.80 ms ok
ds4: [t=+50413.3ms] req seq=993 L37 k=1 ids=[6] w=[0.1627] compute=1.88 ms ok
ds4: [t=+50438.1ms] req seq=994 L42 k=1 ids=[30] w=[0.3462] compute=1.90 ms ok
ds4: [t=+50461.9ms] req seq=995 L4 k=2 ids=[22,95] w=[0.2152,0.1289] compute=1.89 ms ok
ds4: [t=+50462.0ms] tok#78 done: 15 layer-reqs, 17 experts, compute 28.01 ms (1.87 ms/layer), wall 209.19 ms, errors=0, evict-hints=15 | cache: resident=3337/3337 slabs=3 wired=22.00 GiB mlock-fail=0 B hits=995 misses=0 swaps=994
ds4: [t=+50462.1ms] tok#78 experts: L3=[155] L7=[78] L8=[87] L15=[233] L18=[66] L19=[209] L21=[6] L22=[68,236] L23=[75,17] L24=[73] L32=[22] L35=[49] L36=[208] L37=[6] L42=[30]
ds4: [t=+50468.1ms] req seq=996 L5 k=2 ids=[173,1] w=[0.1523,0.1099] compute=1.81 ms ok
ds4: [t=+50474.5ms] req seq=997 L6 k=1 ids=[80] w=[0.4103] compute=1.79 ms ok
ds4: [t=+50480.7ms] req seq=998 L7 k=2 ids=[30,121] w=[0.4025,0.2670] compute=1.89 ms ok
ds4: [t=+50486.6ms] req seq=999 L8 k=1 ids=[82] w=[0.1832] compute=1.86 ms ok
ds4: [t=+50505.7ms] req seq=1000 L12 k=2 ids=[148,72] w=[0.1828,0.1727] compute=1.88 ms ok
ds4: [t=+50532.8ms] req seq=1001 L18 k=1 ids=[46] w=[0.1866] compute=1.92 ms ok
ds4: [t=+50539.4ms] req seq=1002 L19 k=3 ids=[202,100,255] w=[0.4814,0.2164,0.1965] compute=1.83 ms ok
ds4: [t=+50547.0ms] req seq=1003 L20 k=1 ids=[108] w=[0.2293] compute=1.83 ms ok
ds4: [t=+50557.4ms] req seq=1004 L22 k=2 ids=[236,22] w=[0.1517,0.1202] compute=1.80 ms ok
ds4: [t=+50565.0ms] req seq=1005 L23 k=2 ids=[17,230] w=[0.4635,0.1845] compute=1.84 ms ok
ds4: [t=+50596.1ms] req seq=1006 L29 k=1 ids=[91] w=[0.3279] compute=1.86 ms ok
ds4: [t=+50611.5ms] req seq=1007 L33 k=1 ids=[4] w=[0.2605] compute=1.87 ms ok
ds4: [t=+50631.8ms] req seq=1008 L38 k=1 ids=[106] w=[0.0843] compute=1.87 ms ok
ds4: [t=+50638.3ms] req seq=1009 L39 k=1 ids=[1] w=[0.2216] compute=1.79 ms ok
ds4: [t=+50668.1ms] req seq=1010 L3 k=1 ids=[102] w=[0.2145] compute=1.96 ms ok
ds4: [t=+50668.2ms] tok#79 done: 15 layer-reqs, 23 experts, compute 27.72 ms (1.85 ms/layer), wall 208.17 ms, errors=0, evict-hints=15 | cache: resident=3337/3337 slabs=3 wired=22.00 GiB mlock-fail=0 B hits=1010 misses=0 swaps=1009
ds4: [t=+50668.3ms] tok#79 experts: L4=[22,95] L5=[173,1] L6=[80] L7=[30,121] L8=[82] L12=[148,72] L18=[46] L19=[202,100,255] L20=[108] L22=[236,22] L23=[17,230] L29=[91] L33=[4] L38=[106] L39=[1]
ds4: [t=+50675.1ms] req seq=1011 L4 k=1 ids=[95] w=[0.2433] compute=1.84 ms ok
ds4: [t=+50681.8ms] req seq=1012 L5 k=1 ids=[187] w=[0.1301] compute=1.80 ms ok
ds4: [t=+50689.2ms] req seq=1013 L6 k=1 ids=[94] w=[0.1518] compute=1.77 ms ok
ds4: [t=+50695.1ms] req seq=1014 L7 k=1 ids=[21] w=[0.1571] compute=1.82 ms ok
ds4: [t=+50702.7ms] req seq=1015 L8 k=1 ids=[142] w=[0.1422] compute=1.74 ms ok
ds4: [t=+50710.6ms] req seq=1016 L9 k=1 ids=[77] w=[0.2224] compute=1.84 ms ok
ds4: [t=+50738.8ms] req seq=1017 L13 k=2 ids=[94,108] w=[0.1776,0.1642] compute=1.88 ms ok
ds4: [t=+50747.7ms] req seq=1018 L15 k=1 ids=[222] w=[0.1594] compute=1.86 ms ok
ds4: [t=+50754.8ms] req seq=1019 L16 k=1 ids=[92] w=[0.2344] compute=1.79 ms ok
ds4: [t=+50762.6ms] req seq=1020 L17 k=1 ids=[162] w=[0.2255] compute=1.85 ms ok
ds4: [t=+50769.1ms] req seq=1021 L18 k=1 ids=[115] w=[0.1937] compute=1.81 ms ok
ds4: [t=+50776.3ms] req seq=1022 L19 k=2 ids=[137,231] w=[0.2205,0.1228] compute=1.94 ms ok
ds4: [t=+50783.7ms] req seq=1023 L20 k=1 ids=[81] w=[0.2595] compute=1.83 ms ok
ds4: [t=+50791.1ms] req seq=1024 L21 k=2 ids=[153,26] w=[0.3771,0.1790] compute=1.82 ms ok
ds4: [t=+50816.7ms] req seq=1025 L26 k=1 ids=[135] w=[0.1244] compute=1.88 ms ok
ds4: [t=+50824.3ms] req seq=1026 L27 k=1 ids=[5] w=[0.1755] compute=1.82 ms ok
ds4: [t=+50867.5ms] req seq=1027 L37 k=1 ids=[235] w=[0.1959] compute=2.07 ms ok
ds4: [t=+50880.9ms] req seq=1028 L40 k=1 ids=[169] w=[0.2038] compute=1.89 ms ok
ds4: [t=+50905.6ms] req seq=1029 L3 k=1 ids=[146] w=[0.1466] compute=1.89 ms ok
ds4: [t=+50905.8ms] tok#80 done: 19 layer-reqs, 22 experts, compute 35.21 ms (1.85 ms/layer), wall 239.59 ms, errors=0, evict-hints=19 | cache: resident=3337/3337 slabs=3 wired=22.00 GiB mlock-fail=0 B hits=1029 misses=0 swaps=1028
ds4: [t=+50905.8ms] tok#80 experts: L3=[102] L4=[95] L5=[187] L6=[94] L7=[21] L8=[142] L9=[77] L13=[94,108] L15=[222] L16=[92] L17=[162] L18=[115] L19=[137,231] L20=[81] L21=[153,26] L26=[135] L27=[5] L37=[235] L40=[169]
ds4: [t=+50919.2ms] req seq=1030 L7 k=1 ids=[53] w=[0.1627] compute=1.87 ms ok
ds4: [t=+50930.5ms] req seq=1031 L11 k=1 ids=[112] w=[0.1351] compute=1.88 ms ok
ds4: [t=+50940.7ms] req seq=1032 L14 k=1 ids=[8] w=[0.2023] compute=1.84 ms ok
ds4: [t=+50953.4ms] req seq=1033 L19 k=1 ids=[231] w=[0.1393] compute=1.86 ms ok
ds4: [t=+50960.3ms] req seq=1034 L21 k=1 ids=[179] w=[0.2019] compute=1.85 ms ok
ds4: [t=+51034.6ms] req seq=1035 L9 k=1 ids=[55] w=[0.1733] compute=2.00 ms ok
ds4: [t=+51034.7ms] tok#81 done: 6 layer-reqs, 6 experts, compute 11.19 ms (1.87 ms/layer), wall 130.93 ms, errors=0, evict-hints=6 | cache: resident=3337/3337 slabs=3 wired=22.00 GiB mlock-fail=0 B hits=1035 misses=0 swaps=1034
ds4: [t=+51034.8ms] tok#81 experts: L3=[146] L7=[53] L11=[112] L14=[8] L19=[231] L21=[179]
ds4: [t=+51042.2ms] req seq=1036 L10 k=1 ids=[192] w=[0.1857] compute=1.81 ms ok
ds4: [t=+51048.0ms] req seq=1037 L11 k=1 ids=[196] w=[0.1547] compute=1.79 ms ok
ds4: [t=+51067.4ms] req seq=1038 L19 k=1 ids=[43] w=[0.1713] compute=1.88 ms ok
ds4: [t=+51083.2ms] req seq=1039 L25 k=1 ids=[32] w=[0.1718] compute=1.88 ms ok
ds4: [t=+51089.1ms] req seq=1040 L27 k=1 ids=[35] w=[0.2121] compute=1.77 ms ok
ds4: [t=+51104.3ms] req seq=1041 L33 k=1 ids=[22] w=[0.1820] compute=1.87 ms ok
ds4: [t=+51110.8ms] req seq=1042 L35 k=1 ids=[60] w=[0.2233] compute=1.85 ms ok
ds4: [t=+51148.0ms] req seq=1043 L6 k=1 ids=[39] w=[0.1117] compute=1.89 ms ok
ds4: [t=+51148.1ms] tok#82 done: 8 layer-reqs, 8 experts, compute 14.85 ms (1.86 ms/layer), wall 115.44 ms, errors=0, evict-hints=8 | cache: resident=3337/3337 slabs=3 wired=22.00 GiB mlock-fail=0 B hits=1043 misses=0 swaps=1042
ds4: [t=+51148.1ms] tok#82 experts: L9=[55] L10=[192] L11=[196] L19=[43] L25=[32] L27=[35] L33=[22] L35=[60]
ds4: [t=+51208.9ms] req seq=1044 L37 k=1 ids=[74] w=[0.1234] compute=1.91 ms ok
ds4: [t=+51218.8ms] req seq=1045 L40 k=1 ids=[62] w=[0.2135] compute=1.44 ms ok
ds4: [t=+51224.6ms] req seq=1046 L41 k=1 ids=[52] w=[0.2227] compute=1.42 ms ok
ds4: [t=+51243.6ms] req seq=1047 L4 k=1 ids=[5] w=[0.1236] compute=1.60 ms ok
ds4: [t=+51243.7ms] tok#83 done: 4 layer-reqs, 4 experts, compute 6.67 ms (1.67 ms/layer), wall 97.62 ms, errors=0, evict-hints=4 | cache: resident=3337/3337 slabs=3 wired=22.00 GiB mlock-fail=0 B hits=1047 misses=0 swaps=1046
ds4: [t=+51243.7ms] tok#83 experts: L6=[39] L37=[74] L40=[62] L41=[52]
ds4: [t=+51251.1ms] req seq=1048 L7 k=1 ids=[87] w=[0.1264] compute=1.49 ms ok
ds4: [t=+51271.7ms] req seq=1049 L15 k=1 ids=[200] w=[0.2020] compute=1.50 ms ok
ds4: [t=+51278.4ms] req seq=1050 L17 k=1 ids=[71] w=[0.1414] compute=1.63 ms ok
ds4: [t=+51285.3ms] req seq=1051 L19 k=1 ids=[67] w=[0.1092] compute=1.49 ms ok
ds4: [t=+51360.5ms] req seq=1052 L7 k=1 ids=[119] w=[0.1125] compute=1.80 ms ok
ds4: [t=+51360.6ms] tok#84 done: 5 layer-reqs, 5 experts, compute 7.73 ms (1.55 ms/layer), wall 118.62 ms, errors=0, evict-hints=5 | cache: resident=3337/3337 slabs=3 wired=22.00 GiB mlock-fail=0 B hits=1052 misses=0 swaps=1051
ds4: [t=+51360.7ms] tok#84 experts: L4=[5] L7=[87] L15=[200] L17=[71] L19=[67]
ds4: [t=+51380.8ms] req seq=1053 L16 k=1 ids=[167] w=[0.1842] compute=1.60 ms ok
ds4: [t=+51393.2ms] req seq=1054 L21 k=1 ids=[46] w=[0.1748] compute=1.76 ms ok
ds4: [t=+51465.6ms] req seq=1055 L10 k=1 ids=[46] w=[0.1251] compute=1.95 ms ok
ds4: [t=+51465.7ms] tok#85 done: 3 layer-reqs, 3 experts, compute 5.16 ms (1.72 ms/layer), wall 106.99 ms, errors=0, evict-hints=3 | cache: resident=3337/3337 slabs=3 wired=22.00 GiB mlock-fail=0 B hits=1055 misses=0 swaps=1054
ds4: [t=+51465.8ms] tok#85 experts: L7=[119] L16=[167] L21=[46]
ds4: [t=+51473.0ms] req seq=1056 L12 k=1 ids=[137] w=[0.1959] compute=1.54 ms ok
ds4: [t=+51478.8ms] req seq=1057 L13 k=1 ids=[170] w=[0.1865] compute=1.77 ms ok
ds4: [t=+51484.7ms] req seq=1058 L14 k=1 ids=[99] w=[0.2208] compute=1.67 ms ok
ds4: [t=+51490.7ms] req seq=1059 L16 k=1 ids=[37] w=[0.1716] compute=1.65 ms ok
ds4: [t=+51501.5ms] req seq=1060 L20 k=1 ids=[141] w=[0.1474] compute=1.81 ms ok
ds4: [t=+51513.7ms] req seq=1061 L25 k=1 ids=[193] w=[0.1125] compute=1.85 ms ok
ds4: [t=+51522.4ms] req seq=1062 L28 k=1 ids=[247] w=[0.1545] compute=1.80 ms ok
ds4: [t=+51539.2ms] req seq=1063 L33 k=1 ids=[90] w=[0.1982] compute=1.87 ms ok
ds4: [t=+51585.7ms] req seq=1064 L4 k=1 ids=[56] w=[0.5148] compute=2.10 ms ok
ds4: [t=+51585.8ms] tok#86 done: 9 layer-reqs, 9 experts, compute 15.92 ms (1.77 ms/layer), wall 122.12 ms, errors=0, evict-hints=9 | cache: resident=3337/3337 slabs=3 wired=22.00 GiB mlock-fail=0 B hits=1064 misses=0 swaps=1063
ds4: [t=+51585.8ms] tok#86 experts: L10=[46] L12=[137] L13=[170] L14=[99] L16=[37] L20=[141] L25=[193] L28=[247] L33=[90]
ds4: [t=+51593.6ms] req seq=1065 L5 k=2 ids=[76,30] w=[0.2579,0.1620] compute=1.86 ms ok
ds4: [t=+51602.1ms] req seq=1066 L8 k=1 ids=[81] w=[0.5207] compute=1.76 ms ok
ds4: [t=+51608.3ms] req seq=1067 L9 k=1 ids=[69] w=[0.2465] compute=1.81 ms ok
ds4: [t=+51614.6ms] req seq=1068 L11 k=1 ids=[96] w=[0.2798] compute=1.84 ms ok
ds4: [t=+51624.8ms] req seq=1069 L14 k=2 ids=[97,208] w=[0.2140,0.1639] compute=1.93 ms ok
ds4: [t=+51633.6ms] req seq=1070 L15 k=2 ids=[25,128] w=[0.5221,0.2153] compute=1.86 ms ok
ds4: [t=+51642.6ms] req seq=1071 L17 k=1 ids=[127] w=[0.1918] compute=1.82 ms ok
ds4: [t=+51648.7ms] req seq=1072 L18 k=2 ids=[225,80] w=[0.1597,0.1472] compute=1.83 ms ok
ds4: [t=+51654.6ms] req seq=1073 L19 k=1 ids=[130] w=[0.6130] compute=1.78 ms ok
ds4: [t=+51661.7ms] req seq=1074 L20 k=2 ids=[115,196] w=[0.2586,0.1958] compute=1.80 ms ok
ds4: [t=+51667.4ms] req seq=1075 L21 k=1 ids=[245] w=[0.4055] compute=1.74 ms ok
ds4: [t=+51672.9ms] req seq=1076 L22 k=1 ids=[48] w=[0.3406] compute=1.74 ms ok
ds4: [t=+51679.6ms] req seq=1077 L23 k=1 ids=[110] w=[0.1584] compute=1.80 ms ok
ds4: [t=+51694.3ms] req seq=1078 L27 k=1 ids=[94] w=[0.3738] compute=1.88 ms ok
ds4: [t=+51705.2ms] req seq=1079 L30 k=2 ids=[45,2] w=[0.4672,0.1101] compute=1.82 ms ok
ds4: [t=+51715.5ms] req seq=1080 L32 k=1 ids=[32] w=[0.2828] compute=1.85 ms ok
ds4: [t=+51748.6ms] req seq=1081 L39 k=1 ids=[11] w=[0.1249] compute=1.89 ms ok
ds4: [t=+51783.6ms] req seq=1082 L5 k=1 ids=[47] w=[0.2416] compute=1.89 ms ok
ds4: [t=+51783.7ms] tok#87 done: 18 layer-reqs, 24 experts, compute 33.12 ms (1.84 ms/layer), wall 200.08 ms, errors=0, evict-hints=18 | cache: resident=3337/3337 slabs=3 wired=22.00 GiB mlock-fail=0 B hits=1082 misses=0 swaps=1081
ds4: [t=+51783.8ms] tok#87 experts: L4=[56] L5=[76,30] L8=[81] L9=[69] L11=[96] L14=[97,208] L15=[25,128] L17=[127] L18=[225,80] L19=[130] L20=[115,196] L21=[245] L22=[48] L23=[110] L27=[94] L30=[45,2] L32=[32] L39=[11]
ds4: [t=+51804.9ms] req seq=1083 L9 k=1 ids=[249] w=[0.2035] compute=1.88 ms ok
ds4: [t=+51830.1ms] req seq=1084 L15 k=1 ids=[111] w=[0.3388] compute=1.88 ms ok
ds4: [t=+51844.3ms] req seq=1085 L18 k=1 ids=[139] w=[0.1637] compute=1.83 ms ok
ds4: [t=+51850.9ms] req seq=1086 L19 k=1 ids=[17] w=[0.1184] compute=1.78 ms ok
ds4: [t=+51858.2ms] req seq=1087 L20 k=2 ids=[46,4] w=[0.2054,0.1729] compute=1.82 ms ok
ds4: [t=+51917.0ms] req seq=1088 L30 k=1 ids=[150] w=[0.1586] compute=1.90 ms ok
ds4: [t=+51949.9ms] req seq=1089 L42 k=1 ids=[208] w=[0.1255] compute=1.85 ms ok
ds4: [t=+51973.3ms] req seq=1090 L7 k=1 ids=[97] w=[0.1650] compute=1.91 ms ok
ds4: [t=+51973.5ms] tok#88 done: 8 layer-reqs, 9 experts, compute 14.84 ms (1.86 ms/layer), wall 191.70 ms, errors=0, evict-hints=8 | cache: resident=3337/3337 slabs=3 wired=22.00 GiB mlock-fail=0 B hits=1090 misses=0 swaps=1089
ds4: [t=+51973.5ms] tok#88 experts: L5=[47] L9=[249] L15=[111] L18=[139] L19=[17] L20=[46,4] L30=[150] L42=[208]
ds4: [t=+51994.4ms] req seq=1091 L15 k=2 ids=[42,128] w=[0.1613,0.1462] compute=1.87 ms ok
ds4: [t=+52002.8ms] req seq=1092 L18 k=1 ids=[57] w=[0.1672] compute=1.78 ms ok
ds4: [t=+52014.3ms] req seq=1093 L22 k=1 ids=[119] w=[0.1747] compute=1.87 ms ok
ds4: [t=+52020.6ms] req seq=1094 L23 k=1 ids=[239] w=[0.1179] compute=1.82 ms ok
ds4: [t=+52047.0ms] req seq=1095 L30 k=1 ids=[2] w=[0.2095] compute=1.87 ms ok
ds4: [t=+52103.8ms] req seq=1096 L11 k=1 ids=[95] w=[0.1632] compute=2.05 ms ok
ds4: [t=+52104.0ms] tok#89 done: 6 layer-reqs, 7 experts, compute 11.12 ms (1.85 ms/layer), wall 132.53 ms, errors=0, evict-hints=6 | cache: resident=3337/3337 slabs=3 wired=22.00 GiB mlock-fail=0 B hits=1096 misses=0 swaps=1095
ds4: [t=+52104.0ms] tok#89 experts: L7=[97] L15=[42,128] L18=[57] L22=[119] L23=[239] L30=[2]
ds4: [t=+52111.8ms] req seq=1097 L13 k=1 ids=[3] w=[0.2801] compute=1.88 ms ok
ds4: [t=+52118.1ms] req seq=1098 L14 k=1 ids=[190] w=[0.1255] compute=1.78 ms ok
ds4: [t=+52131.0ms] req seq=1099 L19 k=1 ids=[61] w=[0.0776] compute=1.89 ms ok
ds4: [t=+52140.6ms] req seq=1100 L21 k=1 ids=[240] w=[0.1747] compute=1.82 ms ok
ds4: [t=+52173.3ms] req seq=1101 L35 k=1 ids=[2] w=[0.1881] compute=1.92 ms ok
ds4: [t=+52210.2ms] req seq=1102 L5 k=1 ids=[199] w=[0.1798] compute=1.79 ms ok
ds4: [t=+52210.3ms] tok#90 done: 6 layer-reqs, 6 experts, compute 11.34 ms (1.89 ms/layer), wall 108.47 ms, errors=0, evict-hints=6 | cache: resident=3337/3337 slabs=3 wired=22.00 GiB mlock-fail=0 B hits=1102 misses=0 swaps=1101
ds4: [t=+52210.3ms] tok#90 experts: L11=[95] L13=[3] L14=[190] L19=[61] L21=[240] L35=[2]
ds4: [t=+52217.4ms] req seq=1103 L6 k=1 ids=[71] w=[0.1448] compute=1.81 ms ok
ds4: [t=+52231.3ms] req seq=1104 L11 k=1 ids=[106] w=[0.1863] compute=1.84 ms ok
ds4: [t=+52237.1ms] req seq=1105 L12 k=1 ids=[117] w=[0.2139] compute=1.81 ms ok
ds4: [t=+52251.9ms] req seq=1106 L18 k=1 ids=[175] w=[0.1528] compute=1.91 ms ok
ds4: [t=+52274.9ms] req seq=1107 L26 k=1 ids=[118] w=[0.2564] compute=1.95 ms ok
ds4: [t=+52284.2ms] req seq=1108 L28 k=1 ids=[251] w=[0.2967] compute=1.94 ms ok
ds4: [t=+52297.8ms] req seq=1109 L32 k=1 ids=[19] w=[0.1329] compute=1.86 ms ok
ds4: [t=+52312.6ms] req seq=1110 L39 k=1 ids=[25] w=[0.2200] compute=1.94 ms ok
ds4: [t=+52321.0ms] req seq=1111 L42 k=1 ids=[32] w=[0.0923] compute=1.80 ms ok
ds4: [t=+52333.1ms] req seq=1112 L2 k=1 ids=[4] w=[0.2687] compute=1.90 ms ok
ds4: [t=+52333.2ms] tok#91 done: 10 layer-reqs, 10 experts, compute 18.65 ms (1.86 ms/layer), wall 124.81 ms, errors=0, evict-hints=10 | cache: resident=3337/3337 slabs=3 wired=22.00 GiB mlock-fail=0 B hits=1112 misses=0 swaps=1111
ds4: [t=+52333.3ms] tok#91 experts: L5=[199] L6=[71] L11=[106] L12=[117] L18=[175] L26=[118] L28=[251] L32=[19] L39=[25] L42=[32]
ds4: [t=+52341.7ms] req seq=1113 L4 k=1 ids=[70] w=[0.1348] compute=1.83 ms ok
ds4: [t=+52355.0ms] req seq=1114 L7 k=1 ids=[148] w=[0.1317] compute=1.89 ms ok
ds4: [t=+52373.7ms] req seq=1115 L15 k=1 ids=[80] w=[0.1561] compute=1.88 ms ok
ds4: [t=+52382.2ms] req seq=1116 L18 k=1 ids=[162] w=[0.1470] compute=1.89 ms ok
ds4: [t=+52425.1ms] req seq=1117 L37 k=1 ids=[67] w=[0.2016] compute=2.12 ms ok
ds4: [t=+52433.9ms] req seq=1118 L40 k=1 ids=[37] w=[0.1802] compute=1.54 ms ok
ds4: [t=+52439.9ms] req seq=1119 L41 k=1 ids=[12] w=[0.1882] compute=1.45 ms ok
ds4: [t=+52484.3ms] req seq=1120 L18 k=1 ids=[158] w=[0.1812] compute=1.78 ms ok
ds4: [t=+52484.4ms] tok#92 done: 8 layer-reqs, 8 experts, compute 14.48 ms (1.81 ms/layer), wall 153.13 ms, errors=0, evict-hints=8 | cache: resident=3337/3337 slabs=3 wired=22.00 GiB mlock-fail=0 B hits=1120 misses=0 swaps=1119
ds4: [t=+52484.4ms] tok#92 experts: L2=[4] L4=[70] L7=[148] L15=[80] L18=[162] L37=[67] L40=[37] L41=[12]
ds4: [t=+52534.9ms] req seq=1121 L41 k=1 ids=[66] w=[0.2702] compute=1.70 ms ok
ds4: [t=+52540.8ms] req seq=1122 L42 k=2 ids=[217,20] w=[0.2847,0.1635] compute=1.43 ms ok
ds4: [t=+52556.5ms] req seq=1123 L3 k=1 ids=[70] w=[0.2520] compute=1.51 ms ok
ds4: [t=+52556.6ms] tok#93 done: 3 layer-reqs, 4 experts, compute 4.91 ms (1.64 ms/layer), wall 74.06 ms, errors=0, evict-hints=3 | cache: resident=3337/3337 slabs=3 wired=22.00 GiB mlock-fail=0 B hits=1123 misses=0 swaps=1122
ds4: [t=+52556.6ms] tok#93 experts: L18=[158] L41=[66] L42=[217,20]
ds4: [t=+52567.1ms] req seq=1124 L5 k=2 ids=[206,32] w=[0.1856,0.1333] compute=1.66 ms ok
ds4: [t=+52572.6ms] req seq=1125 L6 k=1 ids=[137] w=[0.1685] compute=1.53 ms ok
ds4: [t=+52585.8ms] req seq=1126 L9 k=2 ids=[86,15] w=[0.6884,0.1784] compute=1.61 ms ok
ds4: [t=+52591.9ms] req seq=1127 L10 k=1 ids=[61] w=[0.1190] compute=1.65 ms ok
ds4: [t=+52600.9ms] req seq=1128 L12 k=2 ids=[45,183] w=[0.3954,0.0747] compute=1.53 ms ok
ds4: [t=+52616.2ms] req seq=1129 L16 k=1 ids=[184] w=[0.1060] compute=1.75 ms ok
ds4: [t=+52624.1ms] req seq=1130 L18 k=1 ids=[183] w=[0.3988] compute=1.54 ms ok
ds4: [t=+52630.1ms] req seq=1131 L19 k=1 ids=[234] w=[0.3593] compute=1.75 ms ok
ds4: [t=+52636.5ms] req seq=1132 L20 k=1 ids=[156] w=[0.2057] compute=1.73 ms ok
ds4: [t=+52643.0ms] req seq=1133 L21 k=1 ids=[109] w=[0.1639] compute=1.89 ms ok
ds4: [t=+52649.3ms] req seq=1134 L22 k=1 ids=[216] w=[0.1413] compute=1.83 ms ok
ds4: [t=+52657.8ms] req seq=1135 L24 k=1 ids=[67] w=[0.1260] compute=1.67 ms ok
ds4: [t=+52674.3ms] req seq=1136 L29 k=1 ids=[140] w=[0.2582] compute=1.90 ms ok
ds4: [t=+52688.0ms] req seq=1137 L33 k=1 ids=[5] w=[0.0936] compute=1.87 ms ok
ds4: [t=+52699.2ms] req seq=1138 L36 k=1 ids=[224] w=[0.1161] compute=1.89 ms ok
ds4: [t=+52713.0ms] req seq=1139 L39 k=1 ids=[26] w=[0.1354] compute=1.84 ms ok
ds4: [t=+52729.1ms] req seq=1140 L42 k=2 ids=[112,73] w=[0.4145,0.4017] compute=1.90 ms ok
ds4: [t=+52751.6ms] req seq=1141 L7 k=1 ids=[122] w=[0.1573] compute=1.88 ms ok
ds4: [t=+52751.7ms] tok#94 done: 18 layer-reqs, 22 experts, compute 31.06 ms (1.73 ms/layer), wall 196.68 ms, errors=0, evict-hints=18 | cache: resident=3337/3337 slabs=3 wired=22.00 GiB mlock-fail=0 B hits=1141 misses=0 swaps=1140
ds4: [t=+52751.7ms] tok#94 experts: L3=[70] L5=[206,32] L6=[137] L9=[86,15] L10=[61] L12=[45,183] L16=[184] L18=[183] L19=[234] L20=[156] L21=[109] L22=[216] L24=[67] L29=[140] L33=[5] L36=[224] L39=[26] L42=[112,73]
ds4: [t=+52757.9ms] req seq=1142 L8 k=1 ids=[236] w=[0.4347] compute=1.83 ms ok
ds4: [t=+52771.0ms] req seq=1143 L12 k=1 ids=[185] w=[0.0963] compute=1.88 ms ok
ds4: [t=+52777.3ms] req seq=1144 L13 k=1 ids=[248] w=[0.1140] compute=1.87 ms ok
ds4: [t=+52786.4ms] req seq=1145 L16 k=2 ids=[57,31] w=[0.2643,0.2264] compute=1.84 ms ok
ds4: [t=+52793.3ms] req seq=1146 L18 k=2 ids=[20,198] w=[0.1387,0.1390] compute=1.82 ms ok
ds4: [t=+52799.9ms] req seq=1147 L19 k=2 ids=[246,193] w=[0.2167,0.1992] compute=1.82 ms ok
ds4: [t=+52807.0ms] req seq=1148 L21 k=1 ids=[226] w=[0.2051] compute=1.79 ms ok
ds4: [t=+52813.2ms] req seq=1149 L22 k=1 ids=[192] w=[0.1270] compute=1.88 ms ok
ds4: [t=+52820.5ms] req seq=1150 L23 k=2 ids=[8,247] w=[0.4960,0.4173] compute=1.83 ms ok
ds4: [t=+52826.9ms] req seq=1151 L24 k=1 ids=[41] w=[0.2046] compute=1.86 ms ok
ds4: [t=+52835.8ms] req seq=1152 L26 k=1 ids=[239] w=[0.1845] compute=1.79 ms ok
ds4: [t=+52841.9ms] req seq=1153 L27 k=1 ids=[95] w=[0.1085] compute=1.83 ms ok
ds4: [t=+52852.7ms] req seq=1154 L29 k=1 ids=[12] w=[0.0937] compute=1.83 ms ok
ds4: [t=+52859.1ms] req seq=1155 L30 k=1 ids=[193] w=[0.2974] compute=1.82 ms ok
ds4: [t=+52867.0ms] req seq=1156 L31 k=1 ids=[16] w=[0.4482] compute=1.80 ms ok
ds4: [t=+52875.1ms] req seq=1157 L32 k=1 ids=[51] w=[0.1497] compute=1.83 ms ok
ds4: [t=+52898.3ms] req seq=1158 L35 k=1 ids=[111] w=[0.1074] compute=1.87 ms ok
ds4: [t=+52913.5ms] req seq=1159 L37 k=1 ids=[77] w=[0.1291] compute=1.91 ms ok
ds4: [t=+52973.9ms] req seq=1160 L3 k=2 ids=[177,68] w=[0.1521,0.1569] compute=2.06 ms ok
ds4: [t=+52974.0ms] tok#95 done: 19 layer-reqs, 23 experts, compute 34.97 ms (1.84 ms/layer), wall 224.28 ms, errors=0, evict-hints=19 | cache: resident=3337/3337 slabs=3 wired=22.00 GiB mlock-fail=0 B hits=1160 misses=0 swaps=1159
ds4: [t=+52974.0ms] tok#95 experts: L7=[122] L8=[236] L12=[185] L13=[248] L16=[57,31] L18=[20,198] L19=[246,193] L21=[226] L22=[192] L23=[8,247] L24=[41] L26=[239] L27=[95] L29=[12] L30=[193] L31=[16] L32=[51] L35=[111] L37=[77]
ds4: [t=+53012.7ms] req seq=1161 L15 k=2 ids=[180,126] w=[0.2381,0.1763] compute=1.85 ms ok
ds4: [t=+53019.5ms] req seq=1162 L16 k=1 ids=[143] w=[0.2251] compute=1.83 ms ok
ds4: [t=+53028.9ms] req seq=1163 L18 k=1 ids=[224] w=[0.1820] compute=1.85 ms ok
ds4: [t=+53034.5ms] req seq=1164 L19 k=1 ids=[193] w=[0.1249] compute=1.77 ms ok
ds4: [t=+53041.8ms] req seq=1165 L21 k=1 ids=[41] w=[0.1814] compute=1.85 ms ok
ds4: [t=+53085.5ms] req seq=1166 L35 k=1 ids=[246] w=[0.0889] compute=2.13 ms ok
ds4: [t=+53115.5ms] req seq=1167 L0 k=1 ids=[1] w=[0.1245] compute=1.87 ms ok
ds4: [t=+53115.6ms] tok#96 done: 7 layer-reqs, 9 experts, compute 13.35 ms (1.91 ms/layer), wall 143.78 ms, errors=0, evict-hints=7 | cache: resident=3337/3337 slabs=3 wired=22.00 GiB mlock-fail=0 B hits=1167 misses=0 swaps=1166
ds4: [t=+53115.7ms] tok#96 experts: L3=[177,68] L15=[180,126] L16=[143] L18=[224] L19=[193] L21=[41] L35=[246]
ds4: [t=+53143.4ms] req seq=1168 L8 k=1 ids=[174] w=[0.1484] compute=1.90 ms ok
ds4: [t=+53149.6ms] req seq=1169 L9 k=1 ids=[52] w=[0.1656] compute=1.82 ms ok
ds4: [t=+53159.7ms] req seq=1170 L12 k=1 ids=[182] w=[0.1555] compute=1.84 ms ok
ds4: [t=+53172.9ms] req seq=1171 L17 k=2 ids=[144,253] w=[0.1773,0.1576] compute=1.92 ms ok
ds4: [t=+53184.9ms] req seq=1172 L21 k=1 ids=[252] w=[0.2991] compute=1.89 ms ok
ds4: [t=+53198.4ms] req seq=1173 L25 k=1 ids=[9] w=[0.1880] compute=1.87 ms ok
ds4: [t=+53204.4ms] req seq=1174 L26 k=1 ids=[25] w=[0.1923] compute=1.80 ms ok
ds4: [t=+53216.8ms] req seq=1175 L29 k=1 ids=[66] w=[0.1324] compute=1.86 ms ok
ds4: [t=+53233.5ms] req seq=1176 L33 k=1 ids=[71] w=[0.1366] compute=1.89 ms ok
ds4: [t=+53239.6ms] req seq=1177 L34 k=1 ids=[84] w=[0.0834] compute=1.81 ms ok
ds4: [t=+53247.5ms] req seq=1178 L36 k=1 ids=[91] w=[0.1903] compute=1.83 ms ok
ds4: [t=+53281.9ms] req seq=1179 L4 k=1 ids=[26] w=[0.1033] compute=1.90 ms ok
ds4: [t=+53282.0ms] tok#97 done: 12 layer-reqs, 13 experts, compute 22.29 ms (1.86 ms/layer), wall 168.32 ms, errors=0, evict-hints=12 | cache: resident=3337/3337 slabs=3 wired=22.00 GiB mlock-fail=0 B hits=1179 misses=0 swaps=1178
ds4: [t=+53282.1ms] tok#97 experts: L0=[1] L8=[174] L9=[52] L12=[182] L17=[144,253] L21=[252] L25=[9] L26=[25] L29=[66] L33=[71] L34=[84] L36=[91]
ds4: [t=+53289.1ms] req seq=1180 L7 k=1 ids=[15] w=[0.1372] compute=1.81 ms ok
ds4: [t=+53317.8ms] req seq=1181 L20 k=1 ids=[99] w=[0.1595] compute=1.85 ms ok
ds4: [t=+53327.9ms] req seq=1182 L23 k=1 ids=[179] w=[0.1527] compute=1.84 ms ok
ds4: [t=+53337.9ms] req seq=1183 L27 k=1 ids=[170] w=[0.1871] compute=1.82 ms ok
ds4: [t=+53376.2ms] req seq=1184 L41 k=1 ids=[158] w=[0.2149] compute=1.99 ms ok
ds4: [t=+53391.1ms] req seq=1185 L3 k=1 ids=[24] w=[0.2384] compute=1.79 ms ok
ds4: [t=+53391.2ms] tok#98 done: 6 layer-reqs, 6 experts, compute 11.19 ms (1.87 ms/layer), wall 111.12 ms, errors=0, evict-hints=6 | cache: resident=3337/3337 slabs=3 wired=22.00 GiB mlock-fail=0 B hits=1185 misses=0 swaps=1184
ds4: [t=+53391.2ms] tok#98 experts: L4=[26] L7=[15] L20=[99] L23=[179] L27=[170] L41=[158]
ds4: [t=+53436.1ms] req seq=1186 L23 k=1 ids=[145] w=[0.1788] compute=2.09 ms ok
ds4: [t=+53444.6ms] req seq=1187 L26 k=2 ids=[92,66] w=[0.2265,0.1844] compute=1.87 ms ok
ds4: [t=+53450.7ms] req seq=1188 L27 k=1 ids=[106] w=[0.1625] compute=1.81 ms ok
ds4: [t=+53458.7ms] req seq=1189 L29 k=1 ids=[187] w=[0.1702] compute=1.76 ms ok
ds4: [t=+53474.5ms] req seq=1190 L34 k=1 ids=[219] w=[0.1920] compute=1.85 ms ok
ds4: [t=+53523.6ms] req seq=1191 L10 k=1 ids=[173] w=[0.1730] compute=2.05 ms ok
ds4: [t=+53523.7ms] tok#99 done: 6 layer-reqs, 7 experts, compute 11.17 ms (1.86 ms/layer), wall 134.34 ms, errors=0, evict-hints=6 | cache: resident=3337/3337 slabs=3 wired=22.00 GiB mlock-fail=0 B hits=1191 misses=0 swaps=1190
ds4: [t=+53523.7ms] tok#99 experts: L3=[24] L23=[145] L26=[92,66] L27=[106] L29=[187] L34=[219]
ds4: [t=+53550.9ms] req seq=1192 L23 k=1 ids=[127] w=[0.1246] compute=1.88 ms ok
ds4: [t=+53560.0ms] req seq=1193 L26 k=1 ids=[72] w=[0.1517] compute=1.82 ms ok
ds4: [t=+53570.5ms] req seq=1194 L29 k=1 ids=[172] w=[0.1575] compute=1.79 ms ok
ds4: [t=+53577.0ms] req seq=1195 L30 k=1 ids=[50] w=[0.2869] compute=1.87 ms ok
ds4: [t=+53589.3ms] req seq=1196 L35 k=1 ids=[115] w=[0.2029] compute=1.82 ms ok
ds4: [t=+53595.6ms] req seq=1197 L36 k=1 ids=[89] w=[0.1882] compute=1.91 ms ok
ds4: [t=+53601.9ms] req seq=1198 L37 k=1 ids=[43] w=[0.1848] compute=1.81 ms ok
ds4: [t=+53607.7ms] req seq=1199 L38 k=1 ids=[104] w=[0.1571] compute=1.78 ms ok
ds4: [t=+53615.3ms] req seq=1200 L40 k=1 ids=[7] w=[0.3110] compute=1.81 ms ok
ds4: [t=+53623.3ms] req seq=1201 L42 k=1 ids=[11] w=[0.1623] compute=1.79 ms ok
ds4: [t=+53644.5ms] req seq=1202 L5 k=2 ids=[122,188] w=[0.2331,0.2466] compute=1.92 ms ok
ds4: [t=+53644.6ms] tok#100 done: 11 layer-reqs, 11 experts, compute 20.32 ms (1.85 ms/layer), wall 123.05 ms, errors=0, evict-hints=11 | cache: resident=3337/3337 slabs=3 wired=22.00 GiB mlock-fail=0 B hits=1202 misses=0 swaps=1201
ds4: [t=+53644.6ms] tok#100 experts: L10=[173] L23=[127] L26=[72] L29=[172] L30=[50] L35=[115] L36=[89] L37=[43] L38=[104] L40=[7] L42=[11]
ds4: [t=+53655.7ms] req seq=1203 L8 k=1 ids=[59] w=[0.1865] compute=1.87 ms ok
ds4: [t=+53665.1ms] req seq=1204 L10 k=3 ids=[174,213,206] w=[0.1549,0.1443,0.1383] compute=1.86 ms ok
ds4: [t=+53689.6ms] req seq=1205 L16 k=1 ids=[106] w=[0.1377] compute=1.86 ms ok
ds4: [t=+53704.9ms] req seq=1206 L20 k=1 ids=[58] w=[0.2028] compute=1.89 ms ok
ds4: [t=+53745.6ms] req seq=1207 L36 k=1 ids=[48] w=[0.1455] compute=1.90 ms ok
ds4: [t=+53767.1ms] req seq=1208 L0 k=1 ids=[4] w=[0.3124] compute=1.85 ms ok
ds4: [t=+53767.2ms] tok#101 done: 6 layer-reqs, 9 experts, compute 11.30 ms (1.88 ms/layer), wall 124.65 ms, errors=0, evict-hints=6 | cache: resident=3337/3337 slabs=3 wired=22.00 GiB mlock-fail=0 B hits=1208 misses=0 swaps=1207
ds4: [t=+53767.2ms] tok#101 experts: L5=[122,188] L8=[59] L10=[174,213,206] L16=[106] L20=[58] L36=[48]
ds4: [t=+53779.3ms] req seq=1209 L5 k=1 ids=[32] w=[0.3369] compute=1.89 ms ok
ds4: [t=+53790.6ms] req seq=1210 L9 k=1 ids=[214] w=[0.1429] compute=1.83 ms ok
ds4: [t=+53804.1ms] req seq=1211 L13 k=1 ids=[243] w=[0.1582] compute=1.87 ms ok
ds4: [t=+53810.0ms] req seq=1212 L14 k=1 ids=[2] w=[0.1698] compute=1.85 ms ok
ds4: [t=+53816.3ms] req seq=1213 L15 k=1 ids=[188] w=[0.1788] compute=1.77 ms ok
ds4: [t=+53829.6ms] req seq=1214 L19 k=1 ids=[40] w=[0.3268] compute=1.88 ms ok
ds4: [t=+53834.7ms] req seq=1215 L20 k=1 ids=[64] w=[0.1365] compute=1.82 ms ok
ds4: [t=+53840.7ms] req seq=1216 L21 k=2 ids=[211,123] w=[0.5259,0.1066] compute=1.84 ms ok
ds4: [t=+53846.9ms] req seq=1217 L22 k=1 ids=[175] w=[0.1713] compute=1.86 ms ok
ds4: [t=+53898.5ms] req seq=1218 L39 k=1 ids=[33] w=[0.4406] compute=2.12 ms ok
ds4: [t=+53924.6ms] req seq=1219 L4 k=1 ids=[46] w=[0.1421] compute=1.85 ms ok
ds4: [t=+53924.7ms] tok#102 done: 11 layer-reqs, 12 experts, compute 20.58 ms (1.87 ms/layer), wall 159.36 ms, errors=0, evict-hints=11 | cache: resident=3337/3337 slabs=3 wired=22.00 GiB mlock-fail=0 B hits=1219 misses=0 swaps=1218
ds4: [t=+53924.7ms] tok#102 experts: L0=[4] L5=[32] L9=[214] L13=[243] L14=[2] L15=[188] L19=[40] L20=[64] L21=[211,123] L22=[175] L39=[33]
ds4: [t=+53931.1ms] req seq=1220 L5 k=1 ids=[64] w=[0.2642] compute=1.80 ms ok
ds4: [t=+53937.2ms] req seq=1221 L6 k=1 ids=[7] w=[0.1471] compute=1.77 ms ok
ds4: [t=+53965.4ms] req seq=1222 L15 k=1 ids=[186] w=[0.2914] compute=1.92 ms ok
ds4: [t=+54014.2ms] req seq=1223 L33 k=1 ids=[172] w=[0.2546] compute=2.09 ms ok
ds4: [t=+54057.3ms] req seq=1224 L3 k=1 ids=[215] w=[0.1212] compute=1.91 ms ok
ds4: [t=+54057.4ms] tok#103 done: 5 layer-reqs, 5 experts, compute 9.43 ms (1.89 ms/layer), wall 134.64 ms, errors=0, evict-hints=5 | cache: resident=3337/3337 slabs=3 wired=22.00 GiB mlock-fail=0 B hits=1224 misses=0 swaps=1223
ds4: [t=+54057.4ms] tok#103 experts: L4=[46] L5=[64] L6=[7] L15=[186] L33=[172]
ds4: [t=+54074.1ms] req seq=1225 L8 k=1 ids=[230] w=[0.2258] compute=1.90 ms ok
ds4: [t=+54080.3ms] req seq=1226 L9 k=1 ids=[176] w=[0.3324] compute=1.80 ms ok
ds4: [t=+54085.7ms] req seq=1227 L10 k=1 ids=[213] w=[0.1512] compute=1.71 ms ok
ds4: [t=+54095.1ms] req seq=1228 L12 k=1 ids=[226] w=[0.1856] compute=1.83 ms ok
ds4: [t=+54101.1ms] req seq=1229 L13 k=1 ids=[97] w=[0.2885] compute=1.79 ms ok
ds4: [t=+54120.1ms] req seq=1230 L18 k=1 ids=[118] w=[0.1535] compute=1.88 ms ok
ds4: [t=+54128.6ms] req seq=1231 L20 k=1 ids=[246] w=[0.2553] compute=1.89 ms ok
ds4: [t=+54162.2ms] req seq=1232 L32 k=1 ids=[104] w=[0.2892] compute=1.91 ms ok
ds4: [t=+54172.9ms] req seq=1233 L34 k=1 ids=[109] w=[0.4184] compute=1.83 ms ok
ds4: [t=+54192.4ms] req seq=1234 L41 k=1 ids=[5] w=[0.1271] compute=1.58 ms ok
ds4: [t=+54202.2ms] req seq=1235 L0 k=1 ids=[39] w=[0.0440] compute=1.47 ms ok
ds4: [t=+54202.3ms] tok#104 done: 11 layer-reqs, 11 experts, compute 20.04 ms (1.82 ms/layer), wall 146.88 ms, errors=0, evict-hints=11 | cache: resident=3337/3337 slabs=3 wired=22.00 GiB mlock-fail=0 B hits=1235 misses=0 swaps=1234
ds4: [t=+54202.3ms] tok#104 experts: L3=[215] L8=[230] L9=[176] L10=[213] L12=[226] L13=[97] L18=[118] L20=[246] L32=[104] L34=[109] L41=[5]
ds4: [t=+54214.4ms] req seq=1236 L5 k=1 ids=[223] w=[0.1072] compute=1.42 ms ok
ds4: [t=+54223.1ms] req seq=1237 L7 k=2 ids=[216,201] w=[0.6157,0.1250] compute=1.46 ms ok
ds4: [t=+54228.6ms] req seq=1238 L8 k=1 ids=[13] w=[0.2138] compute=1.54 ms ok
ds4: [t=+54236.4ms] req seq=1239 L11 k=1 ids=[138] w=[0.4803] compute=1.42 ms ok
ds4: [t=+54244.0ms] req seq=1240 L13 k=1 ids=[20] w=[0.3533] compute=1.63 ms ok
ds4: [t=+54250.1ms] req seq=1241 L14 k=1 ids=[182] w=[0.1750] compute=1.59 ms ok
ds4: [t=+54257.6ms] req seq=1242 L16 k=1 ids=[120] w=[0.1888] compute=1.43 ms ok
ds4: [t=+54263.5ms] req seq=1243 L17 k=1 ids=[253] w=[0.1549] compute=1.62 ms ok
ds4: [t=+54269.4ms] req seq=1244 L18 k=1 ids=[187] w=[0.1757] compute=1.59 ms ok
ds4: [t=+54274.8ms] req seq=1245 L19 k=1 ids=[86] w=[0.4211] compute=1.48 ms ok
ds4: [t=+54282.8ms] req seq=1246 L21 k=2 ids=[221,249] w=[0.2794,0.1454] compute=1.63 ms ok
ds4: [t=+54291.2ms] req seq=1247 L23 k=1 ids=[103] w=[0.3054] compute=1.54 ms ok
ds4: [t=+54298.1ms] req seq=1248 L24 k=1 ids=[239] w=[0.1813] compute=1.70 ms ok
ds4: [t=+54311.1ms] req seq=1249 L25 k=1 ids=[25] w=[0.1466] compute=1.75 ms ok
ds4: [t=+54343.1ms] req seq=1250 L29 k=1 ids=[94] w=[0.6051] compute=2.13 ms ok
ds4: [t=+54396.6ms] req seq=1251 L39 k=1 ids=[6] w=[0.2108] compute=2.08 ms ok
ds4: [t=+54407.4ms] req seq=1252 L41 k=1 ids=[249] w=[0.1973] compute=1.80 ms ok
ds4: [t=+54425.2ms] req seq=1253 L1 k=1 ids=[194] w=[0.2741] compute=1.98 ms ok
ds4: [t=+54425.3ms] tok#105 done: 18 layer-reqs, 20 experts, compute 29.30 ms (1.63 ms/layer), wall 224.56 ms, errors=0, evict-hints=18 | cache: resident=3337/3337 slabs=3 wired=22.00 GiB mlock-fail=0 B hits=1253 misses=0 swaps=1252
ds4: [t=+54425.4ms] tok#105 experts: L0=[39] L5=[223] L7=[216,201] L8=[13] L11=[138] L13=[20] L14=[182] L16=[120] L17=[253] L18=[187] L19=[86] L21=[221,249] L23=[103] L24=[239] L25=[25] L29=[94] L39=[6] L41=[249]
ds4: [t=+54436.0ms] req seq=1254 L3 k=1 ids=[113] w=[0.1746] compute=1.51 ms ok
ds4: [t=+54446.9ms] req seq=1255 L5 k=1 ids=[168] w=[0.1645] compute=1.53 ms ok
ds4: [t=+54461.2ms] req seq=1256 L8 k=2 ids=[104,9] w=[0.2247,0.1278] compute=1.65 ms ok
ds4: [t=+54467.9ms] req seq=1257 L9 k=1 ids=[64] w=[0.1827] compute=1.43 ms ok
ds4: [t=+54474.5ms] req seq=1258 L10 k=1 ids=[126] w=[0.1925] compute=1.44 ms ok
ds4: [t=+54483.4ms] req seq=1259 L11 k=1 ids=[239] w=[0.1799] compute=1.60 ms ok
ds4: [t=+54493.3ms] req seq=1260 L12 k=2 ids=[62,102] w=[0.1264,0.1011] compute=1.62 ms ok
ds4: [t=+54500.8ms] req seq=1261 L13 k=1 ids=[144] w=[0.1714] compute=1.53 ms ok
ds4: [t=+54513.4ms] req seq=1262 L15 k=1 ids=[198] w=[0.2729] compute=1.63 ms ok
ds4: [t=+54528.1ms] req seq=1263 L17 k=1 ids=[101] w=[0.1382] compute=1.78 ms ok
ds4: [t=+54540.7ms] req seq=1264 L19 k=1 ids=[5] w=[0.1624] compute=1.58 ms ok
ds4: [t=+54588.3ms] req seq=1265 L28 k=2 ids=[28,10] w=[0.1800,0.1471] compute=1.71 ms ok
ds4: [t=+54610.9ms] req seq=1266 L34 k=1 ids=[68] w=[0.4127] compute=1.81 ms ok
ds4: [t=+54646.8ms] req seq=1267 L3 k=1 ids=[140] w=[0.4747] compute=1.85 ms ok
ds4: [t=+54646.9ms] tok#106 done: 14 layer-reqs, 17 experts, compute 22.79 ms (1.63 ms/layer), wall 223.62 ms, errors=0, evict-hints=14 | cache: resident=3337/3337 slabs=3 wired=22.00 GiB mlock-fail=0 B hits=1267 misses=0 swaps=1266
ds4: [t=+54646.9ms] tok#106 experts: L1=[194] L3=[113] L5=[168] L8=[104,9] L9=[64] L10=[126] L11=[239] L12=[62,102] L13=[144] L15=[198] L17=[101] L19=[5] L28=[28,10] L34=[68]
ds4: [t=+54654.1ms] req seq=1268 L5 k=1 ids=[213] w=[0.5354] compute=1.65 ms ok
ds4: [t=+54660.2ms] req seq=1269 L6 k=1 ids=[105] w=[0.1527] compute=1.81 ms ok
ds4: [t=+54666.0ms] req seq=1270 L7 k=2 ids=[183,254] w=[0.1280,0.1219] compute=1.80 ms ok
ds4: [t=+54672.8ms] req seq=1271 L9 k=1 ids=[172] w=[0.1524] compute=1.77 ms ok
ds4: [t=+54680.2ms] req seq=1272 L11 k=1 ids=[103] w=[0.2094] compute=1.77 ms ok
ds4: [t=+54685.6ms] req seq=1273 L12 k=1 ids=[141] w=[0.1533] compute=1.76 ms ok
ds4: [t=+54692.9ms] req seq=1274 L14 k=1 ids=[32] w=[0.1800] compute=1.85 ms ok
ds4: [t=+54704.2ms] req seq=1275 L19 k=1 ids=[160] w=[0.4199] compute=1.83 ms ok
ds4: [t=+54709.1ms] req seq=1276 L20 k=1 ids=[164] w=[0.2282] compute=1.81 ms ok
ds4: [t=+54725.0ms] req seq=1277 L25 k=2 ids=[89,215] w=[0.1781,0.1321] compute=1.85 ms ok
ds4: [t=+54783.8ms] req seq=1278 L4 k=1 ids=[58] w=[0.0993] compute=2.06 ms ok
ds4: [t=+54783.9ms] tok#107 done: 11 layer-reqs, 13 experts, compute 19.75 ms (1.80 ms/layer), wall 138.93 ms, errors=0, evict-hints=11 | cache: resident=3337/3337 slabs=3 wired=22.00 GiB mlock-fail=0 B hits=1278 misses=0 swaps=1277
ds4: [t=+54783.9ms] tok#107 experts: L3=[140] L5=[213] L6=[105] L7=[183,254] L9=[172] L11=[103] L12=[141] L14=[32] L19=[160] L20=[164] L25=[89,215]
ds4: [t=+54790.8ms] req seq=1279 L5 k=1 ids=[29] w=[0.3648] compute=1.81 ms ok
ds4: [t=+54798.9ms] req seq=1280 L8 k=1 ids=[143] w=[0.1462] compute=1.79 ms ok
ds4: [t=+54823.5ms] req seq=1281 L20 k=1 ids=[3] w=[0.1623] compute=1.84 ms ok
ds4: [t=+54874.2ms] req seq=1282 L2 k=1 ids=[232] w=[0.2574] compute=2.07 ms ok
ds4: [t=+54874.4ms] tok#108 done: 4 layer-reqs, 4 experts, compute 7.50 ms (1.87 ms/layer), wall 92.62 ms, errors=0, evict-hints=4 | cache: resident=3337/3337 slabs=3 wired=22.00 GiB mlock-fail=0 B hits=1282 misses=0 swaps=1281
ds4: [t=+54874.4ms] tok#108 experts: L4=[58] L5=[29] L8=[143] L20=[3]
ds4: [t=+54882.0ms] req seq=1283 L5 k=1 ids=[188] w=[0.2226] compute=1.88 ms ok
ds4: [t=+54888.5ms] req seq=1284 L7 k=2 ids=[136,180] w=[0.1705,0.1607] compute=1.80 ms ok
ds4: [t=+54903.5ms] req seq=1285 L12 k=1 ids=[225] w=[0.2200] compute=1.90 ms ok
ds4: [t=+54909.7ms] req seq=1286 L13 k=2 ids=[87,48] w=[0.4085,0.1814] compute=1.88 ms ok
ds4: [t=+54915.7ms] req seq=1287 L14 k=1 ids=[184] w=[0.1998] compute=1.80 ms ok
ds4: [t=+54936.1ms] req seq=1288 L23 k=1 ids=[51] w=[0.1115] compute=1.89 ms ok
ds4: [t=+54950.1ms] req seq=1289 L28 k=1 ids=[10] w=[0.1489] compute=1.86 ms ok
ds4: [t=+54964.4ms] req seq=1290 L33 k=1 ids=[77] w=[0.1911] compute=1.83 ms ok
ds4: [t=+55000.8ms] req seq=1291 L3 k=2 ids=[22,45] w=[0.5847,0.1951] compute=1.89 ms ok
ds4: [t=+55000.9ms] tok#109 done: 9 layer-reqs, 11 experts, compute 16.91 ms (1.88 ms/layer), wall 128.67 ms, errors=0, evict-hints=9 | cache: resident=3337/3337 slabs=3 wired=22.00 GiB mlock-fail=0 B hits=1291 misses=0 swaps=1290
ds4: [t=+55000.9ms] tok#109 experts: L2=[232] L5=[188] L7=[136,180] L12=[225] L13=[87,48] L14=[184] L23=[51] L28=[10] L33=[77]
ds4: [t=+55017.3ms] req seq=1292 L8 k=1 ids=[57] w=[0.1474] compute=1.91 ms ok
ds4: [t=+55032.0ms] req seq=1293 L12 k=1 ids=[175] w=[0.1617] compute=1.83 ms ok
ds4: [t=+55049.2ms] req seq=1294 L19 k=1 ids=[3] w=[0.2613] compute=1.86 ms ok
ds4: [t=+55059.1ms] req seq=1295 L22 k=1 ids=[19] w=[0.1686] compute=1.76 ms ok
ds4: [t=+55108.2ms] req seq=1296 L42 k=1 ids=[73] w=[0.3033] compute=2.08 ms ok
ds4: [t=+55120.0ms] req seq=1297 L3 k=1 ids=[68] w=[0.1807] compute=1.84 ms ok
ds4: [t=+55120.1ms] tok#110 done: 6 layer-reqs, 7 experts, compute 11.34 ms (1.89 ms/layer), wall 121.22 ms, errors=0, evict-hints=6 | cache: resident=3337/3337 slabs=3 wired=22.00 GiB mlock-fail=0 B hits=1297 misses=0 swaps=1296
ds4: [t=+55120.1ms] tok#110 experts: L3=[22,45] L8=[57] L12=[175] L19=[3] L22=[19] L42=[73]
ds4: [t=+55126.6ms] req seq=1298 L4 k=2 ids=[82,161] w=[0.4086,0.1287] compute=1.86 ms ok
ds4: [t=+55142.2ms] req seq=1299 L10 k=1 ids=[73] w=[0.1598] compute=1.83 ms ok
ds4: [t=+55162.1ms] req seq=1300 L19 k=1 ids=[180] w=[0.2723] compute=1.90 ms ok
ds4: [t=+55171.4ms] req seq=1301 L22 k=1 ids=[129] w=[0.1044] compute=1.81 ms ok
ds4: [t=+55229.0ms] req seq=1302 L5 k=1 ids=[101] w=[0.1116] compute=2.07 ms ok
ds4: [t=+55229.1ms] tok#111 done: 5 layer-reqs, 6 experts, compute 9.23 ms (1.85 ms/layer), wall 110.95 ms, errors=0, evict-hints=5 | cache: resident=3337/3337 slabs=3 wired=22.00 GiB mlock-fail=0 B hits=1302 misses=0 swaps=1301
ds4: [t=+55229.2ms] tok#111 experts: L3=[68] L4=[82,161] L10=[73] L19=[180] L22=[129]
ds4: [t=+55253.0ms] req seq=1303 L15 k=2 ids=[219,58] w=[0.1716,0.1475] compute=1.89 ms ok
ds4: [t=+55259.0ms] req seq=1304 L16 k=1 ids=[104] w=[0.1888] compute=1.84 ms ok
ds4: [t=+55268.8ms] req seq=1305 L19 k=2 ids=[210,196] w=[0.3068,0.1501] compute=1.81 ms ok
ds4: [t=+55275.2ms] req seq=1306 L21 k=1 ids=[34] w=[0.3574] compute=1.87 ms ok
ds4: [t=+55281.7ms] req seq=1307 L22 k=1 ids=[176] w=[0.3260] compute=1.84 ms ok
ds4: [t=+55287.8ms] req seq=1308 L23 k=1 ids=[109] w=[0.1766] compute=1.76 ms ok
ds4: [t=+55312.9ms] req seq=1309 L31 k=1 ids=[10] w=[0.2427] compute=1.90 ms ok
ds4: [t=+55319.2ms] req seq=1310 L32 k=1 ids=[84] w=[0.2042] compute=1.79 ms ok
ds4: [t=+55333.5ms] req seq=1311 L37 k=1 ids=[89] w=[0.1837] compute=1.90 ms ok
ds4: [t=+55349.7ms] req seq=1312 L41 k=1 ids=[105] w=[0.1592] compute=1.90 ms ok
ds4: [t=+55356.3ms] req seq=1313 L42 k=1 ids=[46] w=[0.4882] compute=1.79 ms ok
ds4: [t=+55367.2ms] req seq=1314 L1 k=1 ids=[7] w=[0.2336] compute=1.86 ms ok
ds4: [t=+55367.3ms] tok#112 done: 12 layer-reqs, 14 experts, compute 22.38 ms (1.86 ms/layer), wall 140.30 ms, errors=0, evict-hints=12 | cache: resident=3337/3337 slabs=3 wired=22.00 GiB mlock-fail=0 B hits=1314 misses=0 swaps=1313
ds4: [t=+55367.3ms] tok#112 experts: L5=[101] L15=[219,58] L16=[104] L19=[210,196] L21=[34] L22=[176] L23=[109] L31=[10] L32=[84] L37=[89] L41=[105] L42=[46]
ds4: [t=+55382.2ms] req seq=1315 L7 k=1 ids=[180] w=[0.1636] compute=1.92 ms ok
ds4: [t=+55405.9ms] req seq=1316 L16 k=1 ids=[69] w=[0.3070] compute=1.90 ms ok
ds4: [t=+55412.1ms] req seq=1317 L17 k=1 ids=[112] w=[0.1341] compute=1.87 ms ok
ds4: [t=+55419.2ms] req seq=1318 L19 k=1 ids=[44] w=[0.1929] compute=1.80 ms ok
ds4: [t=+55425.3ms] req seq=1319 L21 k=1 ids=[155] w=[0.1507] compute=1.77 ms ok
ds4: [t=+55433.0ms] req seq=1320 L23 k=1 ids=[116] w=[0.2717] compute=1.78 ms ok
ds4: [t=+55465.6ms] req seq=1321 L34 k=1 ids=[151] w=[0.1028] compute=1.88 ms ok
ds4: [t=+55507.1ms] req seq=1322 L5 k=2 ids=[121,104] w=[0.2028,0.1370] compute=1.92 ms ok
ds4: [t=+55507.2ms] tok#113 done: 8 layer-reqs, 8 experts, compute 14.78 ms (1.85 ms/layer), wall 141.87 ms, errors=0, evict-hints=8 | cache: resident=3337/3337 slabs=3 wired=22.00 GiB mlock-fail=0 B hits=1322 misses=0 swaps=1321
ds4: [t=+55507.2ms] tok#113 experts: L1=[7] L7=[180] L16=[69] L17=[112] L19=[44] L21=[155] L23=[116] L34=[151]
ds4: [t=+55514.9ms] req seq=1323 L7 k=1 ids=[85] w=[0.1668] compute=1.85 ms ok
ds4: [t=+55525.7ms] req seq=1324 L10 k=1 ids=[103] w=[0.1720] compute=1.88 ms ok
ds4: [t=+55532.1ms] req seq=1325 L11 k=1 ids=[187] w=[0.1836] compute=1.83 ms ok
ds4: [t=+55538.5ms] req seq=1326 L12 k=1 ids=[144] w=[0.3410] compute=1.82 ms ok
ds4: [t=+55547.8ms] req seq=1327 L14 k=1 ids=[104] w=[0.2888] compute=1.91 ms ok
ds4: [t=+55565.2ms] req seq=1328 L19 k=1 ids=[238] w=[0.4316] compute=1.84 ms ok
ds4: [t=+55571.6ms] req seq=1329 L20 k=1 ids=[4] w=[0.2008] compute=1.84 ms ok
ds4: [t=+55587.9ms] req seq=1330 L24 k=1 ids=[197] w=[0.1878] compute=1.85 ms ok
ds4: [t=+55607.6ms] req seq=1331 L29 k=2 ids=[101,95] w=[0.4167,0.1389] compute=1.89 ms ok
ds4: [t=+55613.6ms] req seq=1332 L30 k=1 ids=[154] w=[0.1539] compute=1.89 ms ok
ds4: [t=+55645.9ms] req seq=1333 L38 k=1 ids=[8] w=[0.4958] compute=1.93 ms ok
ds4: [t=+55652.3ms] req seq=1334 L39 k=1 ids=[178] w=[0.1429] compute=1.81 ms ok
ds4: [t=+55665.5ms] req seq=1335 L42 k=2 ids=[161,39] w=[0.2088,0.1149] compute=1.84 ms ok
ds4: [t=+55682.6ms] req seq=1336 L3 k=1 ids=[152] w=[0.3235] compute=1.91 ms ok
ds4: [t=+55682.7ms] tok#114 done: 14 layer-reqs, 17 experts, compute 26.11 ms (1.86 ms/layer), wall 177.49 ms, errors=0, evict-hints=14 | cache: resident=3337/3337 slabs=3 wired=22.00 GiB mlock-fail=0 B hits=1336 misses=0 swaps=1335
ds4: [t=+55682.7ms] tok#114 experts: L5=[121,104] L7=[85] L10=[103] L11=[187] L12=[144] L14=[104] L19=[238] L20=[4] L24=[197] L29=[101,95] L30=[154] L38=[8] L39=[178] L42=[161,39]
ds4: [t=+55694.7ms] req seq=1337 L5 k=1 ids=[154] w=[0.1370] compute=1.90 ms ok
ds4: [t=+55701.3ms] req seq=1338 L6 k=1 ids=[220] w=[0.1166] compute=1.79 ms ok
ds4: [t=+55707.1ms] req seq=1339 L7 k=2 ids=[182,221] w=[0.3368,0.1659] compute=1.83 ms ok
ds4: [t=+55715.7ms] req seq=1340 L9 k=1 ids=[14] w=[0.2370] compute=1.87 ms ok
ds4: [t=+55722.8ms] req seq=1341 L10 k=2 ids=[74,41] w=[0.5308,0.3306] compute=1.81 ms ok
ds4: [t=+55742.2ms] req seq=1342 L15 k=1 ids=[189] w=[0.1437] compute=1.67 ms ok
ds4: [t=+55754.4ms] req seq=1343 L17 k=2 ids=[89,139] w=[0.2149,0.2139] compute=1.47 ms ok
ds4: [t=+55763.4ms] req seq=1344 L18 k=2 ids=[250,125] w=[0.3115,0.2004] compute=1.52 ms ok
ds4: [t=+55778.7ms] req seq=1345 L20 k=1 ids=[118] w=[0.2532] compute=1.64 ms ok
ds4: [t=+55787.1ms] req seq=1346 L21 k=2 ids=[104,123] w=[0.2937,0.1862] compute=1.46 ms ok
ds4: [t=+55797.2ms] req seq=1347 L22 k=1 ids=[152] w=[0.3325] compute=1.68 ms ok
ds4: [t=+55806.9ms] req seq=1348 L23 k=1 ids=[219] w=[0.0585] compute=1.48 ms ok
ds4: [t=+55826.5ms] req seq=1349 L27 k=2 ids=[30,220] w=[0.4782,0.1320] compute=1.62 ms ok
ds4: [t=+55833.5ms] req seq=1350 L29 k=1 ids=[46] w=[0.2487] compute=1.54 ms ok
ds4: [t=+55847.4ms] req seq=1351 L33 k=1 ids=[29] w=[0.2267] compute=1.61 ms ok
ds4: [t=+55866.0ms] req seq=1352 L37 k=2 ids=[226,87] w=[0.6006,0.2517] compute=1.67 ms ok
ds4: [t=+55874.8ms] req seq=1353 L38 k=1 ids=[150] w=[0.2227] compute=1.54 ms ok
ds4: [t=+55881.5ms] req seq=1354 L39 k=1 ids=[21] w=[0.2960] compute=1.70 ms ok
ds4: [t=+55916.5ms] req seq=1355 L3 k=1 ids=[28] w=[0.1076] compute=1.81 ms ok
ds4: [t=+55916.6ms] tok#115 done: 19 layer-reqs, 26 experts, compute 31.70 ms (1.67 ms/layer), wall 235.90 ms, errors=0, evict-hints=19 | cache: resident=3337/3337 slabs=3 wired=22.00 GiB mlock-fail=0 B hits=1355 misses=0 swaps=1354
ds4: [t=+55916.6ms] tok#115 experts: L3=[152] L5=[154] L6=[220] L7=[182,221] L9=[14] L10=[74,41] L15=[189] L17=[89,139] L18=[250,125] L20=[118] L21=[104,123] L22=[152] L23=[219] L27=[30,220] L29=[46] L33=[29] L37=[226,87] L38=[150] L39=[21]
ds4: [t=+55931.0ms] req seq=1356 L7 k=1 ids=[174] w=[0.2210] compute=1.89 ms ok
ds4: [t=+55943.0ms] req seq=1357 L10 k=2 ids=[41,48] w=[0.2694,0.1615] compute=2.09 ms ok
ds4: [t=+55975.3ms] req seq=1358 L20 k=1 ids=[232] w=[0.1396] compute=1.91 ms ok
ds4: [t=+55981.2ms] req seq=1359 L21 k=1 ids=[123] w=[0.1596] compute=1.46 ms ok
ds4: [t=+56042.7ms] req seq=1360 L41 k=1 ids=[147] w=[0.2514] compute=1.96 ms ok
ds4: [t=+56062.0ms] req seq=1361 L3 k=1 ids=[41] w=[0.0980] compute=1.59 ms ok
ds4: [t=+56062.1ms] tok#116 done: 6 layer-reqs, 7 experts, compute 11.12 ms (1.85 ms/layer), wall 147.45 ms, errors=0, evict-hints=6 | cache: resident=3337/3337 slabs=3 wired=22.00 GiB mlock-fail=0 B hits=1361 misses=0 swaps=1360
ds4: [t=+56062.2ms] tok#116 experts: L3=[28] L7=[174] L10=[41,48] L20=[232] L21=[123] L41=[147]
ds4: [t=+56074.5ms] req seq=1362 L7 k=2 ids=[238,156] w=[0.1567,0.1239] compute=1.52 ms ok
ds4: [t=+56082.6ms] req seq=1363 L9 k=1 ids=[168] w=[0.2199] compute=1.60 ms ok
ds4: [t=+56088.6ms] req seq=1364 L10 k=2 ids=[48,206] w=[0.3195,0.1677] compute=1.53 ms ok
ds4: [t=+56095.8ms] req seq=1365 L12 k=1 ids=[57] w=[0.1888] compute=1.60 ms ok
ds4: [t=+56103.3ms] req seq=1366 L14 k=1 ids=[116] w=[0.1400] compute=1.53 ms ok
ds4: [t=+56118.5ms] req seq=1367 L19 k=1 ids=[98] w=[0.1117] compute=1.59 ms ok
ds4: [t=+56151.4ms] req seq=1368 L31 k=1 ids=[52] w=[0.2789] compute=1.80 ms ok
ds4: [t=+56160.6ms] req seq=1369 L34 k=1 ids=[119] w=[0.1337] compute=1.87 ms ok
ds4: [t=+56204.8ms] req seq=1370 L5 k=1 ids=[114] w=[0.5922] compute=2.00 ms ok
ds4: [t=+56204.9ms] tok#117 done: 9 layer-reqs, 11 experts, compute 14.62 ms (1.62 ms/layer), wall 144.44 ms, errors=0, evict-hints=9 | cache: resident=3337/3337 slabs=3 wired=22.00 GiB mlock-fail=0 B hits=1370 misses=0 swaps=1369
ds4: [t=+56205.0ms] tok#117 experts: L3=[41] L7=[238,156] L9=[168] L10=[48,206] L12=[57] L14=[116] L19=[98] L31=[52] L34=[119]
ds4: [t=+56213.4ms] req seq=1371 L8 k=1 ids=[24] w=[0.1289] compute=1.88 ms ok
ds4: [t=+56230.8ms] req seq=1372 L15 k=1 ids=[223] w=[0.1564] compute=1.77 ms ok
ds4: [t=+56246.0ms] req seq=1373 L21 k=2 ids=[90,31] w=[0.3504,0.1580] compute=1.86 ms ok
ds4: [t=+56261.5ms] req seq=1374 L27 k=1 ids=[220] w=[0.1392] compute=1.86 ms ok
ds4: [t=+56285.5ms] req seq=1375 L34 k=1 ids=[49] w=[0.1023] compute=1.94 ms ok
ds4: [t=+56293.6ms] req seq=1376 L36 k=1 ids=[234] w=[0.1476] compute=1.92 ms ok
ds4: [t=+56299.5ms] req seq=1377 L37 k=1 ids=[50] w=[0.1431] compute=1.90 ms ok
ds4: [t=+56309.5ms] req seq=1378 L40 k=1 ids=[230] w=[0.1857] compute=1.94 ms ok
ds4: [t=+56333.9ms] req seq=1379 L4 k=2 ids=[179,150] w=[0.0827,0.0823] compute=1.96 ms ok
ds4: [t=+56334.0ms] tok#118 done: 9 layer-reqs, 10 experts, compute 17.08 ms (1.90 ms/layer), wall 131.19 ms, errors=0, evict-hints=9 | cache: resident=3337/3337 slabs=3 wired=22.00 GiB mlock-fail=0 B hits=1379 misses=0 swaps=1378
ds4: [t=+56334.0ms] tok#118 experts: L5=[114] L8=[24] L15=[223] L21=[90,31] L27=[220] L34=[49] L36=[234] L37=[50] L40=[230]
ds4: [t=+56343.0ms] req seq=1380 L7 k=2 ids=[168,226] w=[0.3449,0.2063] compute=1.84 ms ok
ds4: [t=+56349.3ms] req seq=1381 L8 k=1 ids=[103] w=[0.3131] compute=1.85 ms ok
ds4: [t=+56364.5ms] req seq=1382 L11 k=1 ids=[75] w=[0.2887] compute=1.90 ms ok
ds4: [t=+56389.1ms] req seq=1383 L19 k=2 ids=[38,220] w=[0.3071,0.2519] compute=1.90 ms ok
ds4: [t=+56398.1ms] req seq=1384 L21 k=2 ids=[225,31] w=[0.2487,0.1819] compute=1.92 ms ok
ds4: [t=+56404.8ms] req seq=1385 L22 k=1 ids=[89] w=[0.1324] compute=1.82 ms ok
ds4: [t=+56454.7ms] req seq=1386 L34 k=1 ids=[114] w=[0.1431] compute=2.08 ms ok
ds4: [t=+56487.5ms] req seq=1387 L40 k=1 ids=[91] w=[0.2599] compute=1.85 ms ok
ds4: [t=+56519.6ms] req seq=1388 L3 k=1 ids=[21] w=[0.1114] compute=1.92 ms ok
ds4: [t=+56519.7ms] tok#119 done: 9 layer-reqs, 13 experts, compute 17.12 ms (1.90 ms/layer), wall 187.75 ms, errors=0, evict-hints=9 | cache: resident=3337/3337 slabs=3 wired=22.00 GiB mlock-fail=0 B hits=1388 misses=0 swaps=1387
ds4: [t=+56519.7ms] tok#119 experts: L4=[179,150] L7=[168,226] L8=[103] L11=[75] L19=[38,220] L21=[225,31] L22=[89] L34=[114] L40=[91]
ds4: [t=+56526.3ms] req seq=1389 L4 k=1 ids=[121] w=[0.0845] compute=1.88 ms ok
ds4: [t=+56532.1ms] req seq=1390 L5 k=1 ids=[191] w=[0.1656] compute=1.77 ms ok
ds4: [t=+56538.2ms] req seq=1391 L6 k=1 ids=[163] w=[0.1162] compute=1.73 ms ok
ds4: [t=+56544.1ms] req seq=1392 L7 k=1 ids=[7] w=[0.0953] compute=1.81 ms ok
ds4: [t=+56551.7ms] req seq=1393 L9 k=1 ids=[112] w=[0.1113] compute=1.75 ms ok
ds4: [t=+56557.9ms] req seq=1394 L10 k=2 ids=[86,212] w=[0.1448,0.1155] compute=1.75 ms ok
ds4: [t=+56578.2ms] req seq=1395 L16 k=1 ids=[48] w=[0.2671] compute=1.92 ms ok
ds4: [t=+56593.2ms] req seq=1396 L21 k=1 ids=[249] w=[0.1965] compute=1.87 ms ok
ds4: [t=+56622.2ms] req seq=1397 L30 k=1 ids=[206] w=[0.1041] compute=1.88 ms ok
ds4: [t=+56636.3ms] req seq=1398 L34 k=1 ids=[98] w=[0.1100] compute=1.89 ms ok
ds4: [t=+56668.7ms] req seq=1399 L42 k=1 ids=[123] w=[0.0726] compute=1.92 ms ok
ds4: [t=+56685.4ms] req seq=1400 L3 k=2 ids=[170,161] w=[0.1393,0.1306] compute=1.88 ms ok
ds4: [t=+56685.5ms] tok#120 done: 12 layer-reqs, 13 experts, compute 22.10 ms (1.84 ms/layer), wall 167.86 ms, errors=0, evict-hints=12 | cache: resident=3337/3337 slabs=3 wired=22.00 GiB mlock-fail=0 B hits=1400 misses=0 swaps=1399
ds4: [t=+56685.6ms] tok#120 experts: L3=[21] L4=[121] L5=[191] L6=[163] L7=[7] L9=[112] L10=[86,212] L16=[48] L21=[249] L30=[206] L34=[98] L42=[123]
ds4: [t=+56700.1ms] req seq=1401 L8 k=1 ids=[107] w=[0.1011] compute=1.91 ms ok
ds4: [t=+56714.6ms] req seq=1402 L12 k=1 ids=[96] w=[0.1636] compute=1.84 ms ok
ds4: [t=+56721.2ms] req seq=1403 L13 k=1 ids=[133] w=[0.1398] compute=1.83 ms ok
ds4: [t=+56728.0ms] req seq=1404 L15 k=1 ids=[137] w=[0.2100] compute=1.90 ms ok
ds4: [t=+56736.3ms] req seq=1405 L17 k=1 ids=[193] w=[0.1726] compute=1.79 ms ok
ds4: [t=+56748.5ms] req seq=1406 L21 k=1 ids=[199] w=[0.1380] compute=1.85 ms ok
ds4: [t=+56793.6ms] req seq=1407 L39 k=1 ids=[119] w=[0.1956] compute=2.06 ms ok
ds4: [t=+56827.4ms] req seq=1408 L9 k=1 ids=[148] w=[0.1922] compute=1.88 ms ok
ds4: [t=+56827.5ms] tok#121 done: 8 layer-reqs, 9 experts, compute 15.07 ms (1.88 ms/layer), wall 143.91 ms, errors=0, evict-hints=8 | cache: resident=3337/3337 slabs=3 wired=22.00 GiB mlock-fail=0 B hits=1408 misses=0 swaps=1407
ds4: [t=+56827.5ms] tok#121 experts: L3=[170,161] L8=[107] L12=[96] L13=[133] L15=[137] L17=[193] L21=[199] L39=[119]
ds4: [t=+56833.5ms] req seq=1409 L10 k=1 ids=[75] w=[0.1534] compute=1.81 ms ok
ds4: [t=+56839.4ms] req seq=1410 L11 k=1 ids=[197] w=[0.1163] compute=1.74 ms ok
ds4: [t=+56845.4ms] req seq=1411 L12 k=1 ids=[221] w=[0.1193] compute=1.79 ms ok
ds4: [t=+56850.9ms] req seq=1412 L13 k=2 ids=[54,249] w=[0.1566,0.1325] compute=1.79 ms ok
ds4: [t=+56861.7ms] req seq=1413 L17 k=1 ids=[185] w=[0.1200] compute=1.82 ms ok
ds4: [t=+56872.1ms] req seq=1414 L20 k=1 ids=[100] w=[0.1960] compute=1.82 ms ok
ds4: [t=+56877.7ms] req seq=1415 L21 k=1 ids=[219] w=[0.1611] compute=1.85 ms ok
ds4: [t=+56884.7ms] req seq=1416 L23 k=1 ids=[106] w=[0.1400] compute=1.81 ms ok
ds4: [t=+56944.7ms] req seq=1417 L3 k=1 ids=[220] w=[0.1515] compute=1.95 ms ok
ds4: [t=+56944.8ms] tok#122 done: 9 layer-reqs, 10 experts, compute 16.31 ms (1.81 ms/layer), wall 119.23 ms, errors=0, evict-hints=9 | cache: resident=3337/3337 slabs=3 wired=22.00 GiB mlock-fail=0 B hits=1417 misses=0 swaps=1416
ds4: [t=+56944.8ms] tok#122 experts: L9=[148] L10=[75] L11=[197] L12=[221] L13=[54,249] L17=[185] L20=[100] L21=[219] L23=[106]
ds4: [t=+56952.0ms] req seq=1418 L4 k=1 ids=[120] w=[0.1282] compute=1.85 ms ok
ds4: [t=+56976.6ms] req seq=1419 L15 k=1 ids=[100] w=[0.1358] compute=1.90 ms ok
ds4: [t=+56983.3ms] req seq=1420 L17 k=1 ids=[153] w=[0.1890] compute=1.82 ms ok
ds4: [t=+57000.7ms] req seq=1421 L23 k=1 ids=[114] w=[0.1592] compute=1.85 ms ok
ds4: [t=+57051.5ms] req seq=1422 L3 k=1 ids=[218] w=[0.1449] compute=2.07 ms ok
ds4: [t=+57051.6ms] tok#123 done: 5 layer-reqs, 5 experts, compute 9.38 ms (1.88 ms/layer), wall 108.84 ms, errors=0, evict-hints=5 | cache: resident=3337/3337 slabs=3 wired=22.00 GiB mlock-fail=0 B hits=1422 misses=0 swaps=1421
ds4: [t=+57051.6ms] tok#123 experts: L3=[220] L4=[120] L15=[100] L17=[153] L23=[114]
ds4: [t=+57057.8ms] req seq=1423 L4 k=2 ids=[147,55] w=[0.0771,0.0673] compute=1.87 ms ok
ds4: [t=+57077.9ms] req seq=1424 L12 k=1 ids=[250] w=[0.1479] compute=1.91 ms ok
ds4: [t=+57083.8ms] req seq=1425 L13 k=1 ids=[39] w=[0.1950] compute=1.80 ms ok
ds4: [t=+57089.7ms] req seq=1426 L14 k=1 ids=[15] w=[0.3025] compute=1.90 ms ok
ds4: [t=+57099.4ms] req seq=1427 L17 k=1 ids=[146] w=[0.1261] compute=1.86 ms ok
ds4: [t=+57146.0ms] req seq=1428 L41 k=1 ids=[187] w=[0.1736] compute=2.08 ms ok
ds4: [t=+57157.6ms] req seq=1429 L1 k=1 ids=[30] w=[0.2726] compute=1.77 ms ok
ds4: [t=+57157.7ms] tok#124 done: 7 layer-reqs, 8 experts, compute 13.49 ms (1.93 ms/layer), wall 108.24 ms, errors=0, evict-hints=7 | cache: resident=3337/3337 slabs=3 wired=22.00 GiB mlock-fail=0 B hits=1429 misses=0 swaps=1428
ds4: [t=+57157.7ms] tok#124 experts: L3=[218] L4=[147,55] L12=[250] L13=[39] L14=[15] L17=[146] L41=[187]
ds4: [t=+57171.6ms] req seq=1430 L7 k=1 ids=[95] w=[0.1342] compute=1.90 ms ok
ds4: [t=+57177.5ms] req seq=1431 L8 k=1 ids=[30] w=[0.1768] compute=1.86 ms ok
ds4: [t=+57187.8ms] req seq=1432 L11 k=1 ids=[62] w=[0.1668] compute=1.81 ms ok
ds4: [t=+57217.5ms] req seq=1433 L24 k=1 ids=[123] w=[0.1003] compute=1.89 ms ok
ds4: [t=+57233.8ms] req seq=1434 L30 k=1 ids=[38] w=[0.2330] compute=1.87 ms ok
ds4: [t=+57241.0ms] req seq=1435 L32 k=1 ids=[155] w=[0.0726] compute=1.80 ms ok
ds4: [t=+57253.1ms] req seq=1436 L36 k=1 ids=[235] w=[0.1370] compute=1.91 ms ok
ds4: [t=+57284.0ms] req seq=1437 L4 k=2 ids=[139,130] w=[0.2138,0.2038] compute=1.94 ms ok
ds4: [t=+57284.1ms] tok#125 done: 8 layer-reqs, 8 experts, compute 14.81 ms (1.85 ms/layer), wall 128.30 ms, errors=0, evict-hints=8 | cache: resident=3337/3337 slabs=3 wired=22.00 GiB mlock-fail=0 B hits=1437 misses=0 swaps=1436
ds4: [t=+57284.2ms] tok#125 experts: L1=[30] L7=[95] L8=[30] L11=[62] L24=[123] L30=[38] L32=[155] L36=[235]
ds4: [t=+57290.0ms] req seq=1438 L5 k=1 ids=[31] w=[0.2265] compute=1.87 ms ok
ds4: [t=+57296.3ms] req seq=1439 L6 k=1 ids=[169] w=[0.2422] compute=1.79 ms ok
ds4: [t=+57302.3ms] req seq=1440 L7 k=3 ids=[207,69,254] w=[0.2000,0.1085,0.0954] compute=1.78 ms ok
ds4: [t=+57308.2ms] req seq=1441 L8 k=1 ids=[66] w=[0.1470] compute=1.77 ms ok
ds4: [t=+57314.1ms] req seq=1442 L9 k=2 ids=[149,116] w=[0.3732,0.2287] compute=1.83 ms ok
ds4: [t=+57320.3ms] req seq=1443 L10 k=2 ids=[15,71] w=[0.3402,0.2440] compute=1.77 ms ok
ds4: [t=+57326.2ms] req seq=1444 L11 k=1 ids=[23] w=[0.2055] compute=1.88 ms ok
ds4: [t=+57332.0ms] req seq=1445 L12 k=2 ids=[212,100] w=[0.1600,0.1569] compute=1.77 ms ok
ds4: [t=+57338.6ms] req seq=1446 L13 k=2 ids=[80,75] w=[0.3969,0.4263] compute=1.74 ms ok
ds4: [t=+57344.8ms] req seq=1447 L14 k=3 ids=[231,23,227] w=[0.1891,0.1645,0.1711] compute=1.83 ms ok
ds4: [t=+57350.8ms] req seq=1448 L15 k=1 ids=[45] w=[0.1553] compute=1.81 ms ok
ds4: [t=+57356.6ms] req seq=1449 L16 k=1 ids=[27] w=[0.2421] compute=1.75 ms ok
ds4: [t=+57362.2ms] req seq=1450 L17 k=1 ids=[33] w=[0.2356] compute=1.80 ms ok
ds4: [t=+57372.8ms] req seq=1451 L19 k=2 ids=[83,95] w=[0.2856,0.1227] compute=1.79 ms ok
ds4: [t=+57381.9ms] req seq=1452 L21 k=2 ids=[50,150] w=[0.2345,0.1543] compute=1.82 ms ok
ds4: [t=+57388.7ms] req seq=1453 L22 k=1 ids=[64] w=[0.1625] compute=1.84 ms ok
ds4: [t=+57395.1ms] req seq=1454 L23 k=1 ids=[54] w=[0.2878] compute=1.86 ms ok
ds4: [t=+57401.5ms] req seq=1455 L24 k=1 ids=[83] w=[0.1724] compute=1.75 ms ok
ds4: [t=+57410.5ms] req seq=1456 L25 k=1 ids=[229] w=[0.2150] compute=1.84 ms ok
ds4: [t=+57439.6ms] req seq=1457 L28 k=1 ids=[69] w=[0.2069] compute=1.91 ms ok
ds4: [t=+57446.9ms] req seq=1458 L29 k=1 ids=[68] w=[0.1601] compute=1.87 ms ok
ds4: [t=+57459.9ms] req seq=1459 L30 k=1 ids=[143] w=[0.1374] compute=1.89 ms ok
ds4: [t=+57475.2ms] req seq=1460 L32 k=1 ids=[120] w=[0.4097] compute=1.81 ms ok
ds4: [t=+57481.8ms] req seq=1461 L33 k=1 ids=[61] w=[0.2161] compute=1.77 ms ok
ds4: [t=+57501.5ms] req seq=1462 L36 k=2 ids=[94,92] w=[0.1323,0.1322] compute=1.93 ms ok
ds4: [t=+57526.8ms] req seq=1463 L42 k=1 ids=[150] w=[0.3851] compute=1.90 ms ok
ds4: [t=+57565.7ms] req seq=1464 L4 k=2 ids=[174,130] w=[0.3021,0.2176] compute=1.93 ms ok
ds4: [t=+57565.8ms] tok#126 done: 27 layer-reqs, 39 experts, compute 49.30 ms (1.83 ms/layer), wall 283.72 ms, errors=0, evict-hints=27 | cache: resident=3337/3337 slabs=3 wired=22.00 GiB mlock-fail=0 B hits=1464 misses=0 swaps=1463
ds4: [t=+57565.9ms] tok#126 experts: L4=[139,130] L5=[31] L6=[169] L7=[207,69,254] L8=[66] L9=[149,116] L10=[15,71] L11=[23] L12=[212,100] L13=[80,75] L14=[231,23,227] L15=[45] L16=[27] L17=[33] L19=[83,95] L21=[50,150] L22=[64] L23=[54] L24=[83] L25=[229] L28=[69] L29=[68] L30=[143] L32=[120] L33=[61] L36=[94,92] L42=[150]
ds4: [t=+57578.0ms] req seq=1465 L5 k=3 ids=[11,36,215] w=[0.2154,0.1970,0.1890] compute=1.91 ms ok
ds4: [t=+57595.2ms] req seq=1466 L7 k=2 ids=[124,254] w=[0.1999,0.1274] compute=1.88 ms ok
ds4: [t=+57608.8ms] req seq=1467 L9 k=1 ids=[116] w=[0.1841] compute=1.86 ms ok
ds4: [t=+57618.6ms] req seq=1468 L10 k=3 ids=[71,77,155] w=[0.2535,0.2106,0.1802] compute=1.83 ms ok
ds4: [t=+57630.4ms] req seq=1469 L12 k=1 ids=[215] w=[0.1430] compute=1.92 ms ok
ds4: [t=+57637.9ms] req seq=1470 L13 k=2 ids=[75,48] w=[0.2517,0.1982] compute=1.83 ms ok
ds4: [t=+57645.1ms] req seq=1471 L14 k=1 ids=[23] w=[0.1748] compute=1.85 ms ok
ds4: [t=+57670.2ms] req seq=1472 L19 k=1 ids=[110] w=[0.1410] compute=1.87 ms ok
ds4: [t=+57729.5ms] req seq=1473 L29 k=1 ids=[136] w=[0.1550] compute=2.06 ms ok
ds4: [t=+57746.0ms] req seq=1474 L32 k=1 ids=[57] w=[0.1744] compute=1.89 ms ok
ds4: [t=+57766.6ms] req seq=1475 L37 k=1 ids=[45] w=[0.1786] compute=1.88 ms ok
ds4: [t=+57810.6ms] req seq=1476 L4 k=1 ids=[130] w=[0.0927] compute=2.04 ms ok
ds4: [t=+57810.7ms] tok#127 done: 12 layer-reqs, 19 experts, compute 22.70 ms (1.89 ms/layer), wall 246.93 ms, errors=0, evict-hints=12 | cache: resident=3337/3337 slabs=3 wired=22.00 GiB mlock-fail=0 B hits=1476 misses=0 swaps=1475
ds4: [t=+57810.8ms] tok#127 experts: L4=[174,130] L5=[11,36,215] L7=[124,254] L9=[116] L10=[71,77,155] L12=[215] L13=[75,48] L14=[23] L19=[110] L29=[136] L32=[57] L37=[45]
ds4: [t=+57822.3ms] req seq=1477 L7 k=3 ids=[47,165,92] w=[0.1247,0.1198,0.1075] compute=1.90 ms ok
ds4: [t=+57833.7ms] req seq=1478 L10 k=1 ids=[254] w=[0.1440] compute=1.88 ms ok
ds4: [t=+57857.6ms] req seq=1479 L17 k=1 ids=[100] w=[0.2929] compute=1.86 ms ok
ds4: [t=+57864.4ms] req seq=1480 L18 k=1 ids=[148] w=[0.1227] compute=1.86 ms ok
ds4: [t=+57895.8ms] req seq=1481 L28 k=1 ids=[65] w=[0.1266] compute=1.94 ms ok
ds4: [t=+57958.1ms] req seq=1482 L5 k=1 ids=[110] w=[0.0868] compute=1.94 ms ok
ds4: [t=+57958.2ms] tok#128 done: 6 layer-reqs, 8 experts, compute 11.47 ms (1.91 ms/layer), wall 149.59 ms, errors=0, evict-hints=6 | cache: resident=3337/3337 slabs=3 wired=22.00 GiB mlock-fail=0 B hits=1482 misses=0 swaps=1481
ds4: [t=+57958.2ms] tok#128 experts: L4=[130] L7=[47,165,92] L10=[254] L17=[100] L18=[148] L28=[65]
ds4: [t=+57973.0ms] req seq=1483 L10 k=1 ids=[237] w=[0.1519] compute=1.88 ms ok
ds4: [t=+57987.9ms] req seq=1484 L15 k=1 ids=[220] w=[0.1756] compute=1.83 ms ok
ds4: [t=+57998.3ms] req seq=1485 L18 k=1 ids=[1] w=[0.1622] compute=1.82 ms ok
ds4: [t=+58004.7ms] req seq=1486 L19 k=1 ids=[228] w=[0.1022] compute=1.79 ms ok
ds4: [t=+58071.3ms] req seq=1487 L5 k=1 ids=[94] w=[0.2234] compute=2.05 ms ok
ds4: [t=+58071.4ms] tok#129 done: 5 layer-reqs, 5 experts, compute 9.26 ms (1.85 ms/layer), wall 115.28 ms, errors=0, evict-hints=5 | cache: resident=3337/3337 slabs=3 wired=22.00 GiB mlock-fail=0 B hits=1487 misses=0 swaps=1486
ds4: [t=+58071.5ms] tok#129 experts: L5=[110] L10=[237] L15=[220] L18=[1] L19=[228]
ds4: [t=+58079.5ms] req seq=1488 L8 k=1 ids=[63] w=[0.1679] compute=1.88 ms ok
ds4: [t=+58088.0ms] req seq=1489 L11 k=1 ids=[167] w=[0.2368] compute=1.81 ms ok
ds4: [t=+58094.1ms] req seq=1490 L12 k=2 ids=[214,7] w=[0.4485,0.1931] compute=1.87 ms ok
ds4: [t=+58100.3ms] req seq=1491 L13 k=2 ids=[176,90] w=[0.4107,0.1528] compute=1.87 ms ok
ds4: [t=+58106.5ms] req seq=1492 L15 k=1 ids=[50] w=[0.2389] compute=1.79 ms ok
ds4: [t=+58112.7ms] req seq=1493 L16 k=1 ids=[87] w=[0.1683] compute=1.88 ms ok
ds4: [t=+58118.9ms] req seq=1494 L17 k=1 ids=[121] w=[0.2239] compute=1.83 ms ok
ds4: [t=+58126.8ms] req seq=1495 L19 k=1 ids=[73] w=[0.1918] compute=1.88 ms ok
ds4: [t=+58132.2ms] req seq=1496 L20 k=1 ids=[225] w=[0.1259] compute=1.82 ms ok
ds4: [t=+58138.5ms] req seq=1497 L21 k=1 ids=[44] w=[0.1364] compute=1.83 ms ok
ds4: [t=+58149.3ms] req seq=1498 L25 k=1 ids=[4] w=[0.2254] compute=1.89 ms ok
ds4: [t=+58164.0ms] req seq=1499 L29 k=1 ids=[30] w=[0.2216] compute=1.85 ms ok
ds4: [t=+58188.4ms] req seq=1500 L35 k=2 ids=[139,136] w=[0.3083,0.1531] compute=1.88 ms ok
ds4: [t=+58235.4ms] req seq=1501 L3 k=1 ids=[186] w=[0.1133] compute=1.95 ms ok
ds4: [t=+58235.5ms] tok#130 done: 14 layer-reqs, 17 experts, compute 26.13 ms (1.87 ms/layer), wall 166.21 ms, errors=0, evict-hints=14 | cache: resident=3337/3337 slabs=3 wired=22.00 GiB mlock-fail=0 B hits=1501 misses=0 swaps=1500
ds4: [t=+58235.5ms] tok#130 experts: L5=[94] L8=[63] L11=[167] L12=[214,7] L13=[176,90] L15=[50] L16=[87] L17=[121] L19=[73] L20=[225] L21=[44] L25=[4] L29=[30] L35=[139,136]
ds4: [t=+58241.3ms] req seq=1502 L4 k=1 ids=[51] w=[0.0858] compute=1.74 ms ok
ds4: [t=+58247.0ms] req seq=1503 L5 k=1 ids=[35] w=[0.4014] compute=1.79 ms ok
ds4: [t=+58265.9ms] req seq=1504 L10 k=1 ids=[72] w=[0.2419] compute=1.93 ms ok
ds4: [t=+58272.3ms] req seq=1505 L11 k=1 ids=[203] w=[0.1798] compute=1.86 ms ok
ds4: [t=+58281.9ms] req seq=1506 L13 k=1 ids=[90] w=[0.1964] compute=1.90 ms ok
ds4: [t=+58288.2ms] req seq=1507 L14 k=1 ids=[206] w=[0.1892] compute=1.86 ms ok
ds4: [t=+58314.6ms] req seq=1508 L21 k=1 ids=[210] w=[0.2521] compute=1.98 ms ok
ds4: [t=+58321.0ms] req seq=1509 L22 k=3 ids=[209,42,17] w=[0.2190,0.1979,0.1620] compute=1.89 ms ok
ds4: [t=+58397.6ms] req seq=1510 L7 k=1 ids=[72] w=[0.1090] compute=2.07 ms ok
ds4: [t=+58397.7ms] tok#131 done: 9 layer-reqs, 11 experts, compute 16.91 ms (1.88 ms/layer), wall 164.28 ms, errors=0, evict-hints=9 | cache: resident=3337/3337 slabs=3 wired=22.00 GiB mlock-fail=0 B hits=1510 misses=0 swaps=1509
ds4: [t=+58397.8ms] tok#131 experts: L3=[186] L4=[51] L5=[35] L10=[72] L11=[203] L13=[90] L14=[206] L21=[210] L22=[209,42,17]
ds4: [t=+58404.8ms] req seq=1511 L9 k=1 ids=[36] w=[0.1363] compute=1.81 ms ok
ds4: [t=+58412.1ms] req seq=1512 L11 k=1 ids=[221] w=[0.2475] compute=1.85 ms ok
ds4: [t=+58418.1ms] req seq=1513 L12 k=1 ids=[40] w=[0.1311] compute=1.79 ms ok
ds4: [t=+58430.4ms] req seq=1514 L17 k=2 ids=[234,74] w=[0.3075,0.2271] compute=1.94 ms ok
ds4: [t=+58439.0ms] req seq=1515 L20 k=1 ids=[145] w=[0.2209] compute=1.83 ms ok
ds4: [t=+58445.5ms] req seq=1516 L21 k=2 ids=[241,56] w=[0.1812,0.1706] compute=1.87 ms ok
ds4: [t=+58451.8ms] req seq=1517 L22 k=1 ids=[52] w=[0.1383] compute=1.84 ms ok
ds4: [t=+58458.0ms] req seq=1518 L23 k=1 ids=[142] w=[0.1906] compute=1.84 ms ok
ds4: [t=+58471.0ms] req seq=1519 L26 k=1 ids=[101] w=[0.1185] compute=1.89 ms ok
ds4: [t=+58484.6ms] req seq=1520 L29 k=1 ids=[95] w=[0.1928] compute=1.89 ms ok
ds4: [t=+58501.4ms] req seq=1521 L34 k=1 ids=[83] w=[0.2012] compute=1.86 ms ok
ds4: [t=+58507.8ms] req seq=1522 L35 k=1 ids=[66] w=[0.1380] compute=1.80 ms ok
ds4: [t=+58519.1ms] req seq=1523 L37 k=1 ids=[170] w=[0.3306] compute=1.87 ms ok
ds4: [t=+58550.5ms] req seq=1524 L42 k=1 ids=[135] w=[0.3459] compute=1.93 ms ok
ds4: [t=+58584.6ms] req seq=1525 L4 k=1 ids=[171] w=[0.1270] compute=1.89 ms ok
ds4: [t=+58584.7ms] tok#132 done: 15 layer-reqs, 17 experts, compute 28.10 ms (1.87 ms/layer), wall 189.17 ms, errors=0, evict-hints=15 | cache: resident=3337/3337 slabs=3 wired=22.00 GiB mlock-fail=0 B hits=1525 misses=0 swaps=1524
ds4: [t=+58584.8ms] tok#132 experts: L7=[72] L9=[36] L11=[221] L12=[40] L17=[234,74] L20=[145] L21=[241,56] L22=[52] L23=[142] L26=[101] L29=[95] L34=[83] L35=[66] L37=[170] L42=[135]
ds4: [t=+58590.5ms] req seq=1526 L5 k=1 ids=[90] w=[0.1300] compute=1.84 ms ok
ds4: [t=+58603.8ms] req seq=1527 L10 k=2 ids=[155,156] w=[0.1585,0.1561] compute=1.90 ms ok
ds4: [t=+58616.3ms] req seq=1528 L13 k=1 ids=[89] w=[0.1090] compute=1.91 ms ok
ds4: [t=+58631.4ms] req seq=1529 L17 k=1 ids=[217] w=[0.2514] compute=1.89 ms ok
ds4: [t=+58662.5ms] req seq=1530 L22 k=2 ids=[42,169] w=[0.1634,0.1531] compute=1.93 ms ok
ds4: [t=+58749.9ms] req seq=1531 L34 k=1 ids=[56] w=[0.1376] compute=2.06 ms ok
ds4: [t=+58773.2ms] req seq=1532 L39 k=1 ids=[190] w=[0.1442] compute=1.84 ms ok
ds4: [t=+58806.9ms] req seq=1533 L3 k=1 ids=[71] w=[0.1085] compute=1.88 ms ok
ds4: [t=+58807.0ms] tok#133 done: 8 layer-reqs, 10 experts, compute 15.27 ms (1.91 ms/layer), wall 224.30 ms, errors=0, evict-hints=8 | cache: resident=3337/3337 slabs=3 wired=22.00 GiB mlock-fail=0 B hits=1533 misses=0 swaps=1532
ds4: [t=+58807.1ms] tok#133 experts: L4=[171] L5=[90] L10=[155,156] L13=[89] L17=[217] L22=[42,169] L34=[56] L39=[190]
ds4: [t=+58826.1ms] req seq=1534 L8 k=1 ids=[195] w=[0.3853] compute=1.99 ms ok
ds4: [t=+58832.2ms] req seq=1535 L9 k=3 ids=[161,12,239] w=[0.6094,0.2080,0.1180] compute=1.83 ms ok
ds4: [t=+58838.4ms] req seq=1536 L10 k=1 ids=[21] w=[0.1668] compute=1.85 ms ok
ds4: [t=+58844.9ms] req seq=1537 L11 k=1 ids=[174] w=[0.5631] compute=1.86 ms ok
ds4: [t=+58850.7ms] req seq=1538 L12 k=1 ids=[223] w=[0.2396] compute=1.77 ms ok
ds4: [t=+58872.0ms] req seq=1539 L16 k=1 ids=[169] w=[0.2944] compute=1.91 ms ok
ds4: [t=+58882.2ms] req seq=1540 L18 k=1 ids=[80] w=[0.2405] compute=1.86 ms ok
ds4: [t=+58891.1ms] req seq=1541 L19 k=3 ids=[8,102,106] w=[0.4571,0.3431,0.0672] compute=1.85 ms ok
ds4: [t=+58906.8ms] req seq=1542 L20 k=2 ids=[74,6] w=[0.4317,0.1538] compute=1.85 ms ok
ds4: [t=+58912.9ms] req seq=1543 L21 k=1 ids=[151] w=[0.3825] compute=1.88 ms ok
ds4: [t=+58919.5ms] req seq=1544 L22 k=2 ids=[21,250] w=[0.2483,0.2112] compute=1.79 ms ok
ds4: [t=+58937.8ms] req seq=1545 L25 k=1 ids=[72] w=[0.1199] compute=1.89 ms ok
ds4: [t=+58972.6ms] req seq=1546 L31 k=1 ids=[6] w=[0.5901] compute=1.90 ms ok
ds4: [t=+59074.6ms] req seq=1547 L5 k=1 ids=[79] w=[0.1281] compute=2.06 ms ok
ds4: [t=+59074.7ms] tok#134 done: 14 layer-reqs, 20 experts, compute 26.11 ms (1.87 ms/layer), wall 269.61 ms, errors=0, evict-hints=14 | cache: resident=3337/3337 slabs=3 wired=22.00 GiB mlock-fail=0 B hits=1547 misses=0 swaps=1546
ds4: [t=+59074.7ms] tok#134 experts: L3=[71] L8=[195] L9=[161,12,239] L10=[21] L11=[174] L12=[223] L16=[169] L18=[80] L19=[8,102,106] L20=[74,6] L21=[151] L22=[21,250] L25=[72] L31=[6]
ds4: [t=+59091.4ms] req seq=1548 L9 k=1 ids=[239] w=[0.1194] compute=1.78 ms ok
ds4: [t=+59101.1ms] req seq=1549 L11 k=1 ids=[218] w=[0.1309] compute=1.79 ms ok
ds4: [t=+59113.5ms] req seq=1550 L13 k=1 ids=[233] w=[0.2017] compute=1.86 ms ok
ds4: [t=+59122.5ms] req seq=1551 L14 k=1 ids=[189] w=[0.2245] compute=1.82 ms ok
ds4: [t=+59153.9ms] req seq=1552 L20 k=1 ids=[84] w=[0.1429] compute=1.92 ms ok
ds4: [t=+59161.8ms] req seq=1553 L21 k=1 ids=[239] w=[0.1852] compute=1.85 ms ok
ds4: [t=+59267.5ms] req seq=1554 L42 k=1 ids=[211] w=[0.1060] compute=2.07 ms ok
ds4: [t=+59301.1ms] req seq=1555 L7 k=1 ids=[221] w=[0.1668] compute=1.90 ms ok
ds4: [t=+59301.3ms] tok#135 done: 8 layer-reqs, 8 experts, compute 15.14 ms (1.89 ms/layer), wall 228.74 ms, errors=0, evict-hints=8 | cache: resident=3337/3337 slabs=3 wired=22.00 GiB mlock-fail=0 B hits=1555 misses=0 swaps=1554
ds4: [t=+59301.3ms] tok#135 experts: L5=[79] L9=[239] L11=[218] L13=[233] L14=[189] L20=[84] L21=[239] L42=[211]
ds4: [t=+59343.0ms] req seq=1556 L18 k=1 ids=[72] w=[0.1178] compute=1.86 ms ok
ds4: [t=+59350.1ms] req seq=1557 L19 k=1 ids=[77] w=[0.1030] compute=1.81 ms ok
ds4: [t=+59356.9ms] req seq=1558 L20 k=1 ids=[76] w=[0.1569] compute=1.75 ms ok
ds4: [t=+59362.6ms] req seq=1559 L21 k=1 ids=[93] w=[0.1385] compute=1.88 ms ok
ds4: [t=+59369.0ms] req seq=1560 L22 k=2 ids=[125,70] w=[0.5049,0.1130] compute=1.80 ms ok
ds4: [t=+59379.3ms] req seq=1561 L24 k=1 ids=[89] w=[0.1966] compute=1.83 ms ok
ds4: [t=+59406.1ms] req seq=1562 L30 k=1 ids=[115] w=[0.1485] compute=1.89 ms ok
ds4: [t=+59421.4ms] req seq=1563 L33 k=1 ids=[127] w=[0.1818] compute=1.84 ms ok
ds4: [t=+59427.9ms] req seq=1564 L34 k=1 ids=[177] w=[0.1441] compute=1.86 ms ok
ds4: [t=+59464.9ms] req seq=1565 L0 k=1 ids=[58] w=[0.2759] compute=1.87 ms ok
ds4: [t=+59465.0ms] tok#136 done: 10 layer-reqs, 11 experts, compute 18.41 ms (1.84 ms/layer), wall 165.76 ms, errors=0, evict-hints=10 | cache: resident=3337/3337 slabs=3 wired=22.00 GiB mlock-fail=0 B hits=1565 misses=0 swaps=1564
ds4: [t=+59465.0ms] tok#136 experts: L7=[221] L18=[72] L19=[77] L20=[76] L21=[93] L22=[125,70] L24=[89] L30=[115] L33=[127] L34=[177]
ds4: [t=+59498.5ms] req seq=1566 L12 k=1 ids=[235] w=[0.4384] compute=1.91 ms ok
ds4: [t=+59509.5ms] req seq=1567 L16 k=1 ids=[188] w=[0.1669] compute=1.88 ms ok
ds4: [t=+59519.3ms] req seq=1568 L19 k=1 ids=[146] w=[0.1067] compute=1.79 ms ok
ds4: [t=+59525.7ms] req seq=1569 L20 k=1 ids=[6] w=[0.1433] compute=1.78 ms ok
ds4: [t=+59546.6ms] req seq=1570 L28 k=1 ids=[4] w=[0.1516] compute=1.86 ms ok
ds4: [t=+59561.4ms] req seq=1571 L32 k=1 ids=[142] w=[0.1748] compute=1.86 ms ok
ds4: [t=+59569.9ms] req seq=1572 L34 k=1 ids=[88] w=[0.3593] compute=1.80 ms ok
ds4: [t=+59578.2ms] req seq=1573 L36 k=1 ids=[162] w=[0.1982] compute=1.89 ms ok
ds4: [t=+59615.7ms] req seq=1574 L6 k=2 ids=[168,174] w=[0.2723,0.1828] compute=1.92 ms ok
ds4: [t=+59615.9ms] tok#137 done: 9 layer-reqs, 9 experts, compute 16.63 ms (1.85 ms/layer), wall 152.83 ms, errors=0, evict-hints=9 | cache: resident=3337/3337 slabs=3 wired=22.00 GiB mlock-fail=0 B hits=1574 misses=0 swaps=1573
ds4: [t=+59615.9ms] tok#137 experts: L0=[58] L12=[235] L16=[188] L19=[146] L20=[6] L28=[4] L32=[142] L34=[88] L36=[162]
ds4: [t=+59622.2ms] req seq=1575 L7 k=1 ids=[231] w=[0.1686] compute=1.79 ms ok
ds4: [t=+59636.7ms] req seq=1576 L12 k=1 ids=[86] w=[0.1306] compute=1.86 ms ok
ds4: [t=+59655.3ms] req seq=1577 L20 k=2 ids=[173,171] w=[0.1805,0.1512] compute=1.86 ms ok
ds4: [t=+59664.7ms] req seq=1578 L22 k=1 ids=[11] w=[0.1756] compute=1.84 ms ok
ds4: [t=+59684.1ms] req seq=1579 L29 k=1 ids=[212] w=[0.1439] compute=1.91 ms ok
ds4: [t=+59692.4ms] req seq=1580 L31 k=1 ids=[112] w=[0.2430] compute=1.82 ms ok
ds4: [t=+59701.4ms] req seq=1581 L33 k=1 ids=[116] w=[0.1156] compute=1.79 ms ok
ds4: [t=+59725.4ms] req seq=1582 L39 k=1 ids=[22] w=[0.2395] compute=1.69 ms ok
ds4: [t=+59736.5ms] req seq=1583 L42 k=1 ids=[214] w=[0.1642] compute=1.43 ms ok
ds4: [t=+59751.0ms] req seq=1584 L3 k=1 ids=[159] w=[0.1097] compute=1.50 ms ok
ds4: [t=+59751.1ms] tok#138 done: 10 layer-reqs, 12 experts, compute 17.91 ms (1.79 ms/layer), wall 137.29 ms, errors=0, evict-hints=10 | cache: resident=3337/3337 slabs=3 wired=22.00 GiB mlock-fail=0 B hits=1584 misses=0 swaps=1583
ds4: [t=+59751.2ms] tok#138 experts: L6=[168,174] L7=[231] L12=[86] L20=[173,171] L22=[11] L29=[212] L31=[112] L33=[116] L39=[22] L42=[214]
ds4: [t=+59758.5ms] req seq=1585 L5 k=1 ids=[111] w=[0.1425] compute=1.50 ms ok
ds4: [t=+59782.6ms] req seq=1586 L15 k=1 ids=[58] w=[0.1920] compute=1.59 ms ok
ds4: [t=+59794.3ms] req seq=1587 L19 k=1 ids=[16] w=[0.1424] compute=1.58 ms ok
ds4: [t=+59810.9ms] req seq=1588 L24 k=1 ids=[200] w=[0.1412] compute=1.78 ms ok
ds4: [t=+59860.2ms] req seq=1589 L42 k=1 ids=[39] w=[0.1337] compute=1.99 ms ok
ds4: [t=+59893.5ms] req seq=1590 L9 k=2 ids=[130,13] w=[0.3155,0.1599] compute=1.76 ms ok
ds4: [t=+59893.6ms] tok#139 done: 6 layer-reqs, 6 experts, compute 9.94 ms (1.66 ms/layer), wall 143.99 ms, errors=0, evict-hints=6 | cache: resident=3337/3337 slabs=3 wired=22.00 GiB mlock-fail=0 B hits=1590 misses=0 swaps=1589
ds4: [t=+59893.6ms] tok#139 experts: L3=[159] L5=[111] L15=[58] L19=[16] L24=[200] L42=[39]
ds4: [t=+59907.9ms] req seq=1591 L13 k=1 ids=[221] w=[0.1829] compute=1.57 ms ok
ds4: [t=+59914.9ms] req seq=1592 L15 k=2 ids=[70,4] w=[0.1446,0.1297] compute=1.72 ms ok
ds4: [t=+59921.7ms] req seq=1593 L17 k=1 ids=[205] w=[0.1782] compute=1.68 ms ok
ds4: [t=+59928.2ms] req seq=1594 L18 k=1 ids=[125] w=[0.2088] compute=1.87 ms ok
ds4: [t=+59942.4ms] req seq=1595 L22 k=2 ids=[12,116] w=[0.2453,0.1832] compute=1.90 ms ok
ds4: [t=+59948.4ms] req seq=1596 L23 k=1 ids=[152] w=[0.1556] compute=1.87 ms ok
ds4: [t=+59959.0ms] req seq=1597 L27 k=1 ids=[56] w=[0.1337] compute=1.86 ms ok
ds4: [t=+59972.4ms] req seq=1598 L31 k=1 ids=[109] w=[0.1943] compute=1.82 ms ok
ds4: [t=+59983.8ms] req seq=1599 L34 k=1 ids=[75] w=[0.1033] compute=1.92 ms ok
ds4: [t=+59990.3ms] req seq=1600 L35 k=1 ids=[125] w=[0.2063] compute=1.84 ms ok
ds4: [t=+59998.7ms] req seq=1601 L37 k=1 ids=[38] w=[0.1944] compute=1.83 ms ok
ds4: [t=+60027.9ms] req seq=1602 L3 k=1 ids=[107] w=[0.0796] compute=1.93 ms ok
ds4: [t=+60028.0ms] tok#140 done: 12 layer-reqs, 15 experts, compute 21.64 ms (1.80 ms/layer), wall 136.26 ms, errors=0, evict-hints=12 | cache: resident=3337/3337 slabs=3 wired=22.00 GiB mlock-fail=0 B hits=1602 misses=0 swaps=1601
ds4: [t=+60028.0ms] tok#140 experts: L9=[130,13] L13=[221] L15=[70,4] L17=[205] L18=[125] L22=[12,116] L23=[152] L27=[56] L31=[109] L34=[75] L35=[125] L37=[38]
ds4: [t=+60038.6ms] req seq=1603 L6 k=1 ids=[240] w=[0.1675] compute=1.85 ms ok
ds4: [t=+60052.2ms] req seq=1604 L10 k=2 ids=[32,52] w=[0.1281,0.1266] compute=1.90 ms ok
ds4: [t=+60058.7ms] req seq=1605 L11 k=1 ids=[243] w=[0.1842] compute=1.84 ms ok
ds4: [t=+60069.9ms] req seq=1606 L14 k=1 ids=[114] w=[0.2094] compute=1.84 ms ok
ds4: [t=+60079.1ms] req seq=1607 L17 k=1 ids=[128] w=[0.2457] compute=1.86 ms ok
ds4: [t=+60086.3ms] req seq=1608 L18 k=1 ids=[185] w=[0.2659] compute=1.84 ms ok
ds4: [t=+60095.1ms] req seq=1609 L20 k=1 ids=[199] w=[0.2569] compute=1.84 ms ok
ds4: [t=+60101.1ms] req seq=1610 L21 k=1 ids=[58] w=[0.3690] compute=1.75 ms ok
ds4: [t=+60115.6ms] req seq=1611 L24 k=1 ids=[40] w=[0.1796] compute=1.92 ms ok
ds4: [t=+60158.7ms] req seq=1612 L34 k=1 ids=[60] w=[0.2398] compute=1.95 ms ok
ds4: [t=+60187.2ms] req seq=1613 L40 k=1 ids=[24] w=[0.1529] compute=1.63 ms ok
ds4: [t=+60255.4ms] req seq=1614 L19 k=1 ids=[102] w=[0.1670] compute=1.77 ms ok
ds4: [t=+60255.5ms] tok#141 done: 12 layer-reqs, 13 experts, compute 22.15 ms (1.85 ms/layer), wall 229.54 ms, errors=0, evict-hints=12 | cache: resident=3337/3337 slabs=3 wired=22.00 GiB mlock-fail=0 B hits=1614 misses=0 swaps=1613
ds4: [t=+60255.6ms] tok#141 experts: L3=[107] L6=[240] L10=[32,52] L11=[243] L14=[114] L17=[128] L18=[185] L20=[199] L21=[58] L24=[40] L34=[60] L40=[24]
ds4: [t=+60261.7ms] req seq=1615 L21 k=2 ids=[11,38] w=[0.2804,0.2061] compute=1.60 ms ok
ds4: [t=+60286.9ms] req seq=1616 L29 k=1 ids=[235] w=[0.1539] compute=1.62 ms ok
ds4: [t=+60303.2ms] req seq=1617 L34 k=1 ids=[195] w=[0.1311] compute=1.61 ms ok
ds4: [t=+60336.9ms] req seq=1618 L3 k=2 ids=[173,37] w=[0.0868,0.0800] compute=1.68 ms ok
ds4: [t=+60337.0ms] tok#142 done: 4 layer-reqs, 5 experts, compute 6.59 ms (1.65 ms/layer), wall 83.37 ms, errors=0, evict-hints=4 | cache: resident=3337/3337 slabs=3 wired=22.00 GiB mlock-fail=0 B hits=1618 misses=0 swaps=1617
ds4: [t=+60337.1ms] tok#142 experts: L19=[102] L21=[11,38] L29=[235] L34=[195]
ds4: [t=+60348.1ms] req seq=1619 L7 k=3 ids=[226,199,73] w=[0.5775,0.1329,0.1274] compute=1.81 ms ok
ds4: [t=+60354.4ms] req seq=1620 L9 k=2 ids=[192,154] w=[0.1903,0.1161] compute=1.64 ms ok
ds4: [t=+60361.2ms] req seq=1621 L11 k=2 ids=[241,193] w=[0.2943,0.2410] compute=1.87 ms ok
ds4: [t=+60370.8ms] req seq=1622 L15 k=1 ids=[10] w=[0.1499] compute=1.71 ms ok
ds4: [t=+60377.0ms] req seq=1623 L16 k=1 ids=[67] w=[0.1498] compute=1.88 ms ok
ds4: [t=+60383.4ms] req seq=1624 L17 k=1 ids=[74] w=[0.2725] compute=1.89 ms ok
ds4: [t=+60389.3ms] req seq=1625 L18 k=1 ids=[194] w=[0.2477] compute=1.70 ms ok
ds4: [t=+60397.5ms] req seq=1626 L21 k=1 ids=[73] w=[0.3786] compute=1.89 ms ok
ds4: [t=+60406.6ms] req seq=1627 L24 k=1 ids=[136] w=[0.1885] compute=1.84 ms ok
ds4: [t=+60417.2ms] req seq=1628 L27 k=1 ids=[239] w=[0.4309] compute=1.86 ms ok
ds4: [t=+60432.3ms] req seq=1629 L31 k=1 ids=[172] w=[0.3813] compute=1.88 ms ok
ds4: [t=+60496.6ms] req seq=1630 L5 k=1 ids=[228] w=[0.4404] compute=2.10 ms ok
ds4: [t=+60496.7ms] tok#143 done: 12 layer-reqs, 17 experts, compute 21.66 ms (1.80 ms/layer), wall 161.48 ms, errors=0, evict-hints=12 | cache: resident=3337/3337 slabs=3 wired=22.00 GiB mlock-fail=0 B hits=1630 misses=0 swaps=1629
ds4: [t=+60496.8ms] tok#143 experts: L3=[173,37] L7=[226,199,73] L9=[192,154] L11=[241,193] L15=[10] L16=[67] L17=[74] L18=[194] L21=[73] L24=[136] L27=[239] L31=[172]
ds4: [t=+60504.7ms] req seq=1631 L7 k=2 ids=[199,188] w=[0.1639,0.1427] compute=1.85 ms ok
ds4: [t=+60518.7ms] req seq=1632 L11 k=1 ids=[193] w=[0.2427] compute=1.85 ms ok
ds4: [t=+60527.5ms] req seq=1633 L14 k=1 ids=[174] w=[0.1581] compute=1.87 ms ok
ds4: [t=+60545.3ms] req seq=1634 L21 k=1 ids=[213] w=[0.1543] compute=1.88 ms ok
ds4: [t=+60562.1ms] req seq=1635 L29 k=1 ids=[59] w=[0.2134] compute=1.86 ms ok
ds4: [t=+60632.7ms] req seq=1636 L13 k=1 ids=[163] w=[0.1792] compute=2.07 ms ok
ds4: [t=+60632.8ms] tok#144 done: 6 layer-reqs, 7 experts, compute 11.42 ms (1.90 ms/layer), wall 138.27 ms, errors=0, evict-hints=6 | cache: resident=3337/3337 slabs=3 wired=22.00 GiB mlock-fail=0 B hits=1636 misses=0 swaps=1635
ds4: [t=+60632.8ms] tok#144 experts: L5=[228] L7=[199,188] L11=[193] L14=[174] L21=[213] L29=[59]
ds4: [t=+60639.4ms] req seq=1637 L15 k=1 ids=[4] w=[0.1223] compute=1.81 ms ok
ds4: [t=+60646.3ms] req seq=1638 L17 k=2 ids=[77,52] w=[0.1479,0.1527] compute=1.86 ms ok
ds4: [t=+60675.4ms] req seq=1639 L31 k=1 ids=[62] w=[0.2338] compute=1.68 ms ok
ds4: [t=+60719.9ms] req seq=1640 L3 k=1 ids=[87] w=[0.1172] compute=1.71 ms ok
ds4: [t=+60720.0ms] tok#145 done: 4 layer-reqs, 5 experts, compute 7.42 ms (1.86 ms/layer), wall 89.38 ms, errors=0, evict-hints=4 | cache: resident=3337/3337 slabs=3 wired=22.00 GiB mlock-fail=0 B hits=1640 misses=0 swaps=1639
ds4: [t=+60720.1ms] tok#145 experts: L13=[163] L15=[4] L17=[77,52] L31=[62]
ds4: [t=+60728.8ms] req seq=1641 L7 k=1 ids=[59] w=[0.1645] compute=1.55 ms ok
ds4: [t=+60738.1ms] req seq=1642 L11 k=1 ids=[79] w=[0.1695] compute=1.44 ms ok
ds4: [t=+60744.7ms] req seq=1643 L13 k=2 ids=[205,108] w=[0.1808,0.1533] compute=1.67 ms ok
ds4: [t=+60759.3ms] req seq=1644 L19 k=1 ids=[208] w=[0.3269] compute=1.63 ms ok
ds4: [t=+60832.4ms] req seq=1645 L9 k=1 ids=[154] w=[0.1243] compute=1.79 ms ok
ds4: [t=+60832.5ms] tok#146 done: 5 layer-reqs, 6 experts, compute 8.00 ms (1.60 ms/layer), wall 114.29 ms, errors=0, evict-hints=5 | cache: resident=3337/3337 slabs=3 wired=22.00 GiB mlock-fail=0 B hits=1645 misses=0 swaps=1644
ds4: [t=+60832.6ms] tok#146 experts: L3=[87] L7=[59] L11=[79] L13=[205,108] L19=[208]
ds4: [t=+60838.8ms] req seq=1646 L10 k=1 ids=[255] w=[0.1345] compute=1.55 ms ok
ds4: [t=+60845.0ms] req seq=1647 L11 k=1 ids=[84] w=[0.1356] compute=1.66 ms ok
ds4: [t=+60850.7ms] req seq=1648 L12 k=2 ids=[165,110] w=[0.1283,0.1305] compute=1.48 ms ok
ds4: [t=+60856.6ms] req seq=1649 L14 k=1 ids=[121] w=[0.2432] compute=1.48 ms ok
ds4: [t=+60862.9ms] req seq=1650 L16 k=1 ids=[231] w=[0.1919] compute=1.71 ms ok
ds4: [t=+60868.5ms] req seq=1651 L17 k=1 ids=[224] w=[0.2646] compute=1.66 ms ok
ds4: [t=+60873.9ms] req seq=1652 L18 k=2 ids=[82,239] w=[0.2017,0.1753] compute=1.49 ms ok
ds4: [t=+60939.1ms] req seq=1653 L4 k=1 ids=[83] w=[0.1129] compute=1.98 ms ok
ds4: [t=+60939.2ms] tok#147 done: 8 layer-reqs, 10 experts, compute 12.83 ms (1.60 ms/layer), wall 108.52 ms, errors=0, evict-hints=8 | cache: resident=3337/3337 slabs=3 wired=22.00 GiB mlock-fail=0 B hits=1653 misses=0 swaps=1652
ds4: [t=+60939.2ms] tok#147 experts: L9=[154] L10=[255] L11=[84] L12=[165,110] L14=[121] L16=[231] L17=[224] L18=[82,239]
ds4: [t=+60948.2ms] req seq=1654 L7 k=2 ids=[108,60] w=[0.1811,0.1747] compute=1.87 ms ok
ds4: [t=+60956.4ms] req seq=1655 L10 k=1 ids=[128] w=[0.1215] compute=1.66 ms ok
ds4: [t=+60964.0ms] req seq=1656 L13 k=1 ids=[108] w=[0.1944] compute=1.81 ms ok
ds4: [t=+60976.7ms] req seq=1657 L18 k=1 ids=[28] w=[0.2757] compute=1.90 ms ok
ds4: [t=+60987.0ms] req seq=1658 L21 k=1 ids=[70] w=[0.1161] compute=1.84 ms ok
ds4: [t=+61047.5ms] req seq=1659 L3 k=1 ids=[192] w=[0.1838] compute=2.07 ms ok
ds4: [t=+61047.7ms] tok#148 done: 6 layer-reqs, 7 experts, compute 11.06 ms (1.84 ms/layer), wall 110.55 ms, errors=0, evict-hints=6 | cache: resident=3337/3337 slabs=3 wired=22.00 GiB mlock-fail=0 B hits=1659 misses=0 swaps=1658
ds4: [t=+61047.7ms] tok#148 experts: L4=[83] L7=[108,60] L10=[128] L13=[108] L18=[28] L21=[70]
ds4: [t=+61055.0ms] req seq=1660 L4 k=1 ids=[245] w=[0.1017] compute=1.82 ms ok
ds4: [t=+61065.6ms] req seq=1661 L7 k=2 ids=[103,157] w=[0.2023,0.1385] compute=1.88 ms ok
ds4: [t=+61082.1ms] req seq=1662 L14 k=1 ids=[209] w=[0.1699] compute=1.89 ms ok
ds4: [t=+61088.4ms] req seq=1663 L15 k=1 ids=[141] w=[0.1764] compute=1.81 ms ok
ds4: [t=+61097.5ms] req seq=1664 L18 k=1 ids=[10] w=[0.2459] compute=1.84 ms ok
ds4: [t=+61121.3ms] req seq=1665 L29 k=1 ids=[72] w=[0.2506] compute=1.85 ms ok
ds4: [t=+61129.1ms] req seq=1666 L31 k=1 ids=[224] w=[0.1562] compute=1.86 ms ok
ds4: [t=+61135.4ms] req seq=1667 L32 k=1 ids=[150] w=[0.1347] compute=1.81 ms ok
ds4: [t=+61141.7ms] req seq=1668 L33 k=1 ids=[117] w=[0.2187] compute=1.84 ms ok
ds4: [t=+61170.7ms] req seq=1669 L41 k=1 ids=[89] w=[0.2138] compute=1.89 ms ok
ds4: [t=+61192.1ms] req seq=1670 L7 k=1 ids=[43] w=[0.1983] compute=1.70 ms ok
ds4: [t=+61192.2ms] tok#149 done: 11 layer-reqs, 12 experts, compute 20.58 ms (1.87 ms/layer), wall 146.66 ms, errors=0, evict-hints=11 | cache: resident=3337/3337 slabs=3 wired=22.00 GiB mlock-fail=0 B hits=1670 misses=0 swaps=1669
ds4: [t=+61192.2ms] tok#149 experts: L3=[192] L4=[245] L7=[103,157] L14=[209] L15=[141] L18=[10] L29=[72] L31=[224] L32=[150] L33=[117] L41=[89]
ds4: [t=+61198.0ms] req seq=1671 L8 k=1 ids=[225] w=[0.0939] compute=1.45 ms ok
ds4: [t=+61208.3ms] req seq=1672 L13 k=1 ids=[103] w=[0.1631] compute=1.47 ms ok
ds4: [t=+61214.2ms] req seq=1673 L14 k=1 ids=[142] w=[0.1786] compute=1.42 ms ok
ds4: [t=+61220.0ms] req seq=1674 L15 k=2 ids=[151,19] w=[0.1956,0.1682] compute=1.43 ms ok
ds4: [t=+61225.7ms] req seq=1675 L17 k=1 ids=[12] w=[0.2005] compute=1.65 ms ok
ds4: [t=+61231.6ms] req seq=1676 L18 k=1 ids=[128] w=[0.1867] compute=1.47 ms ok
ds4: [t=+61237.1ms] req seq=1677 L19 k=1 ids=[202] w=[0.3887] compute=1.46 ms ok
ds4: [t=+61242.9ms] req seq=1678 L20 k=1 ids=[98] w=[0.3082] compute=1.57 ms ok
ds4: [t=+61248.8ms] req seq=1679 L21 k=1 ids=[217] w=[0.2069] compute=1.56 ms ok
ds4: [t=+61294.2ms] req seq=1680 L37 k=1 ids=[102] w=[0.4045] compute=1.83 ms ok
ds4: [t=+61318.0ms] req seq=1681 L0 k=1 ids=[48] w=[0.0585] compute=1.66 ms ok
ds4: [t=+61318.1ms] tok#150 done: 11 layer-reqs, 12 experts, compute 17.01 ms (1.55 ms/layer), wall 127.70 ms, errors=0, evict-hints=11 | cache: resident=3337/3337 slabs=3 wired=22.00 GiB mlock-fail=0 B hits=1681 misses=0 swaps=1680
ds4: [t=+61318.1ms] tok#150 experts: L7=[43] L8=[225] L13=[103] L14=[142] L15=[151,19] L17=[12] L18=[128] L19=[202] L20=[98] L21=[217] L37=[102]
ds4: [t=+61323.9ms] req seq=1682 L1 k=1 ids=[13] w=[0.3411] compute=1.60 ms ok
ds4: [t=+61331.0ms] req seq=1683 L3 k=1 ids=[106] w=[0.1198] compute=1.76 ms ok
ds4: [t=+61343.0ms] req seq=1684 L6 k=1 ids=[174] w=[0.1651] compute=1.72 ms ok
ds4: [t=+61349.1ms] req seq=1685 L7 k=1 ids=[60] w=[0.1510] compute=1.69 ms ok
ds4: [t=+61356.0ms] req seq=1686 L8 k=2 ids=[206,246] w=[0.0846,0.0824] compute=1.59 ms ok
ds4: [t=+61371.8ms] req seq=1687 L12 k=2 ids=[136,200] w=[0.1593,0.1568] compute=1.78 ms ok
ds4: [t=+61396.0ms] req seq=1688 L17 k=1 ids=[243] w=[0.2370] compute=1.94 ms ok
ds4: [t=+61415.4ms] req seq=1689 L21 k=1 ids=[172] w=[0.1866] compute=1.89 ms ok
ds4: [t=+61533.4ms] req seq=1690 L12 k=2 ids=[95,198] w=[0.1953,0.1420] compute=2.04 ms ok
ds4: [t=+61533.5ms] tok#151 done: 9 layer-reqs, 11 experts, compute 15.62 ms (1.74 ms/layer), wall 217.15 ms, errors=0, evict-hints=9 | cache: resident=3337/3337 slabs=3 wired=22.00 GiB mlock-fail=0 B hits=1690 misses=0 swaps=1689
ds4: [t=+61533.5ms] tok#151 experts: L0=[48] L1=[13] L3=[106] L6=[174] L7=[60] L8=[206,246] L12=[136,200] L17=[243] L21=[172]
ds4: [t=+61548.9ms] req seq=1691 L19 k=1 ids=[64] w=[0.1471] compute=1.85 ms ok
ds4: [t=+61556.5ms] req seq=1692 L22 k=1 ids=[144] w=[0.2652] compute=1.79 ms ok
ds4: [t=+61572.5ms] req seq=1693 L29 k=1 ids=[115] w=[0.1285] compute=1.88 ms ok
ds4: [t=+61578.8ms] req seq=1694 L30 k=1 ids=[170] w=[0.1607] compute=1.91 ms ok
ds4: [t=+61587.0ms] req seq=1695 L33 k=1 ids=[38] w=[0.1336] compute=1.81 ms ok
ds4: [t=+61593.2ms] req seq=1696 L34 k=1 ids=[25] w=[0.1568] compute=1.87 ms ok
ds4: [t=+61635.9ms] req seq=1697 L10 k=1 ids=[6] w=[0.1508] compute=2.04 ms ok
ds4: [t=+61636.0ms] tok#152 done: 7 layer-reqs, 8 experts, compute 13.16 ms (1.88 ms/layer), wall 104.63 ms, errors=0, evict-hints=7 | cache: resident=3337/3337 slabs=3 wired=22.00 GiB mlock-fail=0 B hits=1697 misses=0 swaps=1696
ds4: [t=+61636.0ms] tok#152 experts: L12=[95,198] L19=[64] L22=[144] L29=[115] L30=[170] L33=[38] L34=[25]
ds4: [t=+61649.5ms] req seq=1698 L15 k=1 ids=[242] w=[0.1761] compute=1.92 ms ok
ds4: [t=+61655.7ms] req seq=1699 L16 k=1 ids=[118] w=[0.1392] compute=1.82 ms ok
ds4: [t=+61665.5ms] req seq=1700 L20 k=1 ids=[62] w=[0.2065] compute=1.86 ms ok
ds4: [t=+61672.8ms] req seq=1701 L22 k=1 ids=[255] w=[0.1369] compute=1.82 ms ok
ds4: [t=+61679.3ms] req seq=1702 L23 k=1 ids=[178] w=[0.1861] compute=1.87 ms ok
ds4: [t=+61700.9ms] req seq=1703 L34 k=1 ids=[182] w=[0.1555] compute=1.88 ms ok
ds4: [t=+61708.6ms] req seq=1704 L37 k=1 ids=[87] w=[0.1916] compute=1.83 ms ok
ds4: [t=+61714.6ms] req seq=1705 L39 k=1 ids=[89] w=[0.0969] compute=1.79 ms ok
ds4: [t=+61722.7ms] req seq=1706 L42 k=1 ids=[64] w=[0.0820] compute=1.82 ms ok
ds4: [t=+61731.1ms] req seq=1707 L0 k=1 ids=[78] w=[0.2660] compute=1.85 ms ok
ds4: [t=+61731.2ms] tok#153 done: 10 layer-reqs, 10 experts, compute 18.65 ms (1.87 ms/layer), wall 97.30 ms, errors=0, evict-hints=10 | cache: resident=3337/3337 slabs=3 wired=22.00 GiB mlock-fail=0 B hits=1707 misses=0 swaps=1706
ds4: [t=+61731.2ms] tok#153 experts: L10=[6] L15=[242] L16=[118] L20=[62] L22=[255] L23=[178] L34=[182] L37=[87] L39=[89] L42=[64]
ds4: [t=+61740.7ms] req seq=1708 L3 k=1 ids=[118] w=[0.1453] compute=1.79 ms ok
ds4: [t=+61756.5ms] req seq=1709 L7 k=1 ids=[239] w=[0.1506] compute=1.89 ms ok
ds4: [t=+61774.4ms] req seq=1710 L12 k=2 ids=[169,77] w=[0.1311,0.1279] compute=1.93 ms ok
ds4: [t=+61837.3ms] req seq=1711 L35 k=1 ids=[88] w=[0.2325] compute=2.05 ms ok
ds4: [t=+61869.7ms] req seq=1712 L3 k=2 ids=[37,255] w=[0.1274,0.1223] compute=1.87 ms ok
ds4: [t=+61869.8ms] tok#154 done: 5 layer-reqs, 6 experts, compute 9.50 ms (1.90 ms/layer), wall 140.58 ms, errors=0, evict-hints=5 | cache: resident=3337/3337 slabs=3 wired=22.00 GiB mlock-fail=0 B hits=1712 misses=0 swaps=1711
ds4: [t=+61869.8ms] tok#154 experts: L0=[78] L3=[118] L7=[239] L12=[169,77] L35=[88]
ds4: [t=+61880.3ms] req seq=1713 L7 k=1 ids=[28] w=[0.1883] compute=1.83 ms ok
ds4: [t=+61905.9ms] req seq=1714 L19 k=1 ids=[178] w=[0.3512] compute=1.84 ms ok
ds4: [t=+61912.7ms] req seq=1715 L21 k=1 ids=[26] w=[0.1309] compute=1.89 ms ok
ds4: [t=+61961.9ms] req seq=1716 L42 k=1 ids=[80] w=[0.0572] compute=2.06 ms ok
ds4: [t=+61985.7ms] req seq=1717 L6 k=1 ids=[157] w=[0.1573] compute=1.88 ms ok
ds4: [t=+61985.7ms] tok#155 done: 5 layer-reqs, 6 experts, compute 9.48 ms (1.90 ms/layer), wall 117.85 ms, errors=0, evict-hints=5 | cache: resident=3337/3337 slabs=3 wired=22.00 GiB mlock-fail=0 B hits=1717 misses=0 swaps=1716
ds4: [t=+61985.8ms] tok#155 experts: L3=[37,255] L7=[28] L19=[178] L21=[26] L42=[80]
ds4: [t=+61996.5ms] req seq=1718 L10 k=2 ids=[247,211] w=[0.2770,0.1456] compute=1.90 ms ok
ds4: [t=+62002.8ms] req seq=1719 L12 k=1 ids=[171] w=[0.1784] compute=1.69 ms ok
ds4: [t=+62009.7ms] req seq=1720 L14 k=1 ids=[141] w=[0.1855] compute=1.76 ms ok
ds4: [t=+62018.9ms] req seq=1721 L18 k=1 ids=[84] w=[0.2931] compute=1.77 ms ok
ds4: [t=+62027.3ms] req seq=1722 L21 k=1 ids=[65] w=[0.2161] compute=1.85 ms ok
ds4: [t=+62032.2ms] req seq=1723 L22 k=1 ids=[169] w=[0.1544] compute=1.83 ms ok
ds4: [t=+62040.8ms] req seq=1724 L24 k=1 ids=[22] w=[0.1277] compute=1.89 ms ok
ds4: [t=+62055.4ms] req seq=1725 L29 k=1 ids=[236] w=[0.1293] compute=1.89 ms ok
ds4: [t=+62109.6ms] req seq=1726 L5 k=2 ids=[120,207] w=[0.1826,0.1665] compute=2.12 ms ok
ds4: [t=+62109.7ms] tok#156 done: 9 layer-reqs, 10 experts, compute 16.47 ms (1.83 ms/layer), wall 125.86 ms, errors=0, evict-hints=9 | cache: resident=3337/3337 slabs=3 wired=22.00 GiB mlock-fail=0 B hits=1726 misses=0 swaps=1725
ds4: [t=+62109.7ms] tok#156 experts: L6=[157] L10=[247,211] L12=[171] L14=[141] L18=[84] L21=[65] L22=[169] L24=[22] L29=[236]
ds4: [t=+62122.7ms] req seq=1727 L9 k=1 ids=[18] w=[0.0789] compute=1.81 ms ok
ds4: [t=+62132.1ms] req seq=1728 L12 k=1 ids=[195] w=[0.2060] compute=1.83 ms ok
ds4: [t=+62138.0ms] req seq=1729 L13 k=1 ids=[185] w=[0.2026] compute=1.81 ms ok
ds4: [t=+62146.4ms] req seq=1730 L15 k=1 ids=[122] w=[0.1738] compute=1.87 ms ok
ds4: [t=+62152.9ms] req seq=1731 L16 k=1 ids=[251] w=[0.2358] compute=1.81 ms ok
ds4: [t=+62159.1ms] req seq=1732 L17 k=1 ids=[39] w=[0.2086] compute=1.87 ms ok
ds4: [t=+62171.4ms] req seq=1733 L20 k=1 ids=[24] w=[0.2101] compute=1.84 ms ok
ds4: [t=+62183.5ms] req seq=1734 L23 k=1 ids=[112] w=[0.1717] compute=1.90 ms ok
ds4: [t=+62189.4ms] req seq=1735 L24 k=1 ids=[11] w=[0.1478] compute=1.84 ms ok
ds4: [t=+62196.1ms] req seq=1736 L25 k=1 ids=[22] w=[0.1315] compute=1.85 ms ok
ds4: [t=+62214.2ms] req seq=1737 L29 k=1 ids=[4] w=[0.2362] compute=1.86 ms ok
ds4: [t=+62265.4ms] req seq=1738 L40 k=2 ids=[2,25] w=[0.1749,0.1432] compute=2.15 ms ok
ds4: [t=+62305.0ms] req seq=1739 L5 k=1 ids=[241] w=[0.2197] compute=1.89 ms ok
ds4: [t=+62305.1ms] tok#157 done: 13 layer-reqs, 15 experts, compute 24.55 ms (1.89 ms/layer), wall 197.60 ms, errors=0, evict-hints=13 | cache: resident=3337/3337 slabs=3 wired=22.00 GiB mlock-fail=0 B hits=1739 misses=0 swaps=1738
ds4: [t=+62305.1ms] tok#157 experts: L5=[120,207] L9=[18] L12=[195] L13=[185] L15=[122] L16=[251] L17=[39] L20=[24] L23=[112] L24=[11] L25=[22] L29=[4] L40=[2,25]
ds4: [t=+62312.6ms] req seq=1740 L7 k=1 ids=[234] w=[0.1347] compute=1.86 ms ok
ds4: [t=+62324.9ms] req seq=1741 L11 k=1 ids=[165] w=[0.1740] compute=1.85 ms ok
ds4: [t=+62339.9ms] req seq=1742 L16 k=1 ids=[198] w=[0.2420] compute=1.90 ms ok
ds4: [t=+62350.6ms] req seq=1743 L19 k=1 ids=[196] w=[0.1257] compute=1.92 ms ok
ds4: [t=+62357.1ms] req seq=1744 L20 k=1 ids=[160] w=[0.1596] compute=1.84 ms ok
ds4: [t=+62366.5ms] req seq=1745 L22 k=1 ids=[146] w=[0.1221] compute=1.90 ms ok
ds4: [t=+62421.1ms] req seq=1746 L39 k=1 ids=[139] w=[0.1540] compute=1.92 ms ok
ds4: [t=+62430.0ms] req seq=1747 L40 k=1 ids=[52] w=[0.1528] compute=1.91 ms ok
ds4: [t=+62471.3ms] req seq=1748 L10 k=1 ids=[47] w=[0.1497] compute=1.89 ms ok
ds4: [t=+62471.4ms] tok#158 done: 9 layer-reqs, 9 experts, compute 16.98 ms (1.89 ms/layer), wall 168.31 ms, errors=0, evict-hints=9 | cache: resident=3337/3337 slabs=3 wired=22.00 GiB mlock-fail=0 B hits=1748 misses=0 swaps=1747
ds4: [t=+62471.4ms] tok#158 experts: L5=[241] L7=[234] L11=[165] L16=[198] L19=[196] L20=[160] L22=[146] L39=[139] L40=[52]
ds4: [t=+62483.1ms] req seq=1749 L14 k=2 ids=[101,225] w=[0.1287,0.1103] compute=1.89 ms ok
ds4: [t=+62494.9ms] req seq=1750 L19 k=1 ids=[74] w=[0.0759] compute=1.86 ms ok
ds4: [t=+62503.2ms] req seq=1751 L22 k=1 ids=[51] w=[0.1823] compute=1.78 ms ok
ds4: [t=+62517.9ms] req seq=1752 L29 k=2 ids=[232,70] w=[0.2067,0.1831] compute=1.88 ms ok
ds4: [t=+62554.5ms] req seq=1753 L1 k=1 ids=[35] w=[0.2425] compute=1.90 ms ok
ds4: [t=+62554.6ms] tok#159 done: 5 layer-reqs, 7 experts, compute 9.29 ms (1.86 ms/layer), wall 85.16 ms, errors=0, evict-hints=5 | cache: resident=3337/3337 slabs=3 wired=22.00 GiB mlock-fail=0 B hits=1753 misses=0 swaps=1752
ds4: [t=+62554.6ms] tok#159 experts: L10=[47] L14=[101,225] L19=[74] L22=[51] L29=[232,70]
ds4: [t=+62567.8ms] req seq=1754 L6 k=1 ids=[208] w=[0.1062] compute=1.87 ms ok
ds4: [t=+62574.4ms] req seq=1755 L8 k=1 ids=[145] w=[0.1619] compute=1.80 ms ok
ds4: [t=+62594.6ms] req seq=1756 L17 k=1 ids=[219] w=[0.1650] compute=1.89 ms ok
ds4: [t=+62600.9ms] req seq=1757 L18 k=1 ids=[179] w=[0.1168] compute=1.80 ms ok
ds4: [t=+62607.7ms] req seq=1758 L20 k=2 ids=[134,179] w=[0.2969,0.2080] compute=1.81 ms ok
ds4: [t=+62613.9ms] req seq=1759 L21 k=1 ids=[38] w=[0.1727] compute=1.88 ms ok
ds4: [t=+62620.1ms] req seq=1760 L22 k=1 ids=[70] w=[0.1722] compute=1.77 ms ok
ds4: [t=+62626.0ms] req seq=1761 L23 k=1 ids=[128] w=[0.1040] compute=1.90 ms ok
ds4: [t=+62631.9ms] req seq=1762 L24 k=1 ids=[64] w=[0.1034] compute=1.78 ms ok
ds4: [t=+62654.4ms] req seq=1763 L32 k=1 ids=[86] w=[0.1449] compute=1.86 ms ok
ds4: [t=+62707.8ms] req seq=1764 L5 k=1 ids=[139] w=[0.1368] compute=2.04 ms ok
ds4: [t=+62707.9ms] tok#160 done: 11 layer-reqs, 12 experts, compute 20.27 ms (1.84 ms/layer), wall 155.20 ms, errors=0, evict-hints=11 | cache: resident=3337/3337 slabs=3 wired=22.00 GiB mlock-fail=0 B hits=1764 misses=0 swaps=1763
ds4: [t=+62707.9ms] tok#160 experts: L1=[35] L6=[208] L8=[145] L17=[219] L18=[179] L20=[134,179] L21=[38] L22=[70] L23=[128] L24=[64] L32=[86]
ds4: [t=+62726.1ms] req seq=1765 L11 k=1 ids=[181] w=[0.1969] compute=1.95 ms ok
ds4: [t=+62732.4ms] req seq=1766 L12 k=1 ids=[239] w=[0.3527] compute=1.83 ms ok
ds4: [t=+62738.1ms] req seq=1767 L13 k=1 ids=[6] w=[0.1517] compute=1.75 ms ok
ds4: [t=+62744.1ms] req seq=1768 L14 k=1 ids=[225] w=[0.1525] compute=1.85 ms ok
ds4: [t=+62761.1ms] req seq=1769 L20 k=1 ids=[77] w=[0.3352] compute=1.88 ms ok
ds4: [t=+62767.4ms] req seq=1770 L21 k=1 ids=[157] w=[0.2169] compute=1.80 ms ok
ds4: [t=+62778.7ms] req seq=1771 L24 k=1 ids=[248] w=[0.1091] compute=1.88 ms ok
ds4: [t=+62785.4ms] req seq=1772 L25 k=2 ids=[148,26] w=[0.0891,0.0866] compute=1.88 ms ok
ds4: [t=+62867.5ms] req seq=1773 L3 k=1 ids=[200] w=[0.1665] compute=2.09 ms ok
ds4: [t=+62867.6ms] tok#161 done: 9 layer-reqs, 10 experts, compute 16.86 ms (1.87 ms/layer), wall 161.84 ms, errors=0, evict-hints=9 | cache: resident=3337/3337 slabs=3 wired=22.00 GiB mlock-fail=0 B hits=1773 misses=0 swaps=1772
ds4: [t=+62867.6ms] tok#161 experts: L5=[139] L11=[181] L12=[239] L13=[6] L14=[225] L20=[77] L21=[157] L24=[248] L25=[148,26]
ds4: [t=+62882.5ms] req seq=1774 L7 k=1 ids=[157] w=[0.3958] compute=1.85 ms ok
ds4: [t=+62888.8ms] req seq=1775 L8 k=1 ids=[252] w=[0.2203] compute=1.80 ms ok
ds4: [t=+62905.6ms] req seq=1776 L13 k=1 ids=[48] w=[0.3508] compute=1.88 ms ok
ds4: [t=+62929.6ms] req seq=1777 L21 k=1 ids=[152] w=[0.1580] compute=1.90 ms ok
ds4: [t=+63002.9ms] req seq=1778 L7 k=1 ids=[74] w=[0.1550] compute=1.89 ms ok
ds4: [t=+63003.1ms] tok#162 done: 5 layer-reqs, 5 experts, compute 9.52 ms (1.90 ms/layer), wall 137.65 ms, errors=0, evict-hints=5 | cache: resident=3337/3337 slabs=3 wired=22.00 GiB mlock-fail=0 B hits=1778 misses=0 swaps=1777
ds4: [t=+63003.1ms] tok#162 experts: L3=[200] L7=[157] L8=[252] L13=[48] L21=[152]
ds4: [t=+63011.3ms] req seq=1779 L10 k=1 ids=[243] w=[0.1056] compute=1.88 ms ok
ds4: [t=+63031.4ms] req seq=1780 L18 k=1 ids=[33] w=[0.1382] compute=1.87 ms ok
ds4: [t=+63039.3ms] req seq=1781 L21 k=1 ids=[28] w=[0.2002] compute=1.81 ms ok
ds4: [t=+63103.4ms] req seq=1782 L3 k=1 ids=[143] w=[0.0908] compute=2.09 ms ok
ds4: [t=+63103.5ms] tok#163 done: 4 layer-reqs, 4 experts, compute 7.45 ms (1.86 ms/layer), wall 102.43 ms, errors=0, evict-hints=4 | cache: resident=3337/3337 slabs=3 wired=22.00 GiB mlock-fail=0 B hits=1782 misses=0 swaps=1781
ds4: [t=+63103.5ms] tok#163 experts: L7=[74] L10=[243] L18=[33] L21=[28]
ds4: [t=+63110.6ms] req seq=1783 L4 k=1 ids=[25] w=[0.0893] compute=1.94 ms ok
ds4: [t=+63117.7ms] req seq=1784 L7 k=1 ids=[248] w=[0.1637] compute=1.79 ms ok
ds4: [t=+63126.9ms] req seq=1785 L11 k=1 ids=[78] w=[0.1501] compute=1.85 ms ok
ds4: [t=+63191.9ms] req seq=1786 L3 k=1 ids=[248] w=[0.9380] compute=2.07 ms ok
ds4: [t=+63192.0ms] tok#164 done: 4 layer-reqs, 4 experts, compute 7.66 ms (1.92 ms/layer), wall 90.63 ms, errors=0, evict-hints=4 | cache: resident=3337/3337 slabs=3 wired=22.00 GiB mlock-fail=0 B hits=1786 misses=0 swaps=1785
ds4: [t=+63192.0ms] tok#164 experts: L3=[143] L4=[25] L7=[248] L11=[78]
ds4: [t=+63199.5ms] req seq=1787 L6 k=1 ids=[93] w=[0.1485] compute=1.48 ms ok
ds4: [t=+63205.3ms] req seq=1788 L7 k=1 ids=[156] w=[0.1400] compute=1.43 ms ok
ds4: [t=+63215.7ms] req seq=1789 L11 k=1 ids=[60] w=[0.1812] compute=1.50 ms ok
ds4: [t=+63222.4ms] req seq=1790 L13 k=1 ids=[197] w=[0.1986] compute=1.43 ms ok
ds4: [t=+63228.1ms] req seq=1791 L14 k=1 ids=[176] w=[0.1359] compute=1.64 ms ok
ds4: [t=+63246.6ms] req seq=1792 L21 k=2 ids=[113,37] w=[0.1687,0.1556] compute=1.67 ms ok
ds4: [t=+63256.4ms] req seq=1793 L24 k=2 ids=[236,61] w=[0.1964,0.1745] compute=1.48 ms ok
ds4: [t=+63277.9ms] req seq=1794 L29 k=1 ids=[87] w=[0.1832] compute=1.62 ms ok
ds4: [t=+63286.1ms] req seq=1795 L31 k=1 ids=[250] w=[0.1890] compute=1.56 ms ok
ds4: [t=+63315.8ms] req seq=1796 L39 k=1 ids=[175] w=[0.2575] compute=1.61 ms ok
ds4: [t=+63404.2ms] req seq=1797 L34 k=1 ids=[85] w=[0.1042] compute=1.78 ms ok
ds4: [t=+63404.3ms] tok#165 done: 11 layer-reqs, 13 experts, compute 17.50 ms (1.59 ms/layer), wall 214.44 ms, errors=0, evict-hints=11 | cache: resident=3337/3337 slabs=3 wired=22.00 GiB mlock-fail=0 B hits=1797 misses=0 swaps=1796
ds4: [t=+63404.3ms] tok#165 experts: L3=[248] L6=[93] L7=[156] L11=[60] L13=[197] L14=[176] L21=[113,37] L24=[236,61] L29=[87] L31=[250] L39=[175]
ds4: [t=+63418.0ms] req seq=1798 L38 k=1 ids=[78] w=[0.1614] compute=1.75 ms ok
ds4: [t=+63440.2ms] req seq=1799 L2 k=1 ids=[23] w=[0.2541] compute=1.74 ms ok
ds4: [t=+63440.2ms] tok#166 done: 2 layer-reqs, 2 experts, compute 3.54 ms (1.77 ms/layer), wall 37.85 ms, errors=0, evict-hints=2 | cache: resident=3337/3337 slabs=3 wired=22.00 GiB mlock-fail=0 B hits=1799 misses=0 swaps=1798
ds4: [t=+63440.3ms] tok#166 experts: L34=[85] L38=[78]
ds4: [t=+63446.4ms] req seq=1800 L3 k=1 ids=[92] w=[0.1185] compute=1.89 ms ok
ds4: [t=+63461.7ms] req seq=1801 L9 k=1 ids=[15] w=[0.1531] compute=1.87 ms ok
ds4: [t=+63467.8ms] req seq=1802 L10 k=1 ids=[152] w=[0.5114] compute=1.85 ms ok
ds4: [t=+63483.5ms] req seq=1803 L15 k=2 ids=[135,177] w=[0.2333,0.1724] compute=1.91 ms ok
ds4: [t=+63493.8ms] req seq=1804 L18 k=1 ids=[211] w=[0.2566] compute=1.89 ms ok
ds4: [t=+63503.0ms] req seq=1805 L22 k=1 ids=[250] w=[0.2147] compute=1.83 ms ok
ds4: [t=+63530.0ms] req seq=1806 L30 k=1 ids=[23] w=[0.1997] compute=1.90 ms ok
ds4: [t=+63552.3ms] req seq=1807 L37 k=1 ids=[143] w=[0.2129] compute=1.84 ms ok
ds4: [t=+63602.5ms] req seq=1808 L9 k=1 ids=[34] w=[0.1374] compute=1.97 ms ok
ds4: [t=+63602.6ms] tok#167 done: 9 layer-reqs, 10 experts, compute 16.72 ms (1.86 ms/layer), wall 164.12 ms, errors=0, evict-hints=9 | cache: resident=3337/3337 slabs=3 wired=22.00 GiB mlock-fail=0 B hits=1808 misses=0 swaps=1807
ds4: [t=+63602.6ms] tok#167 experts: L2=[23] L3=[92] L9=[15] L10=[152] L15=[135,177] L18=[211] L22=[250] L30=[23] L37=[143]
ds4: [t=+63608.7ms] req seq=1809 L10 k=1 ids=[208] w=[0.1046] compute=1.83 ms ok
ds4: [t=+63614.8ms] req seq=1810 L11 k=1 ids=[74] w=[0.1421] compute=1.77 ms ok
ds4: [t=+63622.9ms] req seq=1811 L13 k=1 ids=[68] w=[0.1583] compute=1.76 ms ok
ds4: [t=+63642.0ms] req seq=1812 L21 k=1 ids=[228] w=[0.2446] compute=1.78 ms ok
ds4: [t=+63647.7ms] req seq=1813 L22 k=1 ids=[96] w=[0.1247] compute=1.43 ms ok
ds4: [t=+63653.4ms] req seq=1814 L23 k=1 ids=[104] w=[0.2016] compute=1.43 ms ok
ds4: [t=+63678.8ms] req seq=1815 L35 k=1 ids=[29] w=[0.1795] compute=1.56 ms ok
ds4: [t=+63695.6ms] req seq=1816 L42 k=1 ids=[165] w=[0.0757] compute=1.62 ms ok
ds4: [t=+63713.7ms] req seq=1817 L4 k=2 ids=[107,21] w=[0.0978,0.0897] compute=1.60 ms ok
ds4: [t=+63713.8ms] tok#168 done: 9 layer-reqs, 9 experts, compute 15.14 ms (1.68 ms/layer), wall 113.30 ms, errors=0, evict-hints=9 | cache: resident=3337/3337 slabs=3 wired=22.00 GiB mlock-fail=0 B hits=1817 misses=0 swaps=1816
ds4: [t=+63713.8ms] tok#168 experts: L9=[34] L10=[208] L11=[74] L13=[68] L21=[228] L22=[96] L23=[104] L35=[29] L42=[165]
ds4: [t=+63719.9ms] req seq=1818 L5 k=1 ids=[162] w=[0.0726] compute=1.49 ms ok
ds4: [t=+63739.7ms] req seq=1819 L12 k=1 ids=[200] w=[0.2291] compute=1.59 ms ok
ds4: [t=+63746.4ms] req seq=1820 L14 k=1 ids=[164] w=[0.1382] compute=1.60 ms ok
ds4: [t=+63762.7ms] req seq=1821 L21 k=1 ids=[17] w=[0.1692] compute=1.79 ms ok
ds4: [t=+63769.7ms] req seq=1822 L23 k=1 ids=[5] w=[0.1933] compute=1.57 ms ok
ds4: [t=+63775.9ms] req seq=1823 L24 k=1 ids=[135] w=[0.1413] compute=1.80 ms ok
ds4: [t=+63788.7ms] req seq=1824 L29 k=1 ids=[93] w=[0.1431] compute=1.54 ms ok
ds4: [t=+63827.3ms] req seq=1825 L3 k=1 ids=[89] w=[0.1258] compute=1.83 ms ok
ds4: [t=+63827.4ms] tok#169 done: 8 layer-reqs, 9 experts, compute 12.99 ms (1.62 ms/layer), wall 115.27 ms, errors=0, evict-hints=8 | cache: resident=3337/3337 slabs=3 wired=22.00 GiB mlock-fail=0 B hits=1825 misses=0 swaps=1824
ds4: [t=+63827.4ms] tok#169 experts: L4=[107,21] L5=[162] L12=[200] L14=[164] L21=[17] L23=[5] L24=[135] L29=[93]
ds4: [t=+63857.2ms] req seq=1826 L14 k=1 ids=[133] w=[0.2059] compute=1.74 ms ok
ds4: [t=+63893.2ms] req seq=1827 L31 k=1 ids=[218] w=[0.1685] compute=1.85 ms ok
ds4: [t=+63921.2ms] req seq=1828 L0 k=1 ids=[5] w=[0.2668] compute=1.81 ms ok
ds4: [t=+63921.2ms] tok#170 done: 3 layer-reqs, 3 experts, compute 5.43 ms (1.81 ms/layer), wall 95.73 ms, errors=0, evict-hints=3 | cache: resident=3337/3337 slabs=3 wired=22.00 GiB mlock-fail=0 B hits=1828 misses=0 swaps=1827
ds4: [t=+63921.3ms] tok#170 experts: L3=[89] L14=[133] L31=[218]
ds4: [t=+63930.8ms] req seq=1829 L3 k=1 ids=[176] w=[0.0854] compute=1.86 ms ok
ds4: [t=+63938.1ms] req seq=1830 L5 k=1 ids=[28] w=[0.1371] compute=1.77 ms ok
ds4: [t=+63944.3ms] req seq=1831 L7 k=1 ids=[194] w=[0.2939] compute=1.80 ms ok
ds4: [t=+63949.9ms] req seq=1832 L8 k=1 ids=[125] w=[0.1005] compute=1.77 ms ok
ds4: [t=+63958.5ms] req seq=1833 L11 k=1 ids=[58] w=[0.2895] compute=1.78 ms ok
ds4: [t=+63964.2ms] req seq=1834 L12 k=1 ids=[88] w=[0.1376] compute=1.79 ms ok
ds4: [t=+63974.3ms] req seq=1835 L16 k=1 ids=[177] w=[0.2022] compute=1.82 ms ok
ds4: [t=+63981.7ms] req seq=1836 L19 k=1 ids=[43] w=[0.2332] compute=1.85 ms ok
ds4: [t=+63989.5ms] req seq=1837 L21 k=1 ids=[72] w=[0.1297] compute=1.82 ms ok
ds4: [t=+63995.7ms] req seq=1838 L22 k=1 ids=[18] w=[0.1957] compute=1.91 ms ok
ds4: [t=+64070.4ms] req seq=1839 L11 k=1 ids=[244] w=[0.1448] compute=1.92 ms ok
ds4: [t=+64070.5ms] tok#171 done: 11 layer-reqs, 11 experts, compute 19.98 ms (1.82 ms/layer), wall 151.15 ms, errors=0, evict-hints=11 | cache: resident=3337/3337 slabs=3 wired=22.00 GiB mlock-fail=0 B hits=1839 misses=0 swaps=1838
ds4: [t=+64070.6ms] tok#171 experts: L0=[5] L3=[176] L5=[28] L7=[194] L8=[125] L11=[58] L12=[88] L16=[177] L19=[43] L21=[72] L22=[18]
ds4: [t=+64077.5ms] req seq=1840 L12 k=1 ids=[135] w=[0.1503] compute=1.88 ms ok
ds4: [t=+64085.0ms] req seq=1841 L14 k=1 ids=[232] w=[0.2086] compute=1.84 ms ok
ds4: [t=+64096.3ms] req seq=1842 L19 k=1 ids=[149] w=[0.3190] compute=1.90 ms ok
ds4: [t=+64103.6ms] req seq=1843 L22 k=1 ids=[215] w=[0.2411] compute=1.79 ms ok
ds4: [t=+64115.6ms] req seq=1844 L28 k=1 ids=[37] w=[0.1336] compute=1.86 ms ok
ds4: [t=+64162.9ms] req seq=1845 L3 k=1 ids=[97] w=[0.1077] compute=2.06 ms ok
ds4: [t=+64163.0ms] tok#172 done: 6 layer-reqs, 6 experts, compute 11.18 ms (1.86 ms/layer), wall 94.50 ms, errors=0, evict-hints=6 | cache: resident=3337/3337 slabs=3 wired=22.00 GiB mlock-fail=0 B hits=1845 misses=0 swaps=1844
ds4: [t=+64163.1ms] tok#172 experts: L11=[244] L12=[135] L14=[232] L19=[149] L22=[215] L28=[37]
ds4: [t=+64169.0ms] req seq=1846 L4 k=1 ids=[55] w=[0.1028] compute=1.84 ms ok
ds4: [t=+64177.3ms] req seq=1847 L7 k=1 ids=[245] w=[0.2309] compute=1.83 ms ok
ds4: [t=+64185.9ms] req seq=1848 L11 k=1 ids=[96] w=[0.1871] compute=1.81 ms ok
ds4: [t=+64191.9ms] req seq=1849 L12 k=1 ids=[173] w=[0.1464] compute=1.81 ms ok
ds4: [t=+64199.3ms] req seq=1850 L15 k=2 ids=[25,244] w=[0.3425,0.3297] compute=1.80 ms ok
ds4: [t=+64205.1ms] req seq=1851 L16 k=1 ids=[123] w=[0.1553] compute=1.79 ms ok
ds4: [t=+64215.8ms] req seq=1852 L20 k=1 ids=[255] w=[0.3390] compute=1.82 ms ok
ds4: [t=+64222.1ms] req seq=1853 L21 k=1 ids=[245] w=[0.2859] compute=1.81 ms ok
ds4: [t=+64286.4ms] req seq=1854 L3 k=1 ids=[212] w=[0.3018] compute=2.13 ms ok
ds4: [t=+64286.6ms] tok#173 done: 9 layer-reqs, 10 experts, compute 16.55 ms (1.84 ms/layer), wall 125.66 ms, errors=0, evict-hints=9 | cache: resident=3337/3337 slabs=3 wired=22.00 GiB mlock-fail=0 B hits=1854 misses=0 swaps=1853
ds4: [t=+64286.6ms] tok#173 experts: L3=[97] L4=[55] L7=[245] L11=[96] L12=[173] L15=[25,244] L16=[123] L20=[255] L21=[245]
ds4: [t=+64306.3ms] req seq=1855 L10 k=1 ids=[175] w=[0.0897] compute=1.88 ms ok
ds4: [t=+64324.2ms] req seq=1856 L16 k=1 ids=[113] w=[0.1522] compute=1.78 ms ok
ds4: [t=+64334.8ms] req seq=1857 L20 k=1 ids=[213] w=[0.3575] compute=1.88 ms ok
ds4: [t=+64340.1ms] req seq=1858 L21 k=2 ids=[121,168] w=[0.3034,0.1699] compute=1.78 ms ok
ds4: [t=+64345.0ms] req seq=1859 L22 k=1 ids=[16] w=[0.1272] compute=1.85 ms ok
ds4: [t=+64351.0ms] req seq=1860 L23 k=1 ids=[254] w=[0.1396] compute=1.78 ms ok
ds4: [t=+64420.9ms] req seq=1861 L6 k=1 ids=[115] w=[0.1503] compute=1.94 ms ok
ds4: [t=+64421.1ms] tok#174 done: 7 layer-reqs, 8 experts, compute 13.10 ms (1.87 ms/layer), wall 136.71 ms, errors=0, evict-hints=7 | cache: resident=3337/3337 slabs=3 wired=22.00 GiB mlock-fail=0 B hits=1861 misses=0 swaps=1860
ds4: [t=+64421.1ms] tok#174 experts: L3=[212] L10=[175] L16=[113] L20=[213] L21=[121,168] L22=[16] L23=[254]
ds4: [t=+64434.8ms] req seq=1862 L12 k=1 ids=[100] w=[0.1767] compute=1.91 ms ok
ds4: [t=+64447.2ms] req seq=1863 L17 k=1 ids=[179] w=[0.2463] compute=1.88 ms ok
ds4: [t=+64456.3ms] req seq=1864 L21 k=1 ids=[170] w=[0.2796] compute=1.83 ms ok
ds4: [t=+64475.2ms] req seq=1865 L31 k=1 ids=[99] w=[0.1690] compute=1.81 ms ok
ds4: [t=+64512.4ms] req seq=1866 L4 k=1 ids=[75] w=[0.1155] compute=1.53 ms ok
ds4: [t=+64512.5ms] tok#175 done: 5 layer-reqs, 5 experts, compute 9.38 ms (1.88 ms/layer), wall 93.46 ms, errors=0, evict-hints=5 | cache: resident=3337/3337 slabs=3 wired=22.00 GiB mlock-fail=0 B hits=1866 misses=0 swaps=1865
ds4: [t=+64512.5ms] tok#175 experts: L6=[115] L12=[100] L17=[179] L21=[170] L31=[99]
ds4: [t=+64522.5ms] req seq=1867 L9 k=1 ids=[96] w=[0.1349] compute=1.49 ms ok
ds4: [t=+64543.0ms] req seq=1868 L17 k=1 ids=[10] w=[0.1278] compute=1.60 ms ok
ds4: [t=+64549.4ms] req seq=1869 L19 k=1 ids=[155] w=[0.0754] compute=1.48 ms ok
ds4: [t=+64557.4ms] req seq=1870 L22 k=1 ids=[171] w=[0.1372] compute=1.53 ms ok
ds4: [t=+64616.4ms] req seq=1871 L4 k=1 ids=[21] w=[0.0971] compute=1.66 ms ok
ds4: [t=+64616.5ms] tok#176 done: 5 layer-reqs, 5 experts, compute 7.63 ms (1.53 ms/layer), wall 105.59 ms, errors=0, evict-hints=5 | cache: resident=3337/3337 slabs=3 wired=22.00 GiB mlock-fail=0 B hits=1871 misses=0 swaps=1870
ds4: [t=+64616.5ms] tok#176 experts: L4=[75] L9=[96] L17=[10] L19=[155] L22=[171]
ds4: [t=+64629.3ms] req seq=1872 L9 k=2 ids=[226,76] w=[0.0981,0.0952] compute=1.60 ms ok
ds4: [t=+64635.3ms] req seq=1873 L11 k=1 ids=[180] w=[0.1132] compute=1.58 ms ok
ds4: [t=+64647.9ms] req seq=1874 L17 k=1 ids=[106] w=[0.2172] compute=1.63 ms ok
ds4: [t=+64654.8ms] req seq=1875 L20 k=1 ids=[192] w=[0.2013] compute=1.48 ms ok
ds4: [t=+64664.7ms] req seq=1876 L25 k=1 ids=[108] w=[0.2377] compute=1.71 ms ok
ds4: [t=+64704.9ms] req seq=1877 L3 k=1 ids=[20] w=[0.1501] compute=1.61 ms ok
ds4: [t=+64705.0ms] tok#177 done: 6 layer-reqs, 7 experts, compute 9.65 ms (1.61 ms/layer), wall 90.26 ms, errors=0, evict-hints=6 | cache: resident=3337/3337 slabs=3 wired=22.00 GiB mlock-fail=0 B hits=1877 misses=0 swaps=1876
ds4: [t=+64705.0ms] tok#177 experts: L4=[21] L9=[226,76] L11=[180] L17=[106] L20=[192] L25=[108]
ds4: [t=+64713.4ms] req seq=1878 L6 k=1 ids=[191] w=[0.1337] compute=1.72 ms ok
ds4: [t=+64719.5ms] req seq=1879 L7 k=1 ids=[233] w=[0.2047] compute=1.64 ms ok
ds4: [t=+64795.9ms] req seq=1880 L4 k=1 ids=[103] w=[0.0998] compute=2.07 ms ok
ds4: [t=+64796.1ms] tok#178 done: 3 layer-reqs, 3 experts, compute 4.97 ms (1.66 ms/layer), wall 92.76 ms, errors=0, evict-hints=3 | cache: resident=3337/3337 slabs=3 wired=22.00 GiB mlock-fail=0 B hits=1880 misses=0 swaps=1879
ds4: [t=+64796.1ms] tok#178 experts: L3=[20] L6=[191] L7=[233]
ds4: [t=+64807.8ms] req seq=1881 L9 k=1 ids=[39] w=[0.1498] compute=1.68 ms ok
ds4: [t=+64825.1ms] req seq=1882 L18 k=1 ids=[130] w=[0.1632] compute=1.82 ms ok
ds4: [t=+64831.1ms] req seq=1883 L19 k=1 ids=[160] w=[0.0611] compute=1.47 ms ok
ds4: [t=+64837.0ms] req seq=1884 L21 k=1 ids=[56] w=[0.0910] compute=1.47 ms ok
ds4: [t=+64901.9ms] req seq=1885 L10 k=1 ids=[12] w=[0.1263] compute=1.75 ms ok
ds4: [t=+64902.0ms] tok#179 done: 5 layer-reqs, 5 experts, compute 8.51 ms (1.70 ms/layer), wall 108.10 ms, errors=0, evict-hints=5 | cache: resident=3337/3337 slabs=3 wired=22.00 GiB mlock-fail=0 B hits=1885 misses=0 swaps=1884
ds4: [t=+64902.0ms] tok#179 experts: L4=[103] L9=[39] L18=[130] L19=[160] L21=[56]
ds4: [t=+64909.1ms] req seq=1886 L11 k=1 ids=[61] w=[0.1659] compute=1.64 ms ok
ds4: [t=+64924.6ms] req seq=1887 L19 k=1 ids=[2] w=[0.1571] compute=1.48 ms ok
ds4: [t=+64930.6ms] req seq=1888 L21 k=1 ids=[183] w=[0.1610] compute=1.59 ms ok
ds4: [t=+64936.7ms] req seq=1889 L22 k=1 ids=[17] w=[0.2659] compute=1.51 ms ok
ds4: [t=+64944.6ms] req seq=1890 L25 k=1 ids=[26] w=[0.1545] compute=1.57 ms ok
ds4: [t=+64963.2ms] req seq=1891 L34 k=1 ids=[5] w=[0.1803] compute=1.59 ms ok
ds4: [t=+64982.7ms] req seq=1892 L42 k=1 ids=[16] w=[0.1458] compute=1.62 ms ok
ds4: [t=+65008.0ms] req seq=1893 L11 k=1 ids=[253] w=[0.1750] compute=1.61 ms ok
ds4: [t=+65008.1ms] tok#180 done: 8 layer-reqs, 8 experts, compute 12.74 ms (1.59 ms/layer), wall 107.92 ms, errors=0, evict-hints=8 | cache: resident=3337/3337 slabs=3 wired=22.00 GiB mlock-fail=0 B hits=1893 misses=0 swaps=1892
ds4: [t=+65008.1ms] tok#180 experts: L10=[12] L11=[61] L19=[2] L21=[183] L22=[17] L25=[26] L34=[5] L42=[16]
ds4: [t=+65014.2ms] req seq=1894 L12 k=2 ids=[54,110] w=[0.1700,0.1563] compute=1.80 ms ok
ds4: [t=+65020.5ms] req seq=1895 L14 k=1 ids=[69] w=[0.1795] compute=1.65 ms ok
ds4: [t=+65026.2ms] req seq=1896 L15 k=1 ids=[244] w=[0.3198] compute=1.91 ms ok
ds4: [t=+65038.4ms] req seq=1897 L19 k=2 ids=[111,223] w=[0.2827,0.2778] compute=1.75 ms ok
ds4: [t=+65049.4ms] req seq=1898 L23 k=1 ids=[89] w=[0.1023] compute=1.85 ms ok
ds4: [t=+65055.9ms] req seq=1899 L25 k=1 ids=[34] w=[0.1367] compute=1.80 ms ok
ds4: [t=+65069.9ms] req seq=1900 L29 k=1 ids=[109] w=[0.6319] compute=1.86 ms ok
ds4: [t=+65110.6ms] req seq=1901 L2 k=1 ids=[28] w=[0.1633] compute=1.87 ms ok
ds4: [t=+65110.7ms] tok#181 done: 8 layer-reqs, 10 experts, compute 14.23 ms (1.78 ms/layer), wall 104.25 ms, errors=0, evict-hints=8 | cache: resident=3337/3337 slabs=3 wired=22.00 GiB mlock-fail=0 B hits=1901 misses=0 swaps=1900
ds4: [t=+65110.7ms] tok#181 experts: L11=[253] L12=[54,110] L14=[69] L15=[244] L19=[111,223] L23=[89] L25=[34] L29=[109]
ds4: [t=+65121.1ms] req seq=1902 L6 k=1 ids=[152] w=[0.2923] compute=1.82 ms ok
ds4: [t=+65141.8ms] req seq=1903 L15 k=1 ids=[115] w=[0.1968] compute=1.78 ms ok
ds4: [t=+65147.6ms] req seq=1904 L17 k=1 ids=[41] w=[0.2350] compute=1.45 ms ok
ds4: [t=+65153.8ms] req seq=1905 L19 k=2 ids=[161,113] w=[0.2115,0.0951] compute=1.47 ms ok
ds4: [t=+65159.6ms] req seq=1906 L20 k=1 ids=[203] w=[0.1437] compute=1.57 ms ok
ds4: [t=+65165.3ms] req seq=1907 L22 k=1 ids=[241] w=[0.2296] compute=1.41 ms ok
ds4: [t=+65170.8ms] req seq=1908 L23 k=1 ids=[146] w=[0.2547] compute=1.40 ms ok
ds4: [t=+65176.1ms] req seq=1909 L24 k=1 ids=[2] w=[0.1369] compute=1.56 ms ok
ds4: [t=+65181.4ms] req seq=1910 L25 k=1 ids=[15] w=[0.1127] compute=1.41 ms ok
ds4: [t=+65198.4ms] req seq=1911 L31 k=1 ids=[82] w=[0.1293] compute=1.61 ms ok
ds4: [t=+65203.9ms] req seq=1912 L32 k=1 ids=[100] w=[0.1514] compute=1.44 ms ok
ds4: [t=+65244.4ms] req seq=1913 L2 k=1 ids=[7] w=[0.2004] compute=1.60 ms ok
ds4: [t=+65244.5ms] tok#182 done: 12 layer-reqs, 13 experts, compute 18.81 ms (1.57 ms/layer), wall 135.81 ms, errors=0, evict-hints=12 | cache: resident=3337/3337 slabs=3 wired=22.00 GiB mlock-fail=0 B hits=1913 misses=0 swaps=1912
ds4: [t=+65244.6ms] tok#182 experts: L2=[28] L6=[152] L15=[115] L17=[41] L19=[161,113] L20=[203] L22=[241] L23=[146] L24=[2] L25=[15] L31=[82] L32=[100]
ds4: [t=+65250.2ms] req seq=1914 L3 k=1 ids=[210] w=[0.1192] compute=1.55 ms ok
ds4: [t=+65256.2ms] req seq=1915 L4 k=1 ids=[192] w=[0.1086] compute=1.45 ms ok
ds4: [t=+65265.2ms] req seq=1916 L7 k=1 ids=[168] w=[0.5159] compute=1.56 ms ok
ds4: [t=+65272.5ms] req seq=1917 L9 k=1 ids=[216] w=[0.1264] compute=1.56 ms ok
ds4: [t=+65291.4ms] req seq=1918 L15 k=1 ids=[134] w=[0.1728] compute=1.63 ms ok
ds4: [t=+65301.7ms] req seq=1919 L19 k=1 ids=[220] w=[0.4311] compute=1.76 ms ok
ds4: [t=+65309.4ms] req seq=1920 L21 k=2 ids=[238,46] w=[0.3901,0.1611] compute=2.05 ms ok
ds4: [t=+65315.3ms] req seq=1921 L22 k=1 ids=[14] w=[0.1618] compute=1.68 ms ok
ds4: [t=+65322.4ms] req seq=1922 L24 k=1 ids=[151] w=[0.1034] compute=1.70 ms ok
ds4: [t=+65339.9ms] req seq=1923 L30 k=1 ids=[16] w=[0.1739] compute=1.74 ms ok
ds4: [t=+65346.0ms] req seq=1924 L31 k=1 ids=[226] w=[0.4656] compute=1.91 ms ok
ds4: [t=+65357.3ms] req seq=1925 L34 k=1 ids=[110] w=[0.1051] compute=1.84 ms ok
ds4: [t=+65366.5ms] req seq=1926 L37 k=1 ids=[152] w=[0.3816] compute=1.84 ms ok
ds4: [t=+65374.6ms] req seq=1927 L39 k=1 ids=[226] w=[0.1976] compute=1.81 ms ok
ds4: [t=+65413.0ms] req seq=1928 L4 k=1 ids=[4] w=[0.2050] compute=1.96 ms ok
ds4: [t=+65413.1ms] tok#183 done: 15 layer-reqs, 16 experts, compute 25.68 ms (1.71 ms/layer), wall 170.30 ms, errors=0, evict-hints=15 | cache: resident=3337/3337 slabs=3 wired=22.00 GiB mlock-fail=0 B hits=1928 misses=0 swaps=1927
ds4: [t=+65413.2ms] tok#183 experts: L2=[7] L3=[210] L4=[192] L7=[168] L9=[216] L15=[134] L19=[220] L21=[238,46] L22=[14] L24=[151] L30=[16] L31=[226] L34=[110] L37=[152] L39=[226]
ds4: [t=+65426.3ms] req seq=1929 L8 k=1 ids=[162] w=[0.1077] compute=1.94 ms ok
ds4: [t=+65433.1ms] req seq=1930 L9 k=1 ids=[9] w=[0.2287] compute=1.84 ms ok
ds4: [t=+65475.0ms] req seq=1931 L21 k=1 ids=[248] w=[0.1706] compute=1.98 ms ok
ds4: [t=+65512.5ms] req seq=1932 L33 k=1 ids=[81] w=[0.1162] compute=1.57 ms ok
ds4: [t=+65563.3ms] req seq=1933 L10 k=1 ids=[206] w=[0.2050] compute=1.96 ms ok
ds4: [t=+65563.5ms] tok#184 done: 5 layer-reqs, 5 experts, compute 9.29 ms (1.86 ms/layer), wall 152.45 ms, errors=0, evict-hints=5 | cache: resident=3337/3337 slabs=3 wired=22.00 GiB mlock-fail=0 B hits=1933 misses=0 swaps=1932
ds4: [t=+65563.5ms] tok#184 experts: L4=[4] L8=[162] L9=[9] L21=[248] L33=[81]
ds4: [t=+65570.4ms] req seq=1934 L12 k=1 ids=[46] w=[0.1870] compute=1.42 ms ok
ds4: [t=+65586.7ms] req seq=1935 L17 k=1 ids=[145] w=[0.2086] compute=1.61 ms ok
ds4: [t=+65593.4ms] req seq=1936 L18 k=1 ids=[184] w=[0.1639] compute=1.70 ms ok
ds4: [t=+65601.0ms] req seq=1937 L20 k=1 ids=[159] w=[0.3142] compute=1.57 ms ok
ds4: [t=+65607.7ms] req seq=1938 L22 k=2 ids=[73,178] w=[0.2075,0.1993] compute=1.49 ms ok
ds4: [t=+65624.6ms] req seq=1939 L29 k=1 ids=[32] w=[0.1985] compute=1.67 ms ok
ds4: [t=+65655.4ms] req seq=1940 L39 k=1 ids=[120] w=[0.1278] compute=1.65 ms ok
ds4: [t=+65673.5ms] req seq=1941 L3 k=1 ids=[123] w=[0.3447] compute=1.57 ms ok
ds4: [t=+65673.6ms] tok#185 done: 8 layer-reqs, 9 experts, compute 13.07 ms (1.63 ms/layer), wall 112.21 ms, errors=0, evict-hints=8 | cache: resident=3337/3337 slabs=3 wired=22.00 GiB mlock-fail=0 B hits=1941 misses=0 swaps=1940
ds4: [t=+65673.6ms] tok#185 experts: L10=[206] L12=[46] L17=[145] L18=[184] L20=[159] L22=[73,178] L29=[32] L39=[120]
ds4: [t=+65679.7ms] req seq=1942 L4 k=1 ids=[176] w=[0.0871] compute=1.73 ms ok
ds4: [t=+65688.6ms] req seq=1943 L7 k=1 ids=[201] w=[0.1650] compute=1.66 ms ok
ds4: [t=+65697.0ms] req seq=1944 L10 k=1 ids=[51] w=[0.2514] compute=1.88 ms ok
ds4: [t=+65703.4ms] req seq=1945 L11 k=1 ids=[59] w=[0.2486] compute=1.70 ms ok
ds4: [t=+65708.0ms] req seq=1946 L12 k=1 ids=[7] w=[0.1491] compute=1.72 ms ok
ds4: [t=+65727.3ms] req seq=1947 L20 k=1 ids=[185] w=[0.1375] compute=1.90 ms ok
ds4: [t=+65733.5ms] req seq=1948 L21 k=2 ids=[179,135] w=[0.2428,0.1205] compute=1.85 ms ok
ds4: [t=+65773.3ms] req seq=1949 L34 k=1 ids=[247] w=[0.1123] compute=1.90 ms ok
ds4: [t=+65791.8ms] req seq=1950 L39 k=1 ids=[40] w=[0.1309] compute=1.89 ms ok
ds4: [t=+65827.5ms] req seq=1951 L9 k=1 ids=[187] w=[0.3425] compute=1.52 ms ok
ds4: [t=+65827.6ms] tok#186 done: 10 layer-reqs, 11 experts, compute 17.80 ms (1.78 ms/layer), wall 155.67 ms, errors=0, evict-hints=10 | cache: resident=3337/3337 slabs=3 wired=22.00 GiB mlock-fail=0 B hits=1951 misses=0 swaps=1950
ds4: [t=+65827.7ms] tok#186 experts: L3=[123] L4=[176] L7=[201] L10=[51] L11=[59] L12=[7] L20=[185] L21=[179,135] L34=[247] L39=[40]
ds4: [t=+65833.2ms] req seq=1952 L10 k=1 ids=[17] w=[0.1143] compute=1.50 ms ok
ds4: [t=+65839.8ms] req seq=1953 L12 k=1 ids=[129] w=[0.1740] compute=1.43 ms ok
ds4: [t=+65846.0ms] req seq=1954 L14 k=1 ids=[175] w=[0.1649] compute=1.54 ms ok
ds4: [t=+65854.1ms] req seq=1955 L17 k=1 ids=[57] w=[0.1999] compute=1.43 ms ok
ds4: [t=+65860.1ms] req seq=1956 L19 k=1 ids=[11] w=[0.1652] compute=1.60 ms ok
ds4: [t=+65866.2ms] req seq=1957 L21 k=1 ids=[138] w=[0.1464] compute=1.54 ms ok
ds4: [t=+65887.2ms] req seq=1958 L29 k=1 ids=[158] w=[0.1142] compute=1.58 ms ok
ds4: [t=+65919.7ms] req seq=1959 L39 k=1 ids=[229] w=[0.2273] compute=1.65 ms ok
ds4: [t=+65927.2ms] req seq=1960 L42 k=1 ids=[18] w=[0.1074] compute=1.75 ms ok
ds4: [t=+65942.8ms] req seq=1961 L5 k=1 ids=[147] w=[0.1661] compute=1.73 ms ok
ds4: [t=+65942.9ms] tok#187 done: 10 layer-reqs, 10 experts, compute 15.53 ms (1.55 ms/layer), wall 116.90 ms, errors=0, evict-hints=10 | cache: resident=3337/3337 slabs=3 wired=22.00 GiB mlock-fail=0 B hits=1961 misses=0 swaps=1960
ds4: [t=+65943.0ms] tok#187 experts: L9=[187] L10=[17] L12=[129] L14=[175] L17=[57] L19=[11] L21=[138] L29=[158] L39=[229] L42=[18]
ds4: [t=+65956.9ms] req seq=1962 L11 k=1 ids=[178] w=[0.1672] compute=1.56 ms ok
ds4: [t=+65964.3ms] req seq=1963 L13 k=1 ids=[44] w=[0.1397] compute=1.73 ms ok
ds4: [t=+65972.3ms] req seq=1964 L15 k=1 ids=[86] w=[0.1520] compute=1.70 ms ok
ds4: [t=+65989.1ms] req seq=1965 L21 k=1 ids=[93] w=[0.1836] compute=1.78 ms ok
ds4: [t=+66003.2ms] req seq=1966 L25 k=1 ids=[82] w=[0.1737] compute=1.92 ms ok
ds4: [t=+66047.4ms] req seq=1967 L42 k=1 ids=[7] w=[0.0972] compute=2.04 ms ok
ds4: [t=+66070.2ms] req seq=1968 L7 k=1 ids=[121] w=[0.1215] compute=1.87 ms ok
ds4: [t=+66070.2ms] tok#188 done: 7 layer-reqs, 7 experts, compute 12.46 ms (1.78 ms/layer), wall 129.12 ms, errors=0, evict-hints=7 | cache: resident=3337/3337 slabs=3 wired=22.00 GiB mlock-fail=0 B hits=1968 misses=0 swaps=1967
ds4: [t=+66070.3ms] tok#188 experts: L5=[147] L11=[178] L13=[44] L15=[86] L21=[93] L25=[82] L42=[7]
ds4: [t=+66078.6ms] req seq=1969 L9 k=2 ids=[212,19] w=[0.1905,0.1603] compute=1.91 ms ok
ds4: [t=+66085.7ms] req seq=1970 L11 k=2 ids=[191,185] w=[0.3832,0.1992] compute=1.80 ms ok
ds4: [t=+66092.0ms] req seq=1971 L12 k=1 ids=[34] w=[0.1241] compute=1.76 ms ok
ds4: [t=+66097.9ms] req seq=1972 L13 k=2 ids=[95,225] w=[0.2904,0.2651] compute=1.76 ms ok
ds4: [t=+66105.8ms] req seq=1973 L15 k=1 ids=[130] w=[0.2614] compute=1.77 ms ok
ds4: [t=+66112.1ms] req seq=1974 L17 k=1 ids=[123] w=[0.2605] compute=1.83 ms ok
ds4: [t=+66117.5ms] req seq=1975 L18 k=2 ids=[85,53] w=[0.2732,0.2108] compute=1.80 ms ok
ds4: [t=+66124.1ms] req seq=1976 L20 k=3 ids=[167,103,147] w=[0.2125,0.2223,0.1862] compute=1.78 ms ok
ds4: [t=+66130.2ms] req seq=1977 L21 k=1 ids=[168] w=[0.1131] compute=1.81 ms ok
ds4: [t=+66184.5ms] req seq=1978 L36 k=1 ids=[50] w=[0.2174] compute=1.86 ms ok
ds4: [t=+66193.9ms] req seq=1979 L38 k=1 ids=[30] w=[0.1467] compute=1.89 ms ok
ds4: [t=+66229.3ms] req seq=1980 L7 k=1 ids=[92] w=[0.2684] compute=1.88 ms ok
ds4: [t=+66229.4ms] tok#189 done: 12 layer-reqs, 18 experts, compute 21.85 ms (1.82 ms/layer), wall 161.07 ms, errors=0, evict-hints=12 | cache: resident=3337/3337 slabs=3 wired=22.00 GiB mlock-fail=0 B hits=1980 misses=0 swaps=1979
ds4: [t=+66229.4ms] tok#189 experts: L7=[121] L9=[212,19] L11=[191,185] L12=[34] L13=[95,225] L15=[130] L17=[123] L18=[85,53] L20=[167,103,147] L21=[168] L36=[50] L38=[30]
ds4: [t=+66235.7ms] req seq=1981 L8 k=1 ids=[42] w=[0.2263] compute=1.83 ms ok
ds4: [t=+66241.7ms] req seq=1982 L9 k=1 ids=[167] w=[0.2713] compute=1.79 ms ok
ds4: [t=+66247.7ms] req seq=1983 L10 k=1 ids=[18] w=[0.1567] compute=1.76 ms ok
ds4: [t=+66257.8ms] req seq=1984 L13 k=2 ids=[201,225] w=[0.2938,0.2407] compute=1.75 ms ok
ds4: [t=+66266.8ms] req seq=1985 L15 k=1 ids=[94] w=[0.2715] compute=1.72 ms ok
ds4: [t=+66279.2ms] req seq=1986 L18 k=1 ids=[58] w=[0.2108] compute=1.88 ms ok
ds4: [t=+66285.4ms] req seq=1987 L19 k=2 ids=[229,98] w=[0.2836,0.1335] compute=1.83 ms ok
ds4: [t=+66293.2ms] req seq=1988 L20 k=1 ids=[230] w=[0.1179] compute=1.86 ms ok
ds4: [t=+66345.9ms] req seq=1989 L31 k=1 ids=[181] w=[0.1588] compute=2.12 ms ok
ds4: [t=+66353.2ms] req seq=1990 L32 k=1 ids=[6] w=[0.1338] compute=1.69 ms ok
ds4: [t=+66421.1ms] req seq=1991 L3 k=1 ids=[164] w=[0.1629] compute=2.12 ms ok
ds4: [t=+66421.2ms] tok#190 done: 11 layer-reqs, 13 experts, compute 20.11 ms (1.83 ms/layer), wall 193.79 ms, errors=0, evict-hints=11 | cache: resident=3337/3337 slabs=3 wired=22.00 GiB mlock-fail=0 B hits=1991 misses=0 swaps=1990
ds4: [t=+66421.3ms] tok#190 experts: L7=[92] L8=[42] L9=[167] L10=[18] L13=[201,225] L15=[94] L18=[58] L19=[229,98] L20=[230] L31=[181] L32=[6]
ds4: [t=+66428.5ms] req seq=1992 L4 k=1 ids=[80] w=[0.1542] compute=1.86 ms ok
ds4: [t=+66444.6ms] req seq=1993 L10 k=1 ids=[215] w=[0.2247] compute=1.85 ms ok
ds4: [t=+66455.4ms] req seq=1994 L15 k=1 ids=[238] w=[0.1376] compute=1.80 ms ok
ds4: [t=+66462.6ms] req seq=1995 L17 k=1 ids=[115] w=[0.1483] compute=1.84 ms ok
ds4: [t=+66468.8ms] req seq=1996 L18 k=1 ids=[198] w=[0.1525] compute=1.82 ms ok
ds4: [t=+66475.2ms] req seq=1997 L19 k=1 ids=[180] w=[0.2803] compute=1.80 ms ok
ds4: [t=+66481.6ms] req seq=1998 L21 k=1 ids=[201] w=[0.0955] compute=1.82 ms ok
ds4: [t=+66488.0ms] req seq=1999 L22 k=1 ids=[46] w=[0.1426] compute=1.80 ms ok
ds4: [t=+66504.2ms] req seq=2000 L29 k=1 ids=[208] w=[0.1045] compute=1.91 ms ok
ds4: [t=+66527.2ms] req seq=2001 L35 k=1 ids=[89] w=[0.0917] compute=1.90 ms ok
ds4: [t=+66575.5ms] req seq=2002 L3 k=1 ids=[148] w=[0.3581] compute=1.73 ms ok
ds4: [t=+66575.6ms] tok#191 done: 11 layer-reqs, 11 experts, compute 20.52 ms (1.87 ms/layer), wall 156.64 ms, errors=0, evict-hints=11 | cache: resident=3337/3337 slabs=3 wired=22.00 GiB mlock-fail=0 B hits=2002 misses=0 swaps=2001
ds4: [t=+66575.6ms] tok#191 experts: L3=[164] L4=[80] L10=[215] L15=[238] L17=[115] L18=[198] L19=[180] L21=[201] L22=[46] L29=[208] L35=[89]
ds4: [t=+66583.1ms] req seq=2003 L5 k=1 ids=[208] w=[0.1763] compute=1.46 ms ok
ds4: [t=+66588.9ms] req seq=2004 L7 k=1 ids=[187] w=[0.1411] compute=1.38 ms ok
ds4: [t=+66599.0ms] req seq=2005 L9 k=3 ids=[48,13,144] w=[0.1544,0.1390,0.1142] compute=1.57 ms ok
ds4: [t=+66605.0ms] req seq=2006 L10 k=1 ids=[99] w=[0.1329] compute=1.48 ms ok
ds4: [t=+66610.9ms] req seq=2007 L11 k=1 ids=[1] w=[0.1307] compute=1.53 ms ok
ds4: [t=+66615.4ms] req seq=2008 L12 k=1 ids=[104] w=[0.1060] compute=1.45 ms ok
ds4: [t=+66626.7ms] req seq=2009 L15 k=1 ids=[121] w=[0.2461] compute=1.63 ms ok
ds4: [t=+66634.7ms] req seq=2010 L17 k=2 ids=[198,76] w=[0.4096,0.1543] compute=1.51 ms ok
ds4: [t=+66642.9ms] req seq=2011 L19 k=2 ids=[131,246] w=[0.6805,0.2537] compute=1.57 ms ok
ds4: [t=+66649.7ms] req seq=2012 L20 k=1 ids=[252] w=[0.2146] compute=1.54 ms ok
ds4: [t=+66668.2ms] req seq=2013 L23 k=1 ids=[247] w=[0.1177] compute=1.62 ms ok
ds4: [t=+66689.5ms] req seq=2014 L28 k=1 ids=[88] w=[0.2260] compute=1.58 ms ok
ds4: [t=+66747.0ms] req seq=2015 L42 k=1 ids=[44] w=[0.2267] compute=1.95 ms ok
ds4: [t=+66779.7ms] req seq=2016 L6 k=1 ids=[89] w=[0.1438] compute=1.77 ms ok
ds4: [t=+66779.8ms] tok#192 done: 14 layer-reqs, 18 experts, compute 22.01 ms (1.57 ms/layer), wall 205.98 ms, errors=0, evict-hints=14 | cache: resident=3337/3337 slabs=3 wired=22.00 GiB mlock-fail=0 B hits=2016 misses=0 swaps=2015
ds4: [t=+66779.8ms] tok#192 experts: L3=[148] L5=[208] L7=[187] L9=[48,13,144] L10=[99] L11=[1] L12=[104] L15=[121] L17=[198,76] L19=[131,246] L20=[252] L23=[247] L28=[88] L42=[44]
ds4: [t=+66785.9ms] req seq=2017 L7 k=1 ids=[243] w=[0.1926] compute=1.74 ms ok
ds4: [t=+66792.2ms] req seq=2018 L8 k=1 ids=[45] w=[0.3099] compute=1.87 ms ok
ds4: [t=+66800.1ms] req seq=2019 L9 k=1 ids=[178] w=[0.1871] compute=1.83 ms ok
ds4: [t=+66807.8ms] req seq=2020 L10 k=1 ids=[211] w=[0.1015] compute=1.75 ms ok
ds4: [t=+66813.8ms] req seq=2021 L11 k=1 ids=[66] w=[0.3707] compute=1.86 ms ok
ds4: [t=+66820.9ms] req seq=2022 L12 k=2 ids=[59,164] w=[0.3596,0.1877] compute=1.82 ms ok
ds4: [t=+66839.7ms] req seq=2023 L15 k=1 ids=[133] w=[0.2228] compute=1.85 ms ok
ds4: [t=+66866.0ms] req seq=2024 L20 k=4 ids=[200,66,26,193] w=[0.3880,0.3549,0.1642,0.1616] compute=1.94 ms ok
ds4: [t=+66872.9ms] req seq=2025 L21 k=1 ids=[191] w=[0.1815] compute=1.80 ms ok
ds4: [t=+66879.9ms] req seq=2026 L22 k=2 ids=[249,65] w=[0.4788,0.2519] compute=1.80 ms ok
ds4: [t=+66890.4ms] req seq=2027 L24 k=2 ids=[244,61] w=[0.3739,0.1027] compute=1.82 ms ok
ds4: [t=+66897.6ms] req seq=2028 L25 k=1 ids=[8] w=[0.1456] compute=1.87 ms ok
ds4: [t=+66904.1ms] req seq=2029 L26 k=1 ids=[77] w=[0.2006] compute=1.79 ms ok
ds4: [t=+66922.4ms] req seq=2030 L30 k=1 ids=[123] w=[0.2086] compute=1.92 ms ok
ds4: [t=+66937.0ms] req seq=2031 L32 k=1 ids=[113] w=[0.1025] compute=1.90 ms ok
ds4: [t=+66947.3ms] req seq=2032 L34 k=1 ids=[133] w=[0.5466] compute=1.85 ms ok
ds4: [t=+66953.8ms] req seq=2033 L35 k=1 ids=[57] w=[0.1600] compute=1.82 ms ok
ds4: [t=+66967.9ms] req seq=2034 L37 k=1 ids=[108] w=[0.3435] compute=1.86 ms ok
ds4: [t=+66987.7ms] req seq=2035 L40 k=1 ids=[156] w=[0.1317] compute=1.90 ms ok
ds4: [t=+67000.6ms] req seq=2036 L42 k=1 ids=[84] w=[0.4112] compute=1.88 ms ok
ds4: [t=+67023.3ms] req seq=2037 L3 k=2 ids=[15,109] w=[0.1622,0.1192] compute=1.92 ms ok
ds4: [t=+67023.4ms] tok#193 done: 21 layer-reqs, 27 experts, compute 38.63 ms (1.84 ms/layer), wall 245.47 ms, errors=0, evict-hints=21 | cache: resident=3337/3337 slabs=3 wired=22.00 GiB mlock-fail=0 B hits=2037 misses=0 swaps=2036
ds4: [t=+67023.5ms] tok#193 experts: L6=[89] L7=[243] L8=[45] L9=[178] L10=[211] L11=[66] L12=[59,164] L15=[133] L20=[200,66,26,193] L21=[191] L22=[249,65] L24=[244,61] L25=[8] L26=[77] L30=[123] L32=[113] L34=[133] L35=[57] L37=[108] L40=[156] L42=[84]
ds4: [t=+67039.4ms] req seq=2038 L6 k=1 ids=[234] w=[0.2778] compute=1.89 ms ok
ds4: [t=+67048.8ms] req seq=2039 L9 k=1 ids=[94] w=[0.1017] compute=1.81 ms ok
ds4: [t=+67055.1ms] req seq=2040 L10 k=1 ids=[83] w=[0.0914] compute=1.76 ms ok
ds4: [t=+67061.9ms] req seq=2041 L12 k=2 ids=[26,164] w=[0.2326,0.1889] compute=1.83 ms ok
ds4: [t=+67068.2ms] req seq=2042 L13 k=1 ids=[156] w=[0.2096] compute=1.82 ms ok
ds4: [t=+67074.5ms] req seq=2043 L14 k=1 ids=[198] w=[0.2011] compute=1.79 ms ok
ds4: [t=+67088.7ms] req seq=2044 L19 k=1 ids=[207] w=[0.1252] compute=1.87 ms ok
ds4: [t=+67097.7ms] req seq=2045 L21 k=2 ids=[7,211] w=[0.2129,0.1691] compute=1.86 ms ok
ds4: [t=+67146.2ms] req seq=2046 L35 k=1 ids=[207] w=[0.2080] compute=2.09 ms ok
ds4: [t=+67180.3ms] req seq=2047 L3 k=2 ids=[109,253] w=[0.2020,0.1015] compute=1.87 ms ok
ds4: [t=+67180.4ms] tok#194 done: 10 layer-reqs, 13 experts, compute 18.64 ms (1.86 ms/layer), wall 159.01 ms, errors=0, evict-hints=10 | cache: resident=3337/3337 slabs=3 wired=22.00 GiB mlock-fail=0 B hits=2047 misses=0 swaps=2046
ds4: [t=+67180.4ms] tok#194 experts: L3=[15,109] L6=[234] L9=[94] L10=[83] L12=[26,164] L13=[156] L14=[198] L19=[207] L21=[7,211] L35=[207]
ds4: [t=+67186.8ms] req seq=2048 L4 k=1 ids=[15] w=[0.3110] compute=1.85 ms ok
ds4: [t=+67198.2ms] req seq=2049 L7 k=3 ids=[196,185,137] w=[0.4826,0.1505,0.1267] compute=1.87 ms ok
ds4: [t=+67205.3ms] req seq=2050 L9 k=1 ids=[246] w=[0.1594] compute=1.80 ms ok
ds4: [t=+67210.5ms] req seq=2051 L10 k=3 ids=[31,239,191] w=[0.2316,0.1041,0.1027] compute=1.84 ms ok
ds4: [t=+67231.7ms] req seq=2052 L19 k=2 ids=[40,17] w=[0.3358,0.3303] compute=1.93 ms ok
ds4: [t=+67238.4ms] req seq=2053 L21 k=2 ids=[211,47] w=[0.3010,0.1697] compute=1.83 ms ok
ds4: [t=+67248.4ms] req seq=2054 L24 k=1 ids=[112] w=[0.1417] compute=1.82 ms ok
ds4: [t=+67311.8ms] req seq=2055 L3 k=1 ids=[253] w=[0.1608] compute=2.02 ms ok
ds4: [t=+67311.9ms] tok#195 done: 8 layer-reqs, 15 experts, compute 14.83 ms (1.85 ms/layer), wall 133.52 ms, errors=0, evict-hints=8 | cache: resident=3337/3337 slabs=3 wired=22.00 GiB mlock-fail=0 B hits=2055 misses=0 swaps=2054
ds4: [t=+67312.0ms] tok#195 experts: L3=[109,253] L4=[15] L7=[196,185,137] L9=[246] L10=[31,239,191] L19=[40,17] L21=[211,47] L24=[112]
ds4: [t=+67398.2ms] req seq=2056 L4 k=1 ids=[26] w=[0.1327] compute=2.08 ms ok
ds4: [t=+67425.2ms] req seq=2057 L17 k=1 ids=[113] w=[0.1436] compute=1.73 ms ok
ds4: [t=+67434.9ms] req seq=2058 L21 k=1 ids=[11] w=[0.1700] compute=1.48 ms ok
ds4: [t=+67440.7ms] req seq=2059 L23 k=1 ids=[71] w=[0.1498] compute=1.44 ms ok
ds4: [t=+67446.6ms] req seq=2060 L24 k=1 ids=[56] w=[0.1427] compute=1.46 ms ok
ds4: [t=+67474.6ms] req seq=2061 L34 k=1 ids=[179] w=[0.1262] compute=1.48 ms ok
ds4: [t=+67491.4ms] req seq=2062 L41 k=1 ids=[244] w=[0.0905] compute=1.54 ms ok
ds4: [t=+67497.7ms] req seq=2063 L42 k=1 ids=[137] w=[0.2104] compute=1.59 ms ok
ds4: [t=+67513.4ms] req seq=2064 L5 k=1 ids=[204] w=[0.1739] compute=1.59 ms ok
ds4: [t=+67513.5ms] tok#196 done: 9 layer-reqs, 9 experts, compute 14.81 ms (1.65 ms/layer), wall 203.62 ms, errors=0, evict-hints=9 | cache: resident=3337/3337 slabs=3 wired=22.00 GiB mlock-fail=0 B hits=2064 misses=0 swaps=2063
ds4: [t=+67513.5ms] tok#196 experts: L3=[253] L4=[26] L17=[113] L21=[11] L23=[71] L24=[56] L34=[179] L41=[244] L42=[137]
ds4: [t=+67529.7ms] req seq=2065 L12 k=1 ids=[92] w=[0.3207] compute=1.75 ms ok
ds4: [t=+67535.6ms] req seq=2066 L13 k=1 ids=[174] w=[0.2669] compute=1.52 ms ok
ds4: [t=+67541.1ms] req seq=2067 L14 k=1 ids=[200] w=[0.1791] compute=1.52 ms ok
ds4: [t=+67547.6ms] req seq=2068 L15 k=1 ids=[60] w=[0.1625] compute=1.78 ms ok
ds4: [t=+67555.6ms] req seq=2069 L18 k=1 ids=[239] w=[0.2548] compute=1.53 ms ok
ds4: [t=+67562.0ms] req seq=2070 L19 k=1 ids=[113] w=[0.0954] compute=1.62 ms ok
ds4: [t=+67647.0ms] req seq=2071 L7 k=1 ids=[15] w=[0.1466] compute=2.08 ms ok
ds4: [t=+67647.1ms] tok#197 done: 7 layer-reqs, 7 experts, compute 11.32 ms (1.62 ms/layer), wall 135.34 ms, errors=0, evict-hints=7 | cache: resident=3337/3337 slabs=3 wired=22.00 GiB mlock-fail=0 B hits=2071 misses=0 swaps=2070
ds4: [t=+67647.2ms] tok#197 experts: L5=[204] L12=[92] L13=[174] L14=[200] L15=[60] L18=[239] L19=[113]
ds4: [t=+67657.8ms] req seq=2072 L10 k=1 ids=[56] w=[0.1001] compute=1.72 ms ok
ds4: [t=+67665.4ms] req seq=2073 L13 k=1 ids=[106] w=[0.1110] compute=1.83 ms ok
ds4: [t=+67672.7ms] req seq=2074 L15 k=1 ids=[212] w=[0.2622] compute=1.80 ms ok
ds4: [t=+67678.6ms] req seq=2075 L16 k=1 ids=[131] w=[0.3021] compute=1.86 ms ok
ds4: [t=+67684.7ms] req seq=2076 L17 k=1 ids=[221] w=[0.2939] compute=1.84 ms ok
ds4: [t=+67691.2ms] req seq=2077 L19 k=1 ids=[148] w=[0.1277] compute=1.82 ms ok
ds4: [t=+67699.3ms] req seq=2078 L22 k=1 ids=[26] w=[0.1309] compute=1.87 ms ok
ds4: [t=+67727.2ms] req seq=2079 L33 k=1 ids=[120] w=[0.1140] compute=1.85 ms ok
ds4: [t=+67742.4ms] req seq=2080 L39 k=1 ids=[59] w=[0.2015] compute=1.82 ms ok
ds4: [t=+67772.0ms] req seq=2081 L7 k=1 ids=[253] w=[0.1804] compute=1.88 ms ok
ds4: [t=+67772.1ms] tok#198 done: 10 layer-reqs, 10 experts, compute 18.48 ms (1.85 ms/layer), wall 127.19 ms, errors=0, evict-hints=10 | cache: resident=3337/3337 slabs=3 wired=22.00 GiB mlock-fail=0 B hits=2081 misses=0 swaps=2080
ds4: [t=+67772.2ms] tok#198 experts: L7=[15] L10=[56] L13=[106] L15=[212] L16=[131] L17=[221] L19=[148] L22=[26] L33=[120] L39=[59]
ds4: [t=+67778.3ms] req seq=2082 L8 k=1 ids=[208] w=[0.0944] compute=1.86 ms ok
ds4: [t=+67784.3ms] req seq=2083 L10 k=1 ids=[214] w=[0.3215] compute=1.77 ms ok
ds4: [t=+67790.8ms] req seq=2084 L11 k=1 ids=[89] w=[0.1869] compute=1.82 ms ok
ds4: [t=+67812.2ms] req seq=2085 L20 k=1 ids=[180] w=[0.1041] compute=1.90 ms ok
ds4: [t=+67821.2ms] req seq=2086 L23 k=1 ids=[164] w=[0.1858] compute=1.79 ms ok
ds4: [t=+67882.6ms] req seq=2087 L9 k=3 ids=[228,13,105] w=[0.2022,0.1499,0.1415] compute=2.12 ms ok
ds4: [t=+67882.7ms] tok#199 done: 6 layer-reqs, 6 experts, compute 11.02 ms (1.84 ms/layer), wall 112.54 ms, errors=0, evict-hints=6 | cache: resident=3337/3337 slabs=3 wired=22.00 GiB mlock-fail=0 B hits=2087 misses=0 swaps=2086
ds4: [t=+67882.8ms] tok#199 experts: L7=[253] L8=[208] L10=[214] L11=[89] L20=[180] L23=[164]
ds4: [t=+67890.8ms] req seq=2088 L11 k=1 ids=[6] w=[0.3694] compute=1.82 ms ok
ds4: [t=+67897.1ms] req seq=2089 L12 k=2 ids=[35,220] w=[0.1931,0.1459] compute=1.90 ms ok
ds4: [t=+67910.1ms] req seq=2090 L18 k=1 ids=[73] w=[0.1044] compute=1.89 ms ok
ds4: [t=+67915.6ms] req seq=2091 L19 k=1 ids=[246] w=[0.2850] compute=1.80 ms ok
ds4: [t=+67921.2ms] req seq=2092 L20 k=1 ids=[157] w=[0.1432] compute=1.84 ms ok
ds4: [t=+67974.0ms] req seq=2093 L3 k=1 ids=[185] w=[0.1437] compute=1.93 ms ok
ds4: [t=+67974.1ms] tok#200 done: 6 layer-reqs, 9 experts, compute 11.39 ms (1.90 ms/layer), wall 93.58 ms, errors=0, evict-hints=6 | cache: resident=3337/3337 slabs=3 wired=22.00 GiB mlock-fail=0 B hits=2093 misses=0 swaps=2092
ds4: [t=+67974.1ms] tok#200 experts: L9=[228,13,105] L11=[6] L12=[35,220] L18=[73] L19=[246] L20=[157]
ds4: [t=+67979.9ms] req seq=2094 L4 k=2 ids=[45,14] w=[0.3813,0.1323] compute=1.86 ms ok
ds4: [t=+67986.6ms] req seq=2095 L5 k=1 ids=[38] w=[0.3223] compute=1.75 ms ok
ds4: [t=+68004.9ms] req seq=2096 L11 k=1 ids=[117] w=[0.2955] compute=1.86 ms ok
ds4: [t=+68011.5ms] req seq=2097 L12 k=1 ids=[39] w=[0.1460] compute=1.87 ms ok
ds4: [t=+68019.6ms] req seq=2098 L14 k=2 ids=[236,80] w=[0.1634,0.1550] compute=1.87 ms ok
ds4: [t=+68026.6ms] req seq=2099 L16 k=1 ids=[154] w=[0.1886] compute=1.87 ms ok
ds4: [t=+68036.9ms] req seq=2100 L18 k=1 ids=[97] w=[0.4468] compute=1.86 ms ok
ds4: [t=+68050.9ms] req seq=2101 L21 k=1 ids=[16] w=[0.1549] compute=1.84 ms ok
ds4: [t=+68057.7ms] req seq=2102 L22 k=4 ids=[253,165,193,181] w=[0.6590,0.1810,0.1605,0.1402] compute=1.88 ms ok
ds4: [t=+68064.7ms] req seq=2103 L23 k=1 ids=[144] w=[0.1424] compute=1.85 ms ok
ds4: [t=+68158.5ms] req seq=2104 L39 k=1 ids=[84] w=[0.2625] compute=1.90 ms ok
ds4: [t=+68189.2ms] req seq=2105 L1 k=1 ids=[45] w=[0.4469] compute=1.58 ms ok
ds4: [t=+68189.3ms] tok#201 done: 12 layer-reqs, 17 experts, compute 22.34 ms (1.86 ms/layer), wall 217.18 ms, errors=0, evict-hints=12 | cache: resident=3337/3337 slabs=3 wired=22.00 GiB mlock-fail=0 B hits=2105 misses=0 swaps=2104
ds4: [t=+68189.3ms] tok#201 experts: L3=[185] L4=[45,14] L5=[38] L11=[117] L12=[39] L14=[236,80] L16=[154] L18=[97] L21=[16] L22=[253,165,193,181] L23=[144] L39=[84]
ds4: [t=+68204.7ms] req seq=2106 L7 k=1 ids=[136] w=[0.2882] compute=1.52 ms ok
ds4: [t=+68216.9ms] req seq=2107 L12 k=1 ids=[164] w=[0.4796] compute=1.59 ms ok
ds4: [t=+68225.0ms] req seq=2108 L15 k=1 ids=[36] w=[0.1461] compute=1.49 ms ok
ds4: [t=+68238.0ms] req seq=2109 L21 k=1 ids=[136] w=[0.1379] compute=1.55 ms ok
ds4: [t=+68249.2ms] req seq=2110 L24 k=1 ids=[154] w=[0.1766] compute=1.60 ms ok
ds4: [t=+68254.9ms] req seq=2111 L25 k=1 ids=[141] w=[0.1648] compute=1.51 ms ok
ds4: [t=+68297.0ms] req seq=2112 L42 k=1 ids=[219] w=[0.1783] compute=1.96 ms ok
ds4: [t=+68311.3ms] req seq=2113 L4 k=1 ids=[165] w=[0.1245] compute=1.76 ms ok
ds4: [t=+68311.4ms] tok#202 done: 8 layer-reqs, 8 experts, compute 12.80 ms (1.60 ms/layer), wall 123.79 ms, errors=0, evict-hints=8 | cache: resident=3337/3337 slabs=3 wired=22.00 GiB mlock-fail=0 B hits=2113 misses=0 swaps=2112
ds4: [t=+68311.4ms] tok#202 experts: L1=[45] L7=[136] L12=[164] L15=[36] L21=[136] L24=[154] L25=[141] L42=[219]
ds4: [t=+68319.4ms] req seq=2114 L7 k=1 ids=[185] w=[0.1942] compute=1.66 ms ok
ds4: [t=+68327.1ms] req seq=2115 L10 k=1 ids=[106] w=[0.0949] compute=1.80 ms ok
ds4: [t=+68349.4ms] req seq=2116 L21 k=1 ids=[47] w=[0.2362] compute=1.91 ms ok
ds4: [t=+68374.7ms] req seq=2117 L34 k=1 ids=[94] w=[0.1553] compute=1.92 ms ok
ds4: [t=+68423.0ms] req seq=2118 L13 k=2 ids=[217,94] w=[0.2505,0.1257] compute=2.06 ms ok
ds4: [t=+68423.1ms] tok#203 done: 5 layer-reqs, 5 experts, compute 9.04 ms (1.81 ms/layer), wall 113.51 ms, errors=0, evict-hints=5 | cache: resident=3337/3337 slabs=3 wired=22.00 GiB mlock-fail=0 B hits=2118 misses=0 swaps=2117
ds4: [t=+68423.1ms] tok#203 experts: L4=[165] L7=[185] L10=[106] L21=[47] L34=[94]
ds4: [t=+68435.6ms] req seq=2119 L18 k=2 ids=[6,12] w=[0.4004,0.1239] compute=1.91 ms ok
ds4: [t=+68441.8ms] req seq=2120 L19 k=1 ids=[91] w=[0.3435] compute=1.82 ms ok
ds4: [t=+68448.4ms] req seq=2121 L20 k=3 ids=[73,8,48] w=[0.3952,0.2311,0.1412] compute=1.84 ms ok
ds4: [t=+68454.6ms] req seq=2122 L21 k=2 ids=[249,34] w=[0.1774,0.1577] compute=1.84 ms ok
ds4: [t=+68460.5ms] req seq=2123 L22 k=1 ids=[107] w=[0.2756] compute=1.83 ms ok
ds4: [t=+68466.4ms] req seq=2124 L23 k=1 ids=[159] w=[0.1084] compute=1.81 ms ok
ds4: [t=+68497.1ms] req seq=2125 L33 k=1 ids=[152] w=[0.3448] compute=1.88 ms ok
ds4: [t=+68513.0ms] req seq=2126 L37 k=1 ids=[159] w=[0.0862] compute=1.89 ms ok
ds4: [t=+68528.3ms] req seq=2127 L41 k=1 ids=[63] w=[0.6494] compute=1.88 ms ok
ds4: [t=+68534.8ms] req seq=2128 L42 k=2 ids=[209,172] w=[0.2407,0.1514] compute=1.85 ms ok
ds4: [t=+68553.1ms] req seq=2129 L3 k=1 ids=[247] w=[0.1612] compute=1.87 ms ok
ds4: [t=+68553.2ms] tok#204 done: 11 layer-reqs, 17 experts, compute 20.61 ms (1.87 ms/layer), wall 132.30 ms, errors=0, evict-hints=11 | cache: resident=3337/3337 slabs=3 wired=22.00 GiB mlock-fail=0 B hits=2129 misses=0 swaps=2128
ds4: [t=+68553.3ms] tok#204 experts: L13=[217,94] L18=[6,12] L19=[91] L20=[73,8,48] L21=[249,34] L22=[107] L23=[159] L33=[152] L37=[159] L41=[63] L42=[209,172]
ds4: [t=+68559.6ms] req seq=2130 L4 k=1 ids=[189] w=[0.4558] compute=1.90 ms ok
ds4: [t=+68566.2ms] req seq=2131 L5 k=1 ids=[18] w=[0.2381] compute=1.76 ms ok
ds4: [t=+68572.5ms] req seq=2132 L6 k=1 ids=[253] w=[0.2246] compute=1.74 ms ok
ds4: [t=+68582.2ms] req seq=2133 L8 k=1 ids=[9] w=[0.1897] compute=1.82 ms ok
ds4: [t=+68601.8ms] req seq=2134 L11 k=1 ids=[5] w=[0.1858] compute=1.87 ms ok
ds4: [t=+68626.5ms] req seq=2135 L14 k=1 ids=[42] w=[0.2388] compute=1.90 ms ok
ds4: [t=+68635.1ms] req seq=2136 L15 k=2 ids=[45,14] w=[0.2380,0.2395] compute=1.84 ms ok
ds4: [t=+68651.0ms] req seq=2137 L17 k=1 ids=[202] w=[0.2058] compute=1.89 ms ok
ds4: [t=+68664.8ms] req seq=2138 L18 k=2 ids=[232,40] w=[0.3488,0.1945] compute=1.87 ms ok
ds4: [t=+68674.6ms] req seq=2139 L19 k=1 ids=[28] w=[0.3435] compute=1.84 ms ok
ds4: [t=+68686.3ms] req seq=2140 L20 k=2 ids=[8,7] w=[0.2198,0.2074] compute=1.92 ms ok
ds4: [t=+68694.2ms] req seq=2141 L21 k=1 ids=[34] w=[0.3652] compute=1.85 ms ok
ds4: [t=+68710.7ms] req seq=2142 L22 k=1 ids=[64] w=[0.1850] compute=1.85 ms ok
ds4: [t=+68751.7ms] req seq=2143 L31 k=1 ids=[234] w=[0.2491] compute=1.88 ms ok
ds4: [t=+68786.7ms] req seq=2144 L39 k=1 ids=[87] w=[0.1994] compute=1.88 ms ok
ds4: [t=+68799.5ms] req seq=2145 L41 k=1 ids=[138] w=[0.1037] compute=1.87 ms ok
ds4: [t=+68808.1ms] req seq=2146 L42 k=1 ids=[172] w=[0.0928] compute=1.81 ms ok
ds4: [t=+68834.0ms] req seq=2147 L3 k=2 ids=[13,45] w=[0.4014,0.1889] compute=1.89 ms ok
ds4: [t=+68834.1ms] tok#205 done: 18 layer-reqs, 21 experts, compute 33.37 ms (1.85 ms/layer), wall 282.87 ms, errors=0, evict-hints=18 | cache: resident=3337/3337 slabs=3 wired=22.00 GiB mlock-fail=0 B hits=2147 misses=0 swaps=2146
ds4: [t=+68834.2ms] tok#205 experts: L3=[247] L4=[189] L5=[18] L6=[253] L8=[9] L11=[5] L14=[42] L15=[45,14] L17=[202] L18=[232,40] L19=[28] L20=[8,7] L21=[34] L22=[64] L31=[234] L39=[87] L41=[138] L42=[172]
ds4: [t=+68843.9ms] req seq=2148 L5 k=1 ids=[96] w=[0.1923] compute=1.86 ms ok
ds4: [t=+68854.3ms] req seq=2149 L7 k=1 ids=[138] w=[0.1511] compute=1.80 ms ok
ds4: [t=+68864.0ms] req seq=2150 L9 k=1 ids=[32] w=[0.1997] compute=1.83 ms ok
ds4: [t=+68880.6ms] req seq=2151 L12 k=1 ids=[177] w=[0.1512] compute=1.93 ms ok
ds4: [t=+68891.0ms] req seq=2152 L14 k=1 ids=[131] w=[0.1305] compute=1.84 ms ok
ds4: [t=+68897.5ms] req seq=2153 L15 k=1 ids=[69] w=[0.1932] compute=1.81 ms ok
ds4: [t=+68911.8ms] req seq=2154 L17 k=1 ids=[170] w=[0.3792] compute=1.87 ms ok
ds4: [t=+68925.5ms] req seq=2155 L18 k=1 ids=[110] w=[0.1887] compute=1.84 ms ok
ds4: [t=+68937.3ms] req seq=2156 L19 k=2 ids=[226,68] w=[0.1509,0.1165] compute=1.84 ms ok
ds4: [t=+68945.1ms] req seq=2157 L20 k=2 ids=[229,48] w=[0.2340,0.1825] compute=1.86 ms ok
ds4: [t=+68952.2ms] req seq=2158 L21 k=1 ids=[208] w=[0.3096] compute=1.79 ms ok
ds4: [t=+68980.3ms] req seq=2159 L24 k=1 ids=[155] w=[0.2124] compute=1.88 ms ok
ds4: [t=+69044.8ms] req seq=2160 L42 k=1 ids=[203] w=[0.3357] compute=2.01 ms ok
ds4: [t=+69066.9ms] req seq=2161 L5 k=1 ids=[42] w=[0.2414] compute=1.88 ms ok
ds4: [t=+69067.0ms] tok#206 done: 14 layer-reqs, 17 experts, compute 26.04 ms (1.86 ms/layer), wall 234.84 ms, errors=0, evict-hints=14 | cache: resident=3337/3337 slabs=3 wired=22.00 GiB mlock-fail=0 B hits=2161 misses=0 swaps=2160
ds4: [t=+69067.1ms] tok#206 experts: L3=[13,45] L5=[96] L7=[138] L9=[32] L12=[177] L14=[131] L15=[69] L17=[170] L18=[110] L19=[226,68] L20=[229,48] L21=[208] L24=[155] L42=[203]
ds4: [t=+69082.0ms] req seq=2162 L11 k=1 ids=[207] w=[0.1005] compute=1.85 ms ok
ds4: [t=+69089.7ms] req seq=2163 L13 k=2 ids=[94,36] w=[0.0921,0.0791] compute=1.81 ms ok
ds4: [t=+69097.6ms] req seq=2164 L15 k=1 ids=[122] w=[0.1681] compute=1.83 ms ok
ds4: [t=+69105.7ms] req seq=2165 L17 k=1 ids=[223] w=[0.1861] compute=1.81 ms ok
ds4: [t=+69113.2ms] req seq=2166 L19 k=1 ids=[13] w=[0.1682] compute=1.81 ms ok
ds4: [t=+69121.5ms] req seq=2167 L21 k=1 ids=[15] w=[0.1079] compute=1.78 ms ok
ds4: [t=+69184.5ms] req seq=2168 L3 k=1 ids=[45] w=[0.1484] compute=2.03 ms ok
ds4: [t=+69184.6ms] tok#207 done: 7 layer-reqs, 8 experts, compute 12.76 ms (1.82 ms/layer), wall 119.51 ms, errors=0, evict-hints=7 | cache: resident=3337/3337 slabs=3 wired=22.00 GiB mlock-fail=0 B hits=2168 misses=0 swaps=2167
ds4: [t=+69184.6ms] tok#207 experts: L5=[42] L11=[207] L13=[94,36] L15=[122] L17=[223] L19=[13] L21=[15]
ds4: [t=+69208.7ms] req seq=2169 L12 k=1 ids=[68] w=[0.1454] compute=1.58 ms ok
ds4: [t=+69222.0ms] req seq=2170 L17 k=1 ids=[51] w=[0.1897] compute=1.45 ms ok
ds4: [t=+69230.3ms] req seq=2171 L19 k=1 ids=[44] w=[0.1804] compute=1.50 ms ok
ds4: [t=+69236.4ms] req seq=2172 L20 k=1 ids=[182] w=[0.2166] compute=1.43 ms ok
ds4: [t=+69244.6ms] req seq=2173 L22 k=2 ids=[92,2] w=[0.2398,0.2115] compute=1.57 ms ok
ds4: [t=+69250.5ms] req seq=2174 L23 k=1 ids=[244] w=[0.1566] compute=1.45 ms ok
ds4: [t=+69276.7ms] req seq=2175 L32 k=1 ids=[162] w=[0.1414] compute=1.63 ms ok
ds4: [t=+69300.6ms] req seq=2176 L39 k=1 ids=[115] w=[0.3293] compute=1.61 ms ok
ds4: [t=+69330.4ms] req seq=2177 L6 k=1 ids=[120] w=[0.1539] compute=1.63 ms ok
ds4: [t=+69330.5ms] tok#208 done: 9 layer-reqs, 10 experts, compute 14.25 ms (1.58 ms/layer), wall 148.06 ms, errors=0, evict-hints=9 | cache: resident=3337/3337 slabs=3 wired=22.00 GiB mlock-fail=0 B hits=2177 misses=0 swaps=2176
ds4: [t=+69330.6ms] tok#208 experts: L3=[45] L12=[68] L17=[51] L19=[44] L20=[182] L22=[92,2] L23=[244] L32=[162] L39=[115]
ds4: [t=+69342.4ms] req seq=2178 L10 k=1 ids=[239] w=[0.1281] compute=1.82 ms ok
ds4: [t=+69353.4ms] req seq=2179 L14 k=1 ids=[86] w=[0.1722] compute=1.53 ms ok
ds4: [t=+69369.3ms] req seq=2180 L19 k=1 ids=[17] w=[0.3447] compute=1.75 ms ok
ds4: [t=+69434.7ms] req seq=2181 L4 k=1 ids=[151] w=[0.1308] compute=1.81 ms ok
ds4: [t=+69434.9ms] tok#209 done: 4 layer-reqs, 4 experts, compute 6.73 ms (1.68 ms/layer), wall 106.04 ms, errors=0, evict-hints=4 | cache: resident=3337/3337 slabs=3 wired=22.00 GiB mlock-fail=0 B hits=2181 misses=0 swaps=2180
ds4: [t=+69434.9ms] tok#209 experts: L6=[120] L10=[239] L14=[86] L19=[17]
ds4: [t=+69457.0ms] req seq=2182 L14 k=1 ids=[208] w=[0.1501] compute=1.76 ms ok
ds4: [t=+69463.4ms] req seq=2183 L15 k=1 ids=[17] w=[0.1624] compute=1.84 ms ok
ds4: [t=+69469.5ms] req seq=2184 L17 k=2 ids=[124,165] w=[0.2101,0.1779] compute=1.72 ms ok
ds4: [t=+69478.9ms] req seq=2185 L21 k=1 ids=[57] w=[0.1624] compute=1.87 ms ok
ds4: [t=+69485.1ms] req seq=2186 L22 k=1 ids=[60] w=[0.1475] compute=1.81 ms ok
ds4: [t=+69551.2ms] req seq=2187 L10 k=2 ids=[93,154] w=[0.1124,0.1035] compute=2.10 ms ok
ds4: [t=+69551.3ms] tok#210 done: 6 layer-reqs, 7 experts, compute 10.81 ms (1.80 ms/layer), wall 118.33 ms, errors=0, evict-hints=6 | cache: resident=3337/3337 slabs=3 wired=22.00 GiB mlock-fail=0 B hits=2187 misses=0 swaps=2186
ds4: [t=+69551.3ms] tok#210 experts: L4=[151] L14=[208] L15=[17] L17=[124,165] L21=[57] L22=[60]
ds4: [t=+69560.4ms] req seq=2188 L13 k=1 ids=[176] w=[0.1551] compute=1.91 ms ok
ds4: [t=+69566.9ms] req seq=2189 L15 k=1 ids=[126] w=[0.1894] compute=1.79 ms ok
ds4: [t=+69573.2ms] req seq=2190 L17 k=1 ids=[165] w=[0.2949] compute=1.81 ms ok
ds4: [t=+69579.7ms] req seq=2191 L18 k=1 ids=[88] w=[0.2344] compute=1.92 ms ok
ds4: [t=+69588.5ms] req seq=2192 L22 k=2 ids=[91,80] w=[0.2496,0.1468] compute=1.79 ms ok
ds4: [t=+69648.1ms] req seq=2193 L10 k=1 ids=[154] w=[0.1779] compute=2.10 ms ok
ds4: [t=+69648.2ms] tok#211 done: 6 layer-reqs, 8 experts, compute 11.32 ms (1.89 ms/layer), wall 99.11 ms, errors=0, evict-hints=6 | cache: resident=3337/3337 slabs=3 wired=22.00 GiB mlock-fail=0 B hits=2193 misses=0 swaps=2192
ds4: [t=+69648.3ms] tok#211 experts: L10=[93,154] L13=[176] L15=[126] L17=[165] L18=[88] L22=[91,80]
ds4: [t=+69659.7ms] req seq=2194 L14 k=1 ids=[21] w=[0.1264] compute=1.87 ms ok
ds4: [t=+69666.0ms] req seq=2195 L15 k=1 ids=[137] w=[0.1577] compute=1.85 ms ok
ds4: [t=+69673.2ms] req seq=2196 L18 k=1 ids=[174] w=[0.1893] compute=1.77 ms ok
ds4: [t=+69682.4ms] req seq=2197 L21 k=1 ids=[25] w=[0.1585] compute=1.86 ms ok
ds4: [t=+69688.6ms] req seq=2198 L22 k=1 ids=[80] w=[0.3217] compute=1.83 ms ok
ds4: [t=+69703.5ms] req seq=2199 L29 k=1 ids=[11] w=[0.1496] compute=1.88 ms ok
ds4: [t=+69749.3ms] req seq=2200 L6 k=1 ids=[139] w=[0.2102] compute=1.92 ms ok
ds4: [t=+69749.4ms] tok#212 done: 7 layer-reqs, 7 experts, compute 13.14 ms (1.88 ms/layer), wall 103.43 ms, errors=0, evict-hints=7 | cache: resident=3337/3337 slabs=3 wired=22.00 GiB mlock-fail=0 B hits=2200 misses=0 swaps=2199
ds4: [t=+69749.5ms] tok#212 experts: L10=[154] L14=[21] L15=[137] L18=[174] L21=[25] L22=[80] L29=[11]
ds4: [t=+69755.8ms] req seq=2201 L7 k=1 ids=[204] w=[0.1827] compute=1.84 ms ok
ds4: [t=+69774.1ms] req seq=2202 L14 k=1 ids=[82] w=[0.1684] compute=1.86 ms ok
ds4: [t=+69786.4ms] req seq=2203 L19 k=1 ids=[5] w=[0.1538] compute=1.92 ms ok
ds4: [t=+69795.0ms] req seq=2204 L22 k=1 ids=[193] w=[0.1866] compute=1.84 ms ok
ds4: [t=+69801.8ms] req seq=2205 L24 k=1 ids=[107] w=[0.1064] compute=1.83 ms ok
ds4: [t=+69834.7ms] req seq=2206 L38 k=1 ids=[21] w=[0.1760] compute=1.91 ms ok
ds4: [t=+69877.6ms] req seq=2207 L17 k=1 ids=[6] w=[0.1164] compute=1.95 ms ok
ds4: [t=+69877.7ms] tok#213 done: 7 layer-reqs, 7 experts, compute 13.11 ms (1.87 ms/layer), wall 130.28 ms, errors=0, evict-hints=7 | cache: resident=3337/3337 slabs=3 wired=22.00 GiB mlock-fail=0 B hits=2207 misses=0 swaps=2206
ds4: [t=+69877.8ms] tok#213 experts: L6=[139] L7=[204] L14=[82] L19=[5] L22=[193] L24=[107] L38=[21]
ds4: [t=+69885.2ms] req seq=2208 L20 k=1 ids=[173] w=[0.1213] compute=1.84 ms ok
ds4: [t=+69934.8ms] req seq=2209 L4 k=1 ids=[73] w=[0.1366] compute=2.06 ms ok
ds4: [t=+69934.9ms] tok#214 done: 2 layer-reqs, 2 experts, compute 3.79 ms (1.90 ms/layer), wall 59.20 ms, errors=0, evict-hints=2 | cache: resident=3337/3337 slabs=3 wired=22.00 GiB mlock-fail=0 B hits=2209 misses=0 swaps=2208
ds4: [t=+69934.9ms] tok#214 experts: L17=[6] L20=[173]
ds4: [t=+69942.6ms] req seq=2210 L6 k=2 ids=[249,200] w=[0.1592,0.1348] compute=1.95 ms ok
ds4: [t=+69955.8ms] req seq=2211 L11 k=1 ids=[11] w=[0.2277] compute=1.84 ms ok
ds4: [t=+69962.6ms] req seq=2212 L13 k=1 ids=[212] w=[0.1489] compute=1.87 ms ok
ds4: [t=+69969.3ms] req seq=2213 L15 k=1 ids=[119] w=[0.1389] compute=1.83 ms ok
ds4: [t=+69980.3ms] req seq=2214 L18 k=1 ids=[135] w=[0.3964] compute=1.86 ms ok
ds4: [t=+69986.1ms] req seq=2215 L19 k=2 ids=[123,101] w=[0.2807,0.1305] compute=1.82 ms ok
ds4: [t=+69992.7ms] req seq=2216 L20 k=2 ids=[232,35] w=[0.3531,0.1550] compute=1.92 ms ok
ds4: [t=+69999.1ms] req seq=2217 L21 k=1 ids=[89] w=[0.2928] compute=1.79 ms ok
ds4: [t=+70009.9ms] req seq=2218 L24 k=1 ids=[106] w=[0.3219] compute=1.92 ms ok
ds4: [t=+70029.2ms] req seq=2219 L29 k=1 ids=[195] w=[0.1298] compute=1.88 ms ok
ds4: [t=+70051.2ms] req seq=2220 L35 k=1 ids=[156] w=[0.1234] compute=1.87 ms ok
ds4: [t=+70064.4ms] req seq=2221 L39 k=1 ids=[66] w=[0.1485] compute=1.89 ms ok
ds4: [t=+70087.6ms] req seq=2222 L3 k=1 ids=[152] w=[0.3219] compute=1.86 ms ok
ds4: [t=+70087.7ms] tok#215 done: 13 layer-reqs, 16 experts, compute 24.48 ms (1.88 ms/layer), wall 154.95 ms, errors=0, evict-hints=13 | cache: resident=3337/3337 slabs=3 wired=22.00 GiB mlock-fail=0 B hits=2222 misses=0 swaps=2221
ds4: [t=+70087.8ms] tok#215 experts: L4=[73] L6=[249,200] L11=[11] L13=[212] L15=[119] L18=[135] L19=[123,101] L20=[232,35] L21=[89] L24=[106] L29=[195] L35=[156] L39=[66]
ds4: [t=+70106.7ms] req seq=2223 L10 k=2 ids=[142,133] w=[0.2588,0.1394] compute=1.91 ms ok
ds4: [t=+70114.8ms] req seq=2224 L13 k=1 ids=[171] w=[0.1679] compute=1.83 ms ok
ds4: [t=+70121.1ms] req seq=2225 L14 k=1 ids=[6] w=[0.2497] compute=1.81 ms ok
ds4: [t=+70127.0ms] req seq=2226 L15 k=1 ids=[70] w=[0.1956] compute=1.84 ms ok
ds4: [t=+70133.0ms] req seq=2227 L16 k=1 ids=[173] w=[0.2066] compute=1.79 ms ok
ds4: [t=+70139.0ms] req seq=2228 L17 k=1 ids=[26] w=[0.2531] compute=1.77 ms ok
ds4: [t=+70145.3ms] req seq=2229 L19 k=2 ids=[101,223] w=[0.1855,0.1621] compute=1.82 ms ok
ds4: [t=+70152.3ms] req seq=2230 L21 k=2 ids=[213,222] w=[0.1399,0.1256] compute=1.78 ms ok
ds4: [t=+70176.0ms] req seq=2231 L29 k=1 ids=[182] w=[0.1582] compute=1.90 ms ok
ds4: [t=+70192.1ms] req seq=2232 L34 k=1 ids=[108] w=[0.1579] compute=1.86 ms ok
ds4: [t=+70206.3ms] req seq=2233 L39 k=1 ids=[78] w=[0.2346] compute=1.84 ms ok
ds4: [t=+70235.4ms] req seq=2234 L3 k=1 ids=[115] w=[0.2483] compute=1.87 ms ok
ds4: [t=+70235.5ms] tok#216 done: 12 layer-reqs, 15 experts, compute 22.02 ms (1.83 ms/layer), wall 149.73 ms, errors=0, evict-hints=12 | cache: resident=3337/3337 slabs=3 wired=22.00 GiB mlock-fail=0 B hits=2234 misses=0 swaps=2233
ds4: [t=+70235.5ms] tok#216 experts: L3=[152] L10=[142,133] L13=[171] L14=[6] L15=[70] L16=[173] L17=[26] L19=[101,223] L21=[213,222] L29=[182] L34=[108] L39=[78]
ds4: [t=+70247.7ms] req seq=2235 L6 k=1 ids=[77] w=[0.2128] compute=1.87 ms ok
ds4: [t=+70258.4ms] req seq=2236 L9 k=1 ids=[76] w=[0.1574] compute=1.82 ms ok
ds4: [t=+70265.0ms] req seq=2237 L10 k=3 ids=[223,150,19] w=[0.1872,0.1954,0.1824] compute=1.85 ms ok
ds4: [t=+70271.2ms] req seq=2238 L11 k=1 ids=[30] w=[0.1724] compute=1.71 ms ok
ds4: [t=+70277.5ms] req seq=2239 L12 k=2 ids=[114,108] w=[0.1827,0.1309] compute=1.83 ms ok
ds4: [t=+70283.7ms] req seq=2240 L13 k=1 ids=[35] w=[0.1642] compute=1.81 ms ok
ds4: [t=+70290.3ms] req seq=2241 L14 k=1 ids=[29] w=[0.1780] compute=1.67 ms ok
ds4: [t=+70296.9ms] req seq=2242 L15 k=1 ids=[24] w=[0.2551] compute=1.95 ms ok
ds4: [t=+70305.5ms] req seq=2243 L16 k=1 ids=[132] w=[0.2032] compute=1.83 ms ok
ds4: [t=+70313.3ms] req seq=2244 L17 k=1 ids=[196] w=[0.1582] compute=1.87 ms ok
ds4: [t=+70323.8ms] req seq=2245 L18 k=1 ids=[186] w=[0.1649] compute=1.87 ms ok
ds4: [t=+70331.1ms] req seq=2246 L19 k=2 ids=[53,196] w=[0.3276,0.1409] compute=1.93 ms ok
ds4: [t=+70349.0ms] req seq=2247 L21 k=2 ids=[150,247] w=[0.2608,0.2018] compute=1.88 ms ok
ds4: [t=+70361.8ms] req seq=2248 L22 k=1 ids=[131] w=[0.2410] compute=1.84 ms ok
ds4: [t=+70373.3ms] req seq=2249 L23 k=2 ids=[35,207] w=[0.1987,0.1158] compute=1.88 ms ok
ds4: [t=+70382.3ms] req seq=2250 L24 k=1 ids=[233] w=[0.1855] compute=1.88 ms ok
ds4: [t=+70393.5ms] req seq=2251 L25 k=1 ids=[234] w=[0.2260] compute=1.91 ms ok
ds4: [t=+70458.6ms] req seq=2252 L34 k=1 ids=[144] w=[0.3387] compute=1.93 ms ok
ds4: [t=+70515.7ms] req seq=2253 L5 k=1 ids=[207] w=[0.1202] compute=1.57 ms ok
ds4: [t=+70515.8ms] tok#217 done: 19 layer-reqs, 25 experts, compute 35.21 ms (1.85 ms/layer), wall 282.25 ms, errors=0, evict-hints=19 | cache: resident=3337/3337 slabs=3 wired=22.00 GiB mlock-fail=0 B hits=2253 misses=0 swaps=2252
ds4: [t=+70515.8ms] tok#217 experts: L3=[115] L6=[77] L9=[76] L10=[223,150,19] L11=[30] L12=[114,108] L13=[35] L14=[29] L15=[24] L16=[132] L17=[196] L18=[186] L19=[53,196] L21=[150,247] L22=[131] L23=[35,207] L24=[233] L25=[234] L34=[144]
ds4: [t=+70522.7ms] req seq=2254 L6 k=1 ids=[182] w=[0.1550] compute=1.45 ms ok
ds4: [t=+70534.0ms] req seq=2255 L8 k=1 ids=[229] w=[0.1247] compute=1.49 ms ok
ds4: [t=+70540.0ms] req seq=2256 L9 k=1 ids=[200] w=[0.1648] compute=1.44 ms ok
ds4: [t=+70564.5ms] req seq=2257 L18 k=2 ids=[100,82] w=[0.1798,0.1746] compute=1.65 ms ok
ds4: [t=+70578.8ms] req seq=2258 L21 k=2 ids=[125,73] w=[0.1854,0.1433] compute=1.62 ms ok
ds4: [t=+70584.3ms] req seq=2259 L22 k=1 ids=[21] w=[0.1219] compute=1.55 ms ok
ds4: [t=+70593.0ms] req seq=2260 L24 k=2 ids=[170,111] w=[0.1689,0.1661] compute=1.76 ms ok
ds4: [t=+70615.9ms] req seq=2261 L30 k=1 ids=[15] w=[0.1325] compute=1.59 ms ok
ds4: [t=+70622.3ms] req seq=2262 L31 k=1 ids=[129] w=[0.1422] compute=1.50 ms ok
ds4: [t=+70629.2ms] req seq=2263 L32 k=2 ids=[12,185] w=[0.1317,0.1236] compute=1.77 ms ok
ds4: [t=+70658.9ms] req seq=2264 L39 k=1 ids=[129] w=[0.1754] compute=1.94 ms ok
ds4: [t=+70687.1ms] req seq=2265 L3 k=1 ids=[144] w=[0.3972] compute=1.85 ms ok
ds4: [t=+70687.2ms] tok#218 done: 12 layer-reqs, 16 experts, compute 19.32 ms (1.61 ms/layer), wall 173.06 ms, errors=0, evict-hints=12 | cache: resident=3337/3337 slabs=3 wired=22.00 GiB mlock-fail=0 B hits=2265 misses=0 swaps=2264
ds4: [t=+70687.2ms] tok#218 experts: L5=[207] L6=[182] L8=[229] L9=[200] L18=[100,82] L21=[125,73] L22=[21] L24=[170,111] L30=[15] L31=[129] L32=[12,185] L39=[129]
ds4: [t=+70707.9ms] req seq=2266 L10 k=1 ids=[150] w=[0.2737] compute=1.89 ms ok
ds4: [t=+70716.3ms] req seq=2267 L12 k=2 ids=[247,176] w=[0.1655,0.1309] compute=1.82 ms ok
ds4: [t=+70723.9ms] req seq=2268 L14 k=1 ids=[244] w=[0.1658] compute=1.80 ms ok
ds4: [t=+70738.6ms] req seq=2269 L20 k=1 ids=[35] w=[0.1551] compute=1.85 ms ok
ds4: [t=+70744.7ms] req seq=2270 L21 k=1 ids=[46] w=[0.1972] compute=1.85 ms ok
ds4: [t=+70751.0ms] req seq=2271 L22 k=1 ids=[115] w=[0.2987] compute=1.87 ms ok
ds4: [t=+70782.0ms] req seq=2272 L34 k=1 ids=[238] w=[0.1258] compute=1.89 ms ok
ds4: [t=+70802.7ms] req seq=2273 L41 k=1 ids=[117] w=[0.2033] compute=1.88 ms ok
ds4: [t=+70821.6ms] req seq=2274 L3 k=1 ids=[125] w=[0.1335] compute=1.89 ms ok
ds4: [t=+70821.7ms] tok#219 done: 9 layer-reqs, 10 experts, compute 16.70 ms (1.86 ms/layer), wall 136.44 ms, errors=0, evict-hints=9 | cache: resident=3337/3337 slabs=3 wired=22.00 GiB mlock-fail=0 B hits=2274 misses=0 swaps=2273
ds4: [t=+70821.8ms] tok#219 experts: L3=[144] L10=[150] L12=[247,176] L14=[244] L20=[35] L21=[46] L22=[115] L34=[238] L41=[117]
ds4: [t=+70834.2ms] req seq=2275 L7 k=1 ids=[51] w=[0.2480] compute=1.90 ms ok
ds4: [t=+70843.0ms] req seq=2276 L10 k=1 ids=[103] w=[0.2744] compute=1.84 ms ok
ds4: [t=+70851.9ms] req seq=2277 L12 k=2 ids=[91,63] w=[0.1480,0.1444] compute=1.83 ms ok
ds4: [t=+70858.4ms] req seq=2278 L13 k=1 ids=[33] w=[0.2099] compute=1.82 ms ok
ds4: [t=+70869.8ms] req seq=2279 L17 k=1 ids=[132] w=[0.2219] compute=1.85 ms ok
ds4: [t=+70875.9ms] req seq=2280 L18 k=2 ids=[189,126] w=[0.3459,0.1683] compute=1.92 ms ok
ds4: [t=+70882.2ms] req seq=2281 L19 k=3 ids=[203,223,98] w=[0.3785,0.3377,0.1143] compute=1.79 ms ok
ds4: [t=+70888.5ms] req seq=2282 L20 k=1 ids=[164] w=[0.2172] compute=1.76 ms ok
ds4: [t=+70894.5ms] req seq=2283 L21 k=2 ids=[190,27] w=[0.3569,0.3431] compute=1.81 ms ok
ds4: [t=+70900.5ms] req seq=2284 L22 k=1 ids=[42] w=[0.1771] compute=1.78 ms ok
ds4: [t=+70964.8ms] req seq=2285 L3 k=1 ids=[172] w=[0.4260] compute=2.05 ms ok
ds4: [t=+70964.9ms] tok#220 done: 11 layer-reqs, 16 experts, compute 20.19 ms (1.84 ms/layer), wall 145.19 ms, errors=0, evict-hints=11 | cache: resident=3337/3337 slabs=3 wired=22.00 GiB mlock-fail=0 B hits=2285 misses=0 swaps=2284
ds4: [t=+70965.0ms] tok#220 experts: L3=[125] L7=[51] L10=[103] L12=[91,63] L13=[33] L17=[132] L18=[189,126] L19=[203,223,98] L20=[164] L21=[190,27] L22=[42]
ds4: [t=+70985.2ms] req seq=2286 L9 k=2 ids=[172,81] w=[0.3565,0.2114] compute=1.88 ms ok
ds4: [t=+70991.7ms] req seq=2287 L10 k=1 ids=[108] w=[0.6876] compute=1.82 ms ok
ds4: [t=+70998.2ms] req seq=2288 L11 k=1 ids=[87] w=[0.1996] compute=1.85 ms ok
ds4: [t=+71004.3ms] req seq=2289 L12 k=1 ids=[3] w=[0.3416] compute=1.78 ms ok
ds4: [t=+71017.2ms] req seq=2290 L15 k=1 ids=[32] w=[0.1392] compute=1.87 ms ok
ds4: [t=+71023.8ms] req seq=2291 L16 k=1 ids=[45] w=[0.3504] compute=1.82 ms ok
ds4: [t=+71030.4ms] req seq=2292 L17 k=1 ids=[139] w=[0.2335] compute=1.89 ms ok
ds4: [t=+71042.3ms] req seq=2293 L19 k=2 ids=[3,227] w=[0.7179,0.2008] compute=1.93 ms ok
ds4: [t=+71065.3ms] req seq=2294 L21 k=1 ids=[240] w=[0.3742] compute=1.88 ms ok
ds4: [t=+71071.9ms] req seq=2295 L22 k=1 ids=[255] w=[0.1537] compute=1.84 ms ok
ds4: [t=+71082.0ms] req seq=2296 L23 k=2 ids=[162,158] w=[0.1584,0.1516] compute=1.87 ms ok
ds4: [t=+71089.5ms] req seq=2297 L24 k=1 ids=[92] w=[0.1411] compute=1.77 ms ok
ds4: [t=+71116.7ms] req seq=2298 L29 k=1 ids=[61] w=[0.1256] compute=1.91 ms ok
ds4: [t=+71167.8ms] req seq=2299 L39 k=1 ids=[234] w=[0.2750] compute=2.08 ms ok
ds4: [t=+71195.3ms] req seq=2300 L1 k=1 ids=[14] w=[0.2315] compute=1.91 ms ok
ds4: [t=+71195.4ms] tok#221 done: 15 layer-reqs, 18 experts, compute 28.21 ms (1.88 ms/layer), wall 232.61 ms, errors=0, evict-hints=15 | cache: resident=3337/3337 slabs=3 wired=22.00 GiB mlock-fail=0 B hits=2300 misses=0 swaps=2299
ds4: [t=+71195.5ms] tok#221 experts: L3=[172] L9=[172,81] L10=[108] L11=[87] L12=[3] L15=[32] L16=[45] L17=[139] L19=[3,227] L21=[240] L22=[255] L23=[162,158] L24=[92] L29=[61] L39=[234]
ds4: [t=+71219.9ms] req seq=2301 L7 k=1 ids=[73] w=[0.2552] compute=1.85 ms ok
ds4: [t=+71236.6ms] req seq=2302 L11 k=2 ids=[193,99] w=[0.1816,0.1718] compute=1.89 ms ok
ds4: [t=+71242.8ms] req seq=2303 L12 k=1 ids=[110] w=[0.3834] compute=1.86 ms ok
ds4: [t=+71257.1ms] req seq=2304 L17 k=1 ids=[89] w=[0.1581] compute=1.86 ms ok
ds4: [t=+71263.8ms] req seq=2305 L18 k=2 ids=[62,82] w=[0.2627,0.2574] compute=1.88 ms ok
ds4: [t=+71273.1ms] req seq=2306 L20 k=1 ids=[75] w=[0.2553] compute=1.80 ms ok
ds4: [t=+71279.7ms] req seq=2307 L21 k=2 ids=[115,50] w=[0.4774,0.1590] compute=1.85 ms ok
ds4: [t=+71287.2ms] req seq=2308 L22 k=1 ids=[169] w=[0.2140] compute=1.77 ms ok
ds4: [t=+71294.6ms] req seq=2309 L23 k=1 ids=[250] w=[0.1595] compute=1.84 ms ok
ds4: [t=+71339.1ms] req seq=2310 L30 k=1 ids=[19] w=[0.1596] compute=2.06 ms ok
ds4: [t=+71403.5ms] req seq=2311 L3 k=1 ids=[175] w=[0.2023] compute=2.11 ms ok
ds4: [t=+71403.7ms] tok#222 done: 11 layer-reqs, 14 experts, compute 20.58 ms (1.87 ms/layer), wall 210.21 ms, errors=0, evict-hints=11 | cache: resident=3337/3337 slabs=3 wired=22.00 GiB mlock-fail=0 B hits=2311 misses=0 swaps=2310
ds4: [t=+71403.7ms] tok#222 experts: L1=[14] L7=[73] L11=[193,99] L12=[110] L17=[89] L18=[62,82] L20=[75] L21=[115,50] L22=[169] L23=[250] L30=[19]
ds4: [t=+71427.5ms] req seq=2312 L9 k=1 ids=[221] w=[0.1701] compute=1.88 ms ok
ds4: [t=+71436.8ms] req seq=2313 L11 k=1 ids=[144] w=[0.2085] compute=1.79 ms ok
ds4: [t=+71443.1ms] req seq=2314 L12 k=1 ids=[103] w=[0.1125] compute=1.85 ms ok
ds4: [t=+71452.7ms] req seq=2315 L14 k=1 ids=[118] w=[0.1228] compute=1.85 ms ok
ds4: [t=+71459.0ms] req seq=2316 L15 k=1 ids=[216] w=[0.1440] compute=1.77 ms ok
ds4: [t=+71465.3ms] req seq=2317 L16 k=1 ids=[13] w=[0.2539] compute=1.78 ms ok
ds4: [t=+71471.5ms] req seq=2318 L17 k=2 ids=[120,112] w=[0.3060,0.2143] compute=1.75 ms ok
ds4: [t=+71486.4ms] req seq=2319 L21 k=3 ids=[73,156,247] w=[0.2266,0.2004,0.1820] compute=1.91 ms ok
ds4: [t=+71493.4ms] req seq=2320 L22 k=1 ids=[164] w=[0.1594] compute=1.91 ms ok
ds4: [t=+71503.3ms] req seq=2321 L24 k=1 ids=[237] w=[0.1438] compute=1.84 ms ok
ds4: [t=+71523.1ms] req seq=2322 L29 k=1 ids=[136] w=[0.1659] compute=1.85 ms ok
ds4: [t=+71588.4ms] req seq=2323 L4 k=1 ids=[2] w=[0.1619] compute=2.06 ms ok
ds4: [t=+71588.5ms] tok#223 done: 12 layer-reqs, 15 experts, compute 22.29 ms (1.86 ms/layer), wall 187.06 ms, errors=0, evict-hints=12 | cache: resident=3337/3337 slabs=3 wired=22.00 GiB mlock-fail=0 B hits=2323 misses=0 swaps=2322
ds4: [t=+71588.5ms] tok#223 experts: L3=[175] L9=[221] L11=[144] L12=[103] L14=[118] L15=[216] L16=[13] L17=[120,112] L21=[73,156,247] L22=[164] L24=[237] L29=[136]
ds4: [t=+71597.9ms] req seq=2324 L6 k=1 ids=[50] w=[0.1574] compute=1.90 ms ok
ds4: [t=+71604.6ms] req seq=2325 L7 k=1 ids=[76] w=[0.1997] compute=1.79 ms ok
ds4: [t=+71611.5ms] req seq=2326 L9 k=1 ids=[90] w=[0.4317] compute=1.84 ms ok
ds4: [t=+71618.1ms] req seq=2327 L10 k=2 ids=[19,187] w=[0.2393,0.2307] compute=1.78 ms ok
ds4: [t=+71624.1ms] req seq=2328 L11 k=2 ids=[167,98] w=[0.2127,0.2066] compute=1.79 ms ok
ds4: [t=+71632.6ms] req seq=2329 L14 k=1 ids=[23] w=[0.1382] compute=1.86 ms ok
ds4: [t=+71648.8ms] req seq=2330 L17 k=1 ids=[112] w=[0.2711] compute=1.86 ms ok
ds4: [t=+71659.4ms] req seq=2331 L20 k=1 ids=[163] w=[0.2574] compute=1.86 ms ok
ds4: [t=+71675.1ms] req seq=2332 L24 k=1 ids=[133] w=[0.1227] compute=1.84 ms ok
ds4: [t=+71762.5ms] req seq=2333 L4 k=1 ids=[94] w=[0.5453] compute=2.10 ms ok
ds4: [t=+71762.6ms] tok#224 done: 10 layer-reqs, 12 experts, compute 18.60 ms (1.86 ms/layer), wall 176.24 ms, errors=0, evict-hints=10 | cache: resident=3337/3337 slabs=3 wired=22.00 GiB mlock-fail=0 B hits=2333 misses=0 swaps=2332
ds4: [t=+71762.6ms] tok#224 experts: L4=[2] L6=[50] L7=[76] L9=[90] L10=[19,187] L11=[167,98] L14=[23] L17=[112] L20=[163] L24=[133]
ds4: [t=+71769.5ms] req seq=2334 L6 k=1 ids=[13] w=[0.1132] compute=1.85 ms ok
ds4: [t=+71775.2ms] req seq=2335 L7 k=1 ids=[54] w=[0.3735] compute=1.79 ms ok
ds4: [t=+71782.9ms] req seq=2336 L9 k=1 ids=[192] w=[0.4319] compute=1.75 ms ok
ds4: [t=+71790.0ms] req seq=2337 L10 k=1 ids=[194] w=[0.1390] compute=1.79 ms ok
ds4: [t=+71805.6ms] req seq=2338 L14 k=1 ids=[70] w=[0.1282] compute=1.87 ms ok
ds4: [t=+71815.3ms] req seq=2339 L17 k=1 ids=[109] w=[0.2173] compute=1.86 ms ok
ds4: [t=+71821.6ms] req seq=2340 L18 k=1 ids=[82] w=[0.2003] compute=1.85 ms ok
ds4: [t=+71827.7ms] req seq=2341 L19 k=1 ids=[208] w=[0.5140] compute=1.86 ms ok
ds4: [t=+71834.1ms] req seq=2342 L20 k=1 ids=[84] w=[0.1731] compute=1.85 ms ok
ds4: [t=+71841.5ms] req seq=2343 L22 k=1 ids=[173] w=[0.1038] compute=1.88 ms ok
ds4: [t=+71848.0ms] req seq=2344 L23 k=1 ids=[132] w=[0.1357] compute=1.83 ms ok
ds4: [t=+71854.5ms] req seq=2345 L24 k=1 ids=[103] w=[0.1128] compute=1.81 ms ok
ds4: [t=+71869.2ms] req seq=2346 L27 k=1 ids=[116] w=[0.1248] compute=1.86 ms ok
ds4: [t=+71878.7ms] req seq=2347 L29 k=1 ids=[60] w=[0.4271] compute=1.86 ms ok
ds4: [t=+71924.5ms] req seq=2348 L40 k=1 ids=[172] w=[0.1437] compute=2.10 ms ok
ds4: [t=+71957.4ms] req seq=2349 L4 k=1 ids=[226] w=[0.1681] compute=1.87 ms ok
ds4: [t=+71957.5ms] tok#225 done: 16 layer-reqs, 16 experts, compute 29.93 ms (1.87 ms/layer), wall 197.06 ms, errors=0, evict-hints=16 | cache: resident=3337/3337 slabs=3 wired=22.00 GiB mlock-fail=0 B hits=2349 misses=0 swaps=2348
ds4: [t=+71957.5ms] tok#225 experts: L4=[94] L6=[13] L7=[54] L9=[192] L10=[194] L14=[70] L17=[109] L18=[82] L19=[208] L20=[84] L22=[173] L23=[132] L24=[103] L27=[116] L29=[60] L40=[172]
ds4: [t=+71969.4ms] req seq=2350 L7 k=1 ids=[30] w=[0.1147] compute=1.86 ms ok
ds4: [t=+71977.1ms] req seq=2351 L9 k=1 ids=[97] w=[0.1456] compute=1.86 ms ok
ds4: [t=+71983.4ms] req seq=2352 L10 k=1 ids=[46] w=[0.1996] compute=1.82 ms ok
ds4: [t=+71993.4ms] req seq=2353 L12 k=1 ids=[78] w=[0.1338] compute=1.89 ms ok
ds4: [t=+72018.4ms] req seq=2354 L21 k=2 ids=[243,166] w=[0.2762,0.1854] compute=1.87 ms ok
ds4: [t=+72025.1ms] req seq=2355 L22 k=1 ids=[2] w=[0.2278] compute=1.87 ms ok
ds4: [t=+72062.9ms] req seq=2356 L34 k=1 ids=[149] w=[0.1441] compute=1.86 ms ok
ds4: [t=+72125.0ms] req seq=2357 L15 k=2 ids=[105,3] w=[0.1912,0.1602] compute=2.17 ms ok
ds4: [t=+72125.1ms] tok#226 done: 8 layer-reqs, 9 experts, compute 14.91 ms (1.86 ms/layer), wall 169.60 ms, errors=0, evict-hints=8 | cache: resident=3337/3337 slabs=3 wired=22.00 GiB mlock-fail=0 B hits=2357 misses=0 swaps=2356
ds4: [t=+72125.1ms] tok#226 experts: L4=[226] L7=[30] L9=[97] L10=[46] L12=[78] L21=[243,166] L22=[2] L34=[149]
ds4: [t=+72133.9ms] req seq=2358 L19 k=2 ids=[103,201] w=[0.4215,0.1994] compute=1.47 ms ok
ds4: [t=+72139.6ms] req seq=2359 L21 k=1 ids=[91] w=[0.2260] compute=1.39 ms ok
ds4: [t=+72144.7ms] req seq=2360 L22 k=1 ids=[190] w=[0.2805] compute=1.44 ms ok
ds4: [t=+72196.6ms] req seq=2361 L4 k=1 ids=[136] w=[0.1578] compute=1.62 ms ok
ds4: [t=+72196.7ms] tok#227 done: 4 layer-reqs, 6 experts, compute 6.49 ms (1.62 ms/layer), wall 73.82 ms, errors=0, evict-hints=4 | cache: resident=3337/3337 slabs=3 wired=22.00 GiB mlock-fail=0 B hits=2361 misses=0 swaps=2360
ds4: [t=+72196.7ms] tok#227 experts: L15=[105,3] L19=[103,201] L21=[91] L22=[190]
ds4: [t=+72212.6ms] req seq=2362 L10 k=1 ids=[54] w=[0.2657] compute=1.64 ms ok
ds4: [t=+72219.3ms] req seq=2363 L12 k=1 ids=[60] w=[0.0950] compute=1.41 ms ok
ds4: [t=+72227.3ms] req seq=2364 L15 k=2 ids=[147,221] w=[0.2199,0.1624] compute=1.64 ms ok
ds4: [t=+72234.9ms] req seq=2365 L17 k=1 ids=[34] w=[0.2224] compute=1.53 ms ok
ds4: [t=+72240.9ms] req seq=2366 L18 k=1 ids=[187] w=[0.1291] compute=1.45 ms ok
ds4: [t=+72246.8ms] req seq=2367 L19 k=2 ids=[211,217] w=[0.1815,0.0967] compute=1.63 ms ok
ds4: [t=+72257.5ms] req seq=2368 L24 k=1 ids=[193] w=[0.1030] compute=1.58 ms ok
ds4: [t=+72312.3ms] req seq=2369 L5 k=1 ids=[215] w=[0.1650] compute=1.98 ms ok
ds4: [t=+72312.5ms] tok#228 done: 8 layer-reqs, 10 experts, compute 12.50 ms (1.56 ms/layer), wall 117.48 ms, errors=0, evict-hints=8 | cache: resident=3337/3337 slabs=3 wired=22.00 GiB mlock-fail=0 B hits=2369 misses=0 swaps=2368
ds4: [t=+72312.5ms] tok#228 experts: L4=[136] L10=[54] L12=[60] L15=[147,221] L17=[34] L18=[187] L19=[211,217] L24=[193]
ds4: [t=+72327.0ms] req seq=2370 L10 k=1 ids=[71] w=[0.1328] compute=1.80 ms ok
ds4: [t=+72333.3ms] req seq=2371 L12 k=1 ids=[2] w=[0.2417] compute=1.70 ms ok
ds4: [t=+72342.8ms] req seq=2372 L15 k=2 ids=[221,210] w=[0.2547,0.1420] compute=1.88 ms ok
ds4: [t=+72349.9ms] req seq=2373 L17 k=2 ids=[125,175] w=[0.4256,0.1603] compute=1.75 ms ok
ds4: [t=+72356.1ms] req seq=2374 L18 k=1 ids=[241] w=[0.2037] compute=1.72 ms ok
ds4: [t=+72362.1ms] req seq=2375 L19 k=1 ids=[68] w=[0.2455] compute=1.94 ms ok
ds4: [t=+72368.4ms] req seq=2376 L20 k=4 ids=[48,202,196,181] w=[0.4549,0.2263,0.2008,0.1985] compute=1.77 ms ok
ds4: [t=+72375.9ms] req seq=2377 L21 k=1 ids=[155] w=[0.2036] compute=2.06 ms ok
ds4: [t=+72381.8ms] req seq=2378 L22 k=2 ids=[143,70] w=[0.2346,0.1876] compute=1.77 ms ok
ds4: [t=+72387.8ms] req seq=2379 L23 k=1 ids=[158] w=[0.1377] compute=1.77 ms ok
ds4: [t=+72408.0ms] req seq=2380 L29 k=2 ids=[7,126] w=[0.2278,0.1598] compute=1.92 ms ok
ds4: [t=+72415.0ms] req seq=2381 L30 k=1 ids=[180] w=[0.1589] compute=1.85 ms ok
ds4: [t=+72436.0ms] req seq=2382 L34 k=3 ids=[173,178,249] w=[0.1780,0.1840,0.1497] compute=1.93 ms ok
ds4: [t=+72465.7ms] req seq=2383 L42 k=1 ids=[30] w=[0.1099] compute=1.93 ms ok
ds4: [t=+72487.0ms] req seq=2384 L5 k=1 ids=[83] w=[0.1608] compute=1.87 ms ok
ds4: [t=+72487.1ms] tok#229 done: 15 layer-reqs, 24 experts, compute 27.76 ms (1.85 ms/layer), wall 176.72 ms, errors=0, evict-hints=15 | cache: resident=3337/3337 slabs=3 wired=22.00 GiB mlock-fail=0 B hits=2384 misses=0 swaps=2383
ds4: [t=+72487.1ms] tok#229 experts: L5=[215] L10=[71] L12=[2] L15=[221,210] L17=[125,175] L18=[241] L19=[68] L20=[48,202,196,181] L21=[155] L22=[143,70] L23=[158] L29=[7,126] L30=[180] L34=[173,178,249] L42=[30]
ds4: [t=+72493.8ms] req seq=2385 L7 k=1 ids=[75] w=[0.1144] compute=1.86 ms ok
ds4: [t=+72499.7ms] req seq=2386 L8 k=1 ids=[98] w=[0.1818] compute=1.76 ms ok
ds4: [t=+72515.6ms] req seq=2387 L15 k=1 ids=[210] w=[0.1473] compute=1.90 ms ok
ds4: [t=+72526.9ms] req seq=2388 L19 k=3 ids=[112,217,239] w=[0.3068,0.1936,0.1792] compute=1.91 ms ok
ds4: [t=+72533.0ms] req seq=2389 L20 k=1 ids=[196] w=[0.1676] compute=1.84 ms ok
ds4: [t=+72541.0ms] req seq=2390 L22 k=1 ids=[70] w=[0.1863] compute=1.81 ms ok
ds4: [t=+72568.0ms] req seq=2391 L34 k=1 ids=[178] w=[0.2320] compute=1.94 ms ok
ds4: [t=+72615.0ms] req seq=2392 L7 k=1 ids=[43] w=[0.4377] compute=2.09 ms ok
ds4: [t=+72615.1ms] tok#230 done: 8 layer-reqs, 10 experts, compute 14.90 ms (1.86 ms/layer), wall 129.92 ms, errors=0, evict-hints=8 | cache: resident=3337/3337 slabs=3 wired=22.00 GiB mlock-fail=0 B hits=2392 misses=0 swaps=2391
ds4: [t=+72615.1ms] tok#230 experts: L5=[83] L7=[75] L8=[98] L15=[210] L19=[112,217,239] L20=[196] L22=[70] L34=[178]
ds4: [t=+72627.7ms] req seq=2393 L12 k=1 ids=[123] w=[0.2451] compute=1.89 ms ok
ds4: [t=+72639.9ms] req seq=2394 L17 k=2 ids=[137,93] w=[0.4502,0.1749] compute=1.86 ms ok
ds4: [t=+72646.2ms] req seq=2395 L18 k=2 ids=[26,23] w=[0.2190,0.1781] compute=1.92 ms ok
ds4: [t=+72652.7ms] req seq=2396 L19 k=1 ids=[217] w=[0.0996] compute=1.84 ms ok
ds4: [t=+72660.4ms] req seq=2397 L22 k=1 ids=[254] w=[0.4387] compute=1.86 ms ok
ds4: [t=+72667.2ms] req seq=2398 L24 k=1 ids=[176] w=[0.0882] compute=1.88 ms ok
ds4: [t=+72683.2ms] req seq=2399 L29 k=1 ids=[130] w=[0.1252] compute=1.93 ms ok
ds4: [t=+72697.3ms] req seq=2400 L34 k=1 ids=[249] w=[0.1267] compute=1.89 ms ok
ds4: [t=+72749.5ms] req seq=2401 L4 k=1 ids=[39] w=[0.5268] compute=2.06 ms ok
ds4: [t=+72749.6ms] tok#231 done: 9 layer-reqs, 11 experts, compute 17.16 ms (1.91 ms/layer), wall 136.73 ms, errors=0, evict-hints=9 | cache: resident=3337/3337 slabs=3 wired=22.00 GiB mlock-fail=0 B hits=2401 misses=0 swaps=2400
ds4: [t=+72749.7ms] tok#231 experts: L7=[43] L12=[123] L17=[137,93] L18=[26,23] L19=[217] L22=[254] L24=[176] L29=[130] L34=[249]
ds4: [t=+72757.5ms] req seq=2402 L6 k=2 ids=[127,64] w=[0.1178,0.1194] compute=1.86 ms ok
ds4: [t=+72763.7ms] req seq=2403 L7 k=2 ids=[63,7] w=[0.1534,0.1216] compute=1.88 ms ok
ds4: [t=+72769.6ms] req seq=2404 L8 k=1 ids=[74] w=[0.4591] compute=1.78 ms ok
ds4: [t=+72778.2ms] req seq=2405 L11 k=1 ids=[110] w=[0.2569] compute=1.84 ms ok
ds4: [t=+72784.2ms] req seq=2406 L12 k=1 ids=[137] w=[0.2089] compute=1.78 ms ok
ds4: [t=+72789.8ms] req seq=2407 L13 k=1 ids=[173] w=[0.2021] compute=1.77 ms ok
ds4: [t=+72795.8ms] req seq=2408 L14 k=1 ids=[206] w=[0.1454] compute=1.82 ms ok
ds4: [t=+72804.5ms] req seq=2409 L17 k=1 ids=[243] w=[0.2663] compute=1.76 ms ok
ds4: [t=+72810.8ms] req seq=2410 L18 k=1 ids=[128] w=[0.2026] compute=1.82 ms ok
ds4: [t=+72817.9ms] req seq=2411 L20 k=1 ids=[29] w=[0.2632] compute=1.80 ms ok
ds4: [t=+72823.9ms] req seq=2412 L21 k=2 ids=[135,1] w=[0.3551,0.3031] compute=1.78 ms ok
ds4: [t=+72830.1ms] req seq=2413 L22 k=1 ids=[13] w=[0.1125] compute=1.81 ms ok
ds4: [t=+72840.2ms] req seq=2414 L24 k=1 ids=[158] w=[0.0785] compute=1.76 ms ok
ds4: [t=+72874.2ms] req seq=2415 L29 k=1 ids=[247] w=[0.0700] compute=1.88 ms ok
ds4: [t=+72946.3ms] req seq=2416 L42 k=1 ids=[92] w=[0.1048] compute=2.05 ms ok
ds4: [t=+72977.8ms] req seq=2417 L6 k=1 ids=[14] w=[0.1203] compute=1.85 ms ok
ds4: [t=+72977.9ms] tok#232 done: 16 layer-reqs, 19 experts, compute 29.45 ms (1.84 ms/layer), wall 230.45 ms, errors=0, evict-hints=16 | cache: resident=3337/3337 slabs=3 wired=22.00 GiB mlock-fail=0 B hits=2417 misses=0 swaps=2416
ds4: [t=+72978.0ms] tok#232 experts: L4=[39] L6=[127,64] L7=[63,7] L8=[74] L11=[110] L12=[137] L13=[173] L14=[206] L17=[243] L18=[128] L20=[29] L21=[135,1] L22=[13] L24=[158] L29=[247] L42=[92]
ds4: [t=+72984.5ms] req seq=2418 L7 k=2 ids=[38,60] w=[0.1796,0.1770] compute=1.84 ms ok
ds4: [t=+72998.7ms] req seq=2419 L10 k=1 ids=[250] w=[0.2076] compute=1.89 ms ok
ds4: [t=+73010.1ms] req seq=2420 L13 k=1 ids=[17] w=[0.1192] compute=1.91 ms ok
ds4: [t=+73020.6ms] req seq=2421 L15 k=1 ids=[144] w=[0.1968] compute=1.85 ms ok
ds4: [t=+73033.6ms] req seq=2422 L18 k=1 ids=[53] w=[0.2087] compute=1.87 ms ok
ds4: [t=+73039.5ms] req seq=2423 L19 k=1 ids=[86] w=[0.3189] compute=1.83 ms ok
ds4: [t=+73053.2ms] req seq=2424 L22 k=1 ids=[232] w=[0.2147] compute=1.91 ms ok
ds4: [t=+73094.8ms] req seq=2425 L34 k=1 ids=[1] w=[0.1267] compute=1.86 ms ok
ds4: [t=+73113.9ms] req seq=2426 L40 k=1 ids=[114] w=[0.1576] compute=1.87 ms ok
ds4: [t=+73148.6ms] req seq=2427 L7 k=1 ids=[7] w=[0.1728] compute=1.89 ms ok
ds4: [t=+73148.7ms] tok#233 done: 10 layer-reqs, 11 experts, compute 18.66 ms (1.87 ms/layer), wall 172.73 ms, errors=0, evict-hints=10 | cache: resident=3337/3337 slabs=3 wired=22.00 GiB mlock-fail=0 B hits=2427 misses=0 swaps=2426
ds4: [t=+73148.8ms] tok#233 experts: L6=[14] L7=[38,60] L10=[250] L13=[17] L15=[144] L18=[53] L19=[86] L22=[232] L34=[1] L40=[114]
ds4: [t=+73154.5ms] req seq=2428 L8 k=1 ids=[118] w=[0.1371] compute=1.84 ms ok
ds4: [t=+73177.4ms] req seq=2429 L15 k=1 ids=[106] w=[0.3668] compute=1.89 ms ok
ds4: [t=+73184.5ms] req seq=2430 L17 k=1 ids=[218] w=[0.2316] compute=1.81 ms ok
ds4: [t=+73190.9ms] req seq=2431 L18 k=3 ids=[123,48,124] w=[0.1719,0.1687,0.1624] compute=1.83 ms ok
ds4: [t=+73204.3ms] req seq=2432 L22 k=1 ids=[205] w=[0.0931] compute=1.88 ms ok
ds4: [t=+73211.9ms] req seq=2433 L24 k=1 ids=[194] w=[0.1027] compute=1.83 ms ok
ds4: [t=+73270.3ms] req seq=2434 L3 k=2 ids=[40,173] w=[0.2056,0.1346] compute=2.09 ms ok
ds4: [t=+73270.5ms] tok#234 done: 7 layer-reqs, 9 experts, compute 12.97 ms (1.85 ms/layer), wall 123.68 ms, errors=0, evict-hints=7 | cache: resident=3337/3337 slabs=3 wired=22.00 GiB mlock-fail=0 B hits=2434 misses=0 swaps=2433
ds4: [t=+73270.5ms] tok#234 experts: L7=[7] L8=[118] L15=[106] L17=[218] L18=[123,48,124] L22=[205] L24=[194]
ds4: [t=+73279.7ms] req seq=2435 L6 k=2 ids=[252,42] w=[0.4185,0.1641] compute=1.92 ms ok
ds4: [t=+73286.1ms] req seq=2436 L8 k=1 ids=[173] w=[0.1164] compute=1.80 ms ok
ds4: [t=+73292.8ms] req seq=2437 L10 k=1 ids=[78] w=[0.1678] compute=1.85 ms ok
ds4: [t=+73299.2ms] req seq=2438 L11 k=1 ids=[177] w=[0.1643] compute=1.78 ms ok
ds4: [t=+73309.0ms] req seq=2439 L14 k=1 ids=[76] w=[0.2101] compute=1.83 ms ok
ds4: [t=+73315.9ms] req seq=2440 L16 k=1 ids=[151] w=[0.1219] compute=1.81 ms ok
ds4: [t=+73323.7ms] req seq=2441 L18 k=2 ids=[124,89] w=[0.2322,0.1878] compute=1.80 ms ok
ds4: [t=+73330.1ms] req seq=2442 L19 k=1 ids=[92] w=[0.1057] compute=1.82 ms ok
ds4: [t=+73336.0ms] req seq=2443 L20 k=2 ids=[202,124] w=[0.2192,0.1952] compute=1.80 ms ok
ds4: [t=+73342.0ms] req seq=2444 L22 k=1 ids=[69] w=[0.1550] compute=1.77 ms ok
ds4: [t=+73348.7ms] req seq=2445 L24 k=2 ids=[70,86] w=[0.1223,0.1205] compute=1.76 ms ok
ds4: [t=+73354.4ms] req seq=2446 L25 k=1 ids=[61] w=[0.1231] compute=1.89 ms ok
ds4: [t=+73387.3ms] req seq=2447 L37 k=1 ids=[173] w=[0.1214] compute=1.90 ms ok
ds4: [t=+73407.4ms] req seq=2448 L1 k=1 ids=[72] w=[0.4188] compute=1.84 ms ok
ds4: [t=+73407.5ms] tok#235 done: 14 layer-reqs, 19 experts, compute 25.82 ms (1.84 ms/layer), wall 139.26 ms, errors=0, evict-hints=14 | cache: resident=3337/3337 slabs=3 wired=22.00 GiB mlock-fail=0 B hits=2448 misses=0 swaps=2447
ds4: [t=+73407.6ms] tok#235 experts: L3=[40,173] L6=[252,42] L8=[173] L10=[78] L11=[177] L14=[76] L16=[151] L18=[124,89] L19=[92] L20=[202,124] L22=[69] L24=[70,86] L25=[61] L37=[173]
ds4: [t=+73414.9ms] req seq=2449 L4 k=1 ids=[105] w=[0.0991] compute=1.85 ms ok
ds4: [t=+73420.8ms] req seq=2450 L5 k=2 ids=[104,132] w=[0.1570,0.1358] compute=1.80 ms ok
ds4: [t=+73427.8ms] req seq=2451 L7 k=2 ids=[60,174] w=[0.1228,0.1218] compute=1.88 ms ok
ds4: [t=+73433.8ms] req seq=2452 L9 k=1 ids=[126] w=[0.1616] compute=1.78 ms ok
ds4: [t=+73439.6ms] req seq=2453 L10 k=1 ids=[58] w=[0.1092] compute=1.83 ms ok
ds4: [t=+73447.7ms] req seq=2454 L13 k=1 ids=[225] w=[0.3233] compute=1.82 ms ok
ds4: [t=+73454.1ms] req seq=2455 L14 k=1 ids=[47] w=[0.2019] compute=1.81 ms ok
ds4: [t=+73460.3ms] req seq=2456 L15 k=1 ids=[229] w=[0.2290] compute=1.87 ms ok
ds4: [t=+73476.6ms] req seq=2457 L20 k=1 ids=[103] w=[0.3313] compute=1.89 ms ok
ds4: [t=+73504.0ms] req seq=2458 L28 k=1 ids=[238] w=[0.0847] compute=1.88 ms ok
ds4: [t=+73529.6ms] req seq=2459 L34 k=1 ids=[160] w=[0.1066] compute=1.88 ms ok
ds4: [t=+73558.4ms] req seq=2460 L39 k=1 ids=[38] w=[0.1640] compute=1.74 ms ok
ds4: [t=+73613.2ms] req seq=2461 L14 k=1 ids=[49] w=[0.1676] compute=1.72 ms ok
ds4: [t=+73613.3ms] tok#236 done: 13 layer-reqs, 15 experts, compute 23.88 ms (1.84 ms/layer), wall 207.64 ms, errors=0, evict-hints=13 | cache: resident=3337/3337 slabs=3 wired=22.00 GiB mlock-fail=0 B hits=2461 misses=0 swaps=2460
ds4: [t=+73613.3ms] tok#236 experts: L1=[72] L4=[105] L5=[104,132] L7=[60,174] L9=[126] L10=[58] L13=[225] L14=[47] L15=[229] L20=[103] L28=[238] L34=[160] L39=[38]
ds4: [t=+73620.8ms] req seq=2462 L15 k=2 ids=[86,27] w=[0.1830,0.1450] compute=1.46 ms ok
ds4: [t=+73633.5ms] req seq=2463 L19 k=1 ids=[196] w=[0.0935] compute=1.47 ms ok
ds4: [t=+73643.4ms] req seq=2464 L23 k=1 ids=[249] w=[0.0585] compute=1.53 ms ok
ds4: [t=+73671.2ms] req seq=2465 L32 k=1 ids=[39] w=[0.1732] compute=1.62 ms ok
ds4: [t=+73683.1ms] req seq=2466 L34 k=1 ids=[53] w=[0.2837] compute=1.61 ms ok
ds4: [t=+73695.7ms] req seq=2467 L36 k=2 ids=[63,17] w=[0.2144,0.1677] compute=1.75 ms ok
ds4: [t=+73710.2ms] req seq=2468 L38 k=1 ids=[82] w=[0.2099] compute=1.78 ms ok
ds4: [t=+73716.3ms] req seq=2469 L39 k=1 ids=[74] w=[0.1884] compute=1.72 ms ok
ds4: [t=+73741.9ms] req seq=2470 L3 k=1 ids=[127] w=[0.5355] compute=1.85 ms ok
ds4: [t=+73742.0ms] tok#237 done: 9 layer-reqs, 11 experts, compute 14.67 ms (1.63 ms/layer), wall 130.54 ms, errors=0, evict-hints=9 | cache: resident=3337/3337 slabs=3 wired=22.00 GiB mlock-fail=0 B hits=2470 misses=0 swaps=2469
ds4: [t=+73742.0ms] tok#237 experts: L14=[49] L15=[86,27] L19=[196] L23=[249] L32=[39] L34=[53] L36=[63,17] L38=[82] L39=[74]
ds4: [t=+73763.6ms] req seq=2471 L5 k=3 ids=[166,132,85] w=[0.3356,0.2888,0.2710] compute=1.94 ms ok
ds4: [t=+73796.1ms] req seq=2472 L8 k=1 ids=[181] w=[0.2172] compute=1.89 ms ok
ds4: [t=+73803.1ms] req seq=2473 L9 k=1 ids=[145] w=[0.3386] compute=1.83 ms ok
ds4: [t=+73811.0ms] req seq=2474 L10 k=1 ids=[165] w=[0.3659] compute=1.88 ms ok
ds4: [t=+73827.6ms] req seq=2475 L13 k=1 ids=[254] w=[0.1619] compute=1.90 ms ok
ds4: [t=+73834.6ms] req seq=2476 L15 k=1 ids=[201] w=[0.3954] compute=1.84 ms ok
ds4: [t=+73840.7ms] req seq=2477 L17 k=1 ids=[152] w=[0.2750] compute=1.81 ms ok
ds4: [t=+73852.2ms] req seq=2478 L18 k=1 ids=[196] w=[0.1468] compute=1.90 ms ok
ds4: [t=+73858.2ms] req seq=2479 L19 k=1 ids=[58] w=[0.3061] compute=1.83 ms ok
ds4: [t=+73863.9ms] req seq=2480 L20 k=1 ids=[82] w=[0.1493] compute=1.81 ms ok
ds4: [t=+73870.3ms] req seq=2481 L21 k=2 ids=[101,6] w=[0.2936,0.2382] compute=1.85 ms ok
ds4: [t=+73876.6ms] req seq=2482 L22 k=1 ids=[3] w=[0.4163] compute=1.87 ms ok
ds4: [t=+73882.4ms] req seq=2483 L23 k=1 ids=[7] w=[0.1588] compute=1.84 ms ok
ds4: [t=+73888.5ms] req seq=2484 L24 k=1 ids=[188] w=[0.1568] compute=1.84 ms ok
ds4: [t=+73899.7ms] req seq=2485 L26 k=2 ids=[10,12] w=[0.2657,0.1436] compute=1.85 ms ok
ds4: [t=+73917.1ms] req seq=2486 L29 k=2 ids=[197,171] w=[0.3406,0.2140] compute=1.91 ms ok
ds4: [t=+73930.6ms] req seq=2487 L31 k=3 ids=[166,114,61] w=[0.3239,0.1534,0.1483] compute=1.92 ms ok
ds4: [t=+73955.7ms] req seq=2488 L36 k=1 ids=[92] w=[0.1624] compute=1.91 ms ok
ds4: [t=+73976.8ms] req seq=2489 L39 k=1 ids=[169] w=[0.0898] compute=1.86 ms ok
ds4: [t=+73983.2ms] req seq=2490 L40 k=1 ids=[81] w=[0.1204] compute=1.85 ms ok
ds4: [t=+74021.0ms] req seq=2491 L5 k=3 ids=[132,85,194] w=[0.2585,0.2578,0.1123] compute=1.92 ms ok
ds4: [t=+74021.1ms] tok#238 done: 21 layer-reqs, 28 experts, compute 39.19 ms (1.87 ms/layer), wall 281.05 ms, errors=0, evict-hints=21 | cache: resident=3337/3337 slabs=3 wired=22.00 GiB mlock-fail=0 B hits=2491 misses=0 swaps=2490
ds4: [t=+74021.2ms] tok#238 experts: L3=[127] L5=[166,132,85] L8=[181] L9=[145] L10=[165] L13=[254] L15=[201] L17=[152] L18=[196] L19=[58] L20=[82] L21=[101,6] L22=[3] L23=[7] L24=[188] L26=[10,12] L29=[197,171] L31=[166,114,61] L36=[92] L39=[169] L40=[81]
ds4: [t=+74034.5ms] req seq=2492 L9 k=1 ids=[16] w=[0.1493] compute=1.91 ms ok
ds4: [t=+74059.3ms] req seq=2493 L19 k=1 ids=[219] w=[0.1213] compute=1.96 ms ok
ds4: [t=+74065.2ms] req seq=2494 L20 k=1 ids=[124] w=[0.2300] compute=1.86 ms ok
ds4: [t=+74071.3ms] req seq=2495 L21 k=1 ids=[6] w=[0.3667] compute=1.75 ms ok
ds4: [t=+74080.0ms] req seq=2496 L24 k=2 ids=[61,98] w=[0.1430,0.1428] compute=1.89 ms ok
ds4: [t=+74086.2ms] req seq=2497 L25 k=1 ids=[66] w=[0.1007] compute=1.88 ms ok
ds4: [t=+74102.8ms] req seq=2498 L31 k=1 ids=[114] w=[0.1374] compute=1.88 ms ok
ds4: [t=+74150.5ms] req seq=2499 L3 k=2 ids=[17,173] w=[0.1800,0.1658] compute=2.03 ms ok
ds4: [t=+74150.6ms] tok#239 done: 8 layer-reqs, 11 experts, compute 15.05 ms (1.88 ms/layer), wall 131.48 ms, errors=0, evict-hints=8 | cache: resident=3337/3337 slabs=3 wired=22.00 GiB mlock-fail=0 B hits=2499 misses=0 swaps=2498
ds4: [t=+74150.7ms] tok#239 experts: L5=[132,85,194] L9=[16] L19=[219] L20=[124] L21=[6] L24=[61,98] L25=[66] L31=[114]
ds4: [t=+74157.2ms] req seq=2500 L4 k=2 ids=[128,95] w=[0.2058,0.1073] compute=1.81 ms ok
ds4: [t=+74163.2ms] req seq=2501 L5 k=1 ids=[245] w=[0.2585] compute=1.80 ms ok
ds4: [t=+74173.9ms] req seq=2502 L8 k=1 ids=[91] w=[0.1533] compute=1.79 ms ok
ds4: [t=+74181.1ms] req seq=2503 L9 k=3 ids=[218,160,56] w=[0.2333,0.1831,0.1712] compute=1.91 ms ok
ds4: [t=+74189.4ms] req seq=2504 L11 k=1 ids=[121] w=[0.1528] compute=1.80 ms ok
ds4: [t=+74202.0ms] req seq=2505 L15 k=1 ids=[12] w=[0.1597] compute=1.88 ms ok
ds4: [t=+74209.6ms] req seq=2506 L17 k=1 ids=[93] w=[0.2375] compute=1.87 ms ok
ds4: [t=+74219.6ms] req seq=2507 L19 k=3 ids=[64,141,225] w=[0.2765,0.2215,0.1359] compute=1.83 ms ok
ds4: [t=+74230.8ms] req seq=2508 L21 k=1 ids=[45] w=[0.2451] compute=1.92 ms ok
ds4: [t=+74315.7ms] req seq=2509 L7 k=2 ids=[74,226] w=[0.2723,0.2195] compute=2.18 ms ok
ds4: [t=+74315.8ms] tok#240 done: 10 layer-reqs, 16 experts, compute 18.64 ms (1.86 ms/layer), wall 167.34 ms, errors=0, evict-hints=10 | cache: resident=3337/3337 slabs=3 wired=22.00 GiB mlock-fail=0 B hits=2509 misses=0 swaps=2508
ds4: [t=+74315.9ms] tok#240 experts: L3=[17,173] L4=[128,95] L5=[245] L8=[91] L9=[218,160,56] L11=[121] L15=[12] L17=[93] L19=[64,141,225] L21=[45]
ds4: [t=+74323.9ms] req seq=2510 L9 k=2 ids=[128,13] w=[0.3602,0.1607] compute=1.78 ms ok
ds4: [t=+74331.4ms] req seq=2511 L10 k=1 ids=[85] w=[0.3097] compute=1.90 ms ok
ds4: [t=+74337.3ms] req seq=2512 L11 k=1 ids=[101] w=[0.1612] compute=1.80 ms ok
ds4: [t=+74345.7ms] req seq=2513 L14 k=1 ids=[66] w=[0.2213] compute=1.85 ms ok
ds4: [t=+74351.2ms] req seq=2514 L15 k=1 ids=[3] w=[0.1888] compute=1.82 ms ok
ds4: [t=+74363.5ms] req seq=2515 L19 k=1 ids=[107] w=[0.0976] compute=1.94 ms ok
ds4: [t=+74372.4ms] req seq=2516 L22 k=1 ids=[58] w=[0.1909] compute=1.82 ms ok
ds4: [t=+74424.3ms] req seq=2517 L3 k=1 ids=[139] w=[0.1087] compute=2.12 ms ok
ds4: [t=+74424.4ms] tok#241 done: 8 layer-reqs, 10 experts, compute 15.10 ms (1.89 ms/layer), wall 110.89 ms, errors=0, evict-hints=8 | cache: resident=3337/3337 slabs=3 wired=22.00 GiB mlock-fail=0 B hits=2517 misses=0 swaps=2516
ds4: [t=+74424.4ms] tok#241 experts: L7=[74,226] L9=[128,13] L10=[85] L11=[101] L14=[66] L15=[3] L19=[107] L22=[58]
ds4: [t=+74430.6ms] req seq=2518 L4 k=1 ids=[121] w=[0.1011] compute=1.89 ms ok
ds4: [t=+74439.9ms] req seq=2519 L7 k=2 ids=[168,226] w=[0.4982,0.2670] compute=1.83 ms ok
ds4: [t=+74448.2ms] req seq=2520 L9 k=2 ids=[173,13] w=[0.1408,0.1310] compute=1.86 ms ok
ds4: [t=+74454.8ms] req seq=2521 L11 k=1 ids=[107] w=[0.1142] compute=1.81 ms ok
ds4: [t=+74460.8ms] req seq=2522 L12 k=1 ids=[150] w=[0.3584] compute=1.87 ms ok
ds4: [t=+74467.2ms] req seq=2523 L14 k=1 ids=[232] w=[0.2231] compute=1.80 ms ok
ds4: [t=+74473.5ms] req seq=2524 L15 k=2 ids=[75,42] w=[0.2567,0.1417] compute=1.85 ms ok
ds4: [t=+74481.2ms] req seq=2525 L17 k=2 ids=[217,87] w=[0.2616,0.2577] compute=1.86 ms ok
ds4: [t=+74487.7ms] req seq=2526 L18 k=1 ids=[23] w=[0.1437] compute=1.86 ms ok
ds4: [t=+74494.3ms] req seq=2527 L19 k=1 ids=[38] w=[0.4183] compute=1.82 ms ok
ds4: [t=+74502.0ms] req seq=2528 L21 k=2 ids=[104,32] w=[0.1613,0.1583] compute=1.73 ms ok
ds4: [t=+74507.6ms] req seq=2529 L22 k=1 ids=[146] w=[0.1449] compute=1.76 ms ok
ds4: [t=+74539.9ms] req seq=2530 L32 k=1 ids=[99] w=[0.1692] compute=1.90 ms ok
ds4: [t=+74596.9ms] req seq=2531 L3 k=1 ids=[11] w=[0.3384] compute=2.04 ms ok
ds4: [t=+74597.0ms] tok#242 done: 14 layer-reqs, 19 experts, compute 25.97 ms (1.85 ms/layer), wall 174.83 ms, errors=0, evict-hints=14 | cache: resident=3337/3337 slabs=3 wired=22.00 GiB mlock-fail=0 B hits=2531 misses=0 swaps=2530
ds4: [t=+74597.0ms] tok#242 experts: L3=[139] L4=[121] L7=[168,226] L9=[173,13] L11=[107] L12=[150] L14=[232] L15=[75,42] L17=[217,87] L18=[23] L19=[38] L21=[104,32] L22=[146] L32=[99]
ds4: [t=+74610.7ms] req seq=2532 L7 k=1 ids=[99] w=[0.1857] compute=1.86 ms ok
ds4: [t=+74619.3ms] req seq=2533 L9 k=1 ids=[41] w=[0.1144] compute=1.74 ms ok
ds4: [t=+74625.5ms] req seq=2534 L10 k=1 ids=[48] w=[0.2727] compute=1.78 ms ok
ds4: [t=+74636.9ms] req seq=2535 L14 k=1 ids=[16] w=[0.1925] compute=1.85 ms ok
ds4: [t=+74646.3ms] req seq=2536 L17 k=1 ids=[87] w=[0.3251] compute=1.90 ms ok
ds4: [t=+74652.6ms] req seq=2537 L18 k=1 ids=[71] w=[0.1455] compute=1.84 ms ok
ds4: [t=+74658.8ms] req seq=2538 L19 k=1 ids=[141] w=[0.0820] compute=1.84 ms ok
ds4: [t=+74665.9ms] req seq=2539 L21 k=1 ids=[113] w=[0.1366] compute=1.79 ms ok
ds4: [t=+74672.1ms] req seq=2540 L22 k=1 ids=[214] w=[0.2361] compute=1.78 ms ok
ds4: [t=+74685.7ms] req seq=2541 L26 k=1 ids=[113] w=[0.1568] compute=1.87 ms ok
ds4: [t=+74749.6ms] req seq=2542 L4 k=2 ids=[127,41] w=[0.1417,0.1282] compute=1.94 ms ok
ds4: [t=+74749.7ms] tok#243 done: 11 layer-reqs, 11 experts, compute 20.29 ms (1.84 ms/layer), wall 154.88 ms, errors=0, evict-hints=11 | cache: resident=3337/3337 slabs=3 wired=22.00 GiB mlock-fail=0 B hits=2542 misses=0 swaps=2541
ds4: [t=+74749.8ms] tok#243 experts: L3=[11] L7=[99] L9=[41] L10=[48] L14=[16] L17=[87] L18=[71] L19=[141] L21=[113] L22=[214] L26=[113]
ds4: [t=+74759.7ms] req seq=2543 L7 k=2 ids=[194,166] w=[0.2796,0.1176] compute=1.90 ms ok
ds4: [t=+74766.3ms] req seq=2544 L8 k=1 ids=[195] w=[0.2911] compute=1.74 ms ok
ds4: [t=+74775.2ms] req seq=2545 L10 k=2 ids=[197,185] w=[0.2075,0.0929] compute=1.78 ms ok
ds4: [t=+74785.3ms] req seq=2546 L12 k=1 ids=[109] w=[0.1568] compute=1.82 ms ok
ds4: [t=+74796.0ms] req seq=2547 L15 k=1 ids=[84] w=[0.1434] compute=1.87 ms ok
ds4: [t=+74807.3ms] req seq=2548 L18 k=1 ids=[107] w=[0.1519] compute=1.88 ms ok
ds4: [t=+74815.0ms] req seq=2549 L20 k=1 ids=[22] w=[0.2285] compute=1.87 ms ok
ds4: [t=+74821.2ms] req seq=2550 L21 k=1 ids=[117] w=[0.1311] compute=1.86 ms ok
ds4: [t=+74829.3ms] req seq=2551 L23 k=1 ids=[222] w=[0.1179] compute=1.82 ms ok
ds4: [t=+74854.0ms] req seq=2552 L30 k=1 ids=[75] w=[0.2485] compute=1.86 ms ok
ds4: [t=+74918.5ms] req seq=2553 L6 k=4 ids=[168,236,27,194] w=[0.5186,0.1212,0.1197,0.1133] compute=2.12 ms ok
ds4: [t=+74918.6ms] tok#244 done: 11 layer-reqs, 14 experts, compute 20.33 ms (1.85 ms/layer), wall 170.86 ms, errors=0, evict-hints=11 | cache: resident=3337/3337 slabs=3 wired=22.00 GiB mlock-fail=0 B hits=2553 misses=0 swaps=2552
ds4: [t=+74918.6ms] tok#244 experts: L4=[127,41] L7=[194,166] L8=[195] L10=[197,185] L12=[109] L15=[84] L18=[107] L20=[22] L21=[117] L23=[222] L30=[75]
ds4: [t=+74926.8ms] req seq=2554 L7 k=1 ids=[166] w=[0.1239] compute=1.84 ms ok
ds4: [t=+74937.2ms] req seq=2555 L11 k=1 ids=[99] w=[0.1412] compute=1.82 ms ok
ds4: [t=+74943.5ms] req seq=2556 L12 k=1 ids=[70] w=[0.1753] compute=1.90 ms ok
ds4: [t=+74953.6ms] req seq=2557 L15 k=1 ids=[189] w=[0.3734] compute=1.79 ms ok
ds4: [t=+74967.8ms] req seq=2558 L21 k=2 ids=[223,1] w=[0.2035,0.1782] compute=1.89 ms ok
ds4: [t=+74976.9ms] req seq=2559 L24 k=1 ids=[22] w=[0.1830] compute=1.84 ms ok
ds4: [t=+75046.3ms] req seq=2560 L7 k=1 ids=[98] w=[0.1351] compute=2.10 ms ok
ds4: [t=+75046.4ms] tok#245 done: 7 layer-reqs, 11 experts, compute 13.20 ms (1.89 ms/layer), wall 130.04 ms, errors=0, evict-hints=7 | cache: resident=3337/3337 slabs=3 wired=22.00 GiB mlock-fail=0 B hits=2560 misses=0 swaps=2559
ds4: [t=+75046.4ms] tok#245 experts: L6=[168,236,27,194] L7=[166] L11=[99] L12=[70] L15=[189] L21=[223,1] L24=[22]
ds4: [t=+75063.7ms] req seq=2561 L14 k=1 ids=[176] w=[0.1585] compute=1.91 ms ok
ds4: [t=+75069.9ms] req seq=2562 L15 k=1 ids=[132] w=[0.2225] compute=1.82 ms ok
ds4: [t=+75082.3ms] req seq=2563 L21 k=1 ids=[121] w=[0.1756] compute=1.90 ms ok
ds4: [t=+75145.0ms] req seq=2564 L6 k=1 ids=[229] w=[0.1505] compute=2.09 ms ok
ds4: [t=+75145.1ms] tok#246 done: 4 layer-reqs, 4 experts, compute 7.73 ms (1.93 ms/layer), wall 100.91 ms, errors=0, evict-hints=4 | cache: resident=3337/3337 slabs=3 wired=22.00 GiB mlock-fail=0 B hits=2564 misses=0 swaps=2563
ds4: [t=+75145.2ms] tok#246 experts: L7=[98] L14=[176] L15=[132] L21=[121]
ds4: [t=+75152.3ms] req seq=2565 L7 k=1 ids=[72] w=[0.1279] compute=1.81 ms ok
ds4: [t=+75158.5ms] req seq=2566 L8 k=1 ids=[145] w=[0.1765] compute=1.79 ms ok
ds4: [t=+75167.5ms] req seq=2567 L12 k=1 ids=[8] w=[0.2812] compute=1.78 ms ok
ds4: [t=+75175.1ms] req seq=2568 L15 k=1 ids=[100] w=[0.2035] compute=1.82 ms ok
ds4: [t=+75181.7ms] req seq=2569 L16 k=1 ids=[8] w=[0.1795] compute=1.80 ms ok
ds4: [t=+75188.0ms] req seq=2570 L18 k=1 ids=[176] w=[0.2154] compute=1.83 ms ok
ds4: [t=+75194.3ms] req seq=2571 L19 k=1 ids=[182] w=[0.1589] compute=1.86 ms ok
ds4: [t=+75200.9ms] req seq=2572 L20 k=1 ids=[91] w=[0.1771] compute=1.83 ms ok
ds4: [t=+75206.9ms] req seq=2573 L21 k=1 ids=[228] w=[0.1889] compute=1.80 ms ok
ds4: [t=+75216.6ms] req seq=2574 L24 k=1 ids=[156] w=[0.1188] compute=1.86 ms ok
ds4: [t=+75236.2ms] req seq=2575 L29 k=1 ids=[35] w=[0.4276] compute=1.88 ms ok
ds4: [t=+75283.6ms] req seq=2576 L42 k=1 ids=[176] w=[0.1543] compute=2.09 ms ok
ds4: [t=+75313.5ms] req seq=2577 L4 k=2 ids=[78,112] w=[0.1668,0.1202] compute=1.90 ms ok
ds4: [t=+75313.6ms] tok#247 done: 13 layer-reqs, 13 experts, compute 24.25 ms (1.87 ms/layer), wall 170.66 ms, errors=0, evict-hints=13 | cache: resident=3337/3337 slabs=3 wired=22.00 GiB mlock-fail=0 B hits=2577 misses=0 swaps=2576
ds4: [t=+75313.6ms] tok#247 experts: L6=[229] L7=[72] L8=[145] L12=[8] L15=[100] L16=[8] L18=[176] L19=[182] L20=[91] L21=[228] L24=[156] L29=[35] L42=[176]
ds4: [t=+75328.1ms] req seq=2578 L7 k=1 ids=[239] w=[0.1125] compute=1.88 ms ok
ds4: [t=+75339.7ms] req seq=2579 L10 k=1 ids=[191] w=[0.0843] compute=1.79 ms ok
ds4: [t=+75346.6ms] req seq=2580 L12 k=1 ids=[88] w=[0.1732] compute=1.83 ms ok
ds4: [t=+75354.0ms] req seq=2581 L14 k=1 ids=[138] w=[0.2222] compute=1.81 ms ok
ds4: [t=+75360.1ms] req seq=2582 L15 k=1 ids=[218] w=[0.1869] compute=1.85 ms ok
ds4: [t=+75367.4ms] req seq=2583 L16 k=2 ids=[46,43] w=[0.2220,0.2055] compute=1.83 ms ok
ds4: [t=+75381.2ms] req seq=2584 L20 k=1 ids=[98] w=[0.3255] compute=1.85 ms ok
ds4: [t=+75410.9ms] req seq=2585 L28 k=1 ids=[206] w=[0.2058] compute=1.88 ms ok
ds4: [t=+75418.0ms] req seq=2586 L29 k=1 ids=[25] w=[0.1636] compute=1.81 ms ok
ds4: [t=+75437.4ms] req seq=2587 L34 k=1 ids=[96] w=[0.1781] compute=1.85 ms ok
ds4: [t=+75460.4ms] req seq=2588 L39 k=2 ids=[181,165] w=[0.3868,0.1463] compute=1.90 ms ok
ds4: [t=+75476.1ms] req seq=2589 L42 k=1 ids=[227] w=[0.4081] compute=1.87 ms ok
ds4: [t=+75501.1ms] req seq=2590 L3 k=1 ids=[77] w=[0.1238] compute=1.88 ms ok
ds4: [t=+75501.2ms] tok#248 done: 13 layer-reqs, 16 experts, compute 24.04 ms (1.85 ms/layer), wall 189.64 ms, errors=0, evict-hints=13 | cache: resident=3337/3337 slabs=3 wired=22.00 GiB mlock-fail=0 B hits=2590 misses=0 swaps=2589
ds4: [t=+75501.3ms] tok#248 experts: L4=[78,112] L7=[239] L10=[191] L12=[88] L14=[138] L15=[218] L16=[46,43] L20=[98] L28=[206] L29=[25] L34=[96] L39=[181,165] L42=[227]
ds4: [t=+75511.3ms] req seq=2591 L5 k=2 ids=[180,176] w=[0.4980,0.1116] compute=1.87 ms ok
ds4: [t=+75527.0ms] req seq=2592 L8 k=2 ids=[83,39] w=[0.1130,0.1052] compute=1.87 ms ok
ds4: [t=+75536.0ms] req seq=2593 L10 k=1 ids=[232] w=[0.3234] compute=1.82 ms ok
ds4: [t=+75542.5ms] req seq=2594 L11 k=1 ids=[119] w=[0.1753] compute=1.90 ms ok
ds4: [t=+75552.5ms] req seq=2595 L13 k=1 ids=[115] w=[0.1321] compute=1.80 ms ok
ds4: [t=+75565.4ms] req seq=2596 L15 k=1 ids=[154] w=[0.1850] compute=1.89 ms ok
ds4: [t=+75572.9ms] req seq=2597 L16 k=2 ids=[59,193] w=[0.2226,0.2115] compute=1.81 ms ok
ds4: [t=+75579.0ms] req seq=2598 L17 k=1 ids=[127] w=[0.2047] compute=1.83 ms ok
ds4: [t=+75585.8ms] req seq=2599 L18 k=1 ids=[167] w=[0.3805] compute=1.85 ms ok
ds4: [t=+75592.6ms] req seq=2600 L19 k=1 ids=[224] w=[0.4701] compute=1.85 ms ok
ds4: [t=+75598.7ms] req seq=2601 L20 k=1 ids=[121] w=[0.1904] compute=1.78 ms ok
ds4: [t=+75604.9ms] req seq=2602 L21 k=1 ids=[156] w=[0.3641] compute=1.83 ms ok
ds4: [t=+75611.5ms] req seq=2603 L22 k=1 ids=[61] w=[0.3362] compute=1.83 ms ok
ds4: [t=+75618.3ms] req seq=2604 L23 k=1 ids=[16] w=[0.1803] compute=1.75 ms ok
ds4: [t=+75625.0ms] req seq=2605 L24 k=1 ids=[25] w=[0.1262] compute=1.75 ms ok
ds4: [t=+75631.6ms] req seq=2606 L25 k=1 ids=[93] w=[0.1537] compute=1.72 ms ok
ds4: [t=+75654.4ms] req seq=2607 L29 k=1 ids=[98] w=[0.4810] compute=1.79 ms ok
ds4: [t=+75666.0ms] req seq=2608 L31 k=1 ids=[198] w=[0.3058] compute=1.90 ms ok
ds4: [t=+75684.1ms] req seq=2609 L35 k=1 ids=[252] w=[0.1486] compute=1.87 ms ok
ds4: [t=+75690.8ms] req seq=2610 L36 k=1 ids=[169] w=[0.1863] compute=1.82 ms ok
ds4: [t=+75701.7ms] req seq=2611 L39 k=1 ids=[52] w=[0.2917] compute=1.87 ms ok
ds4: [t=+75740.4ms] req seq=2612 L3 k=1 ids=[0] w=[0.4815] compute=1.91 ms ok
ds4: [t=+75740.5ms] tok#249 done: 22 layer-reqs, 25 experts, compute 40.31 ms (1.83 ms/layer), wall 241.19 ms, errors=0, evict-hints=22 | cache: resident=3337/3337 slabs=3 wired=22.00 GiB mlock-fail=0 B hits=2612 misses=0 swaps=2611
ds4: [t=+75740.5ms] tok#249 experts: L3=[77] L5=[180,176] L8=[83,39] L10=[232] L11=[119] L13=[115] L15=[154] L16=[59,193] L17=[127] L18=[167] L19=[224] L20=[121] L21=[156] L22=[61] L23=[16] L24=[25] L25=[93] L29=[98] L31=[198] L35=[252] L36=[169] L39=[52]
ds4: [t=+75749.9ms] req seq=2613 L5 k=1 ids=[226] w=[0.1602] compute=1.89 ms ok
ds4: [t=+75767.8ms] req seq=2614 L9 k=1 ids=[150] w=[0.1765] compute=1.84 ms ok
ds4: [t=+75795.5ms] req seq=2615 L16 k=1 ids=[169] w=[0.1654] compute=1.91 ms ok
ds4: [t=+75808.8ms] req seq=2616 L19 k=1 ids=[49] w=[0.1832] compute=1.85 ms ok
ds4: [t=+75815.5ms] req seq=2617 L20 k=1 ids=[32] w=[0.1697] compute=1.84 ms ok
ds4: [t=+75828.9ms] req seq=2618 L23 k=1 ids=[29] w=[0.1907] compute=1.92 ms ok
ds4: [t=+75863.9ms] req seq=2619 L32 k=1 ids=[239] w=[0.1241] compute=1.86 ms ok
ds4: [t=+75870.8ms] req seq=2620 L33 k=1 ids=[19] w=[0.2021] compute=1.82 ms ok
ds4: [t=+75915.8ms] req seq=2621 L3 k=1 ids=[143] w=[0.0815] compute=2.08 ms ok
ds4: [t=+75915.9ms] tok#250 done: 9 layer-reqs, 9 experts, compute 16.83 ms (1.87 ms/layer), wall 177.43 ms, errors=0, evict-hints=9 | cache: resident=3337/3337 slabs=3 wired=22.00 GiB mlock-fail=0 B hits=2621 misses=0 swaps=2620
ds4: [t=+75915.9ms] tok#250 experts: L3=[0] L5=[226] L9=[150] L16=[169] L19=[49] L20=[32] L23=[29] L32=[239] L33=[19]
ds4: [t=+75922.6ms] req seq=2622 L4 k=2 ids=[210,168] w=[0.2774,0.1362] compute=1.84 ms ok
ds4: [t=+75933.7ms] req seq=2623 L7 k=1 ids=[26] w=[0.1263] compute=1.87 ms ok
ds4: [t=+75943.7ms] req seq=2624 L10 k=1 ids=[133] w=[0.2661] compute=1.89 ms ok
ds4: [t=+75949.6ms] req seq=2625 L11 k=2 ids=[25,98] w=[0.4304,0.2040] compute=1.80 ms ok
ds4: [t=+75956.1ms] req seq=2626 L12 k=2 ids=[63,136] w=[0.4577,0.1755] compute=1.82 ms ok
ds4: [t=+75962.9ms] req seq=2627 L13 k=1 ids=[45] w=[0.2642] compute=1.90 ms ok
ds4: [t=+75970.0ms] req seq=2628 L14 k=1 ids=[46] w=[0.1973] compute=1.82 ms ok
ds4: [t=+75986.2ms] req seq=2629 L17 k=1 ids=[15] w=[0.1982] compute=1.85 ms ok
ds4: [t=+76001.1ms] req seq=2630 L21 k=2 ids=[159,102] w=[0.1897,0.1506] compute=1.90 ms ok
ds4: [t=+76015.7ms] req seq=2631 L24 k=1 ids=[63] w=[0.1396] compute=1.92 ms ok
ds4: [t=+76056.7ms] req seq=2632 L36 k=1 ids=[191] w=[0.2539] compute=1.91 ms ok
ds4: [t=+76093.1ms] req seq=2633 L3 k=1 ids=[10] w=[0.1323] compute=1.88 ms ok
ds4: [t=+76093.2ms] tok#251 done: 12 layer-reqs, 16 experts, compute 22.60 ms (1.88 ms/layer), wall 179.43 ms, errors=0, evict-hints=12 | cache: resident=3337/3337 slabs=3 wired=22.00 GiB mlock-fail=0 B hits=2633 misses=0 swaps=2632
ds4: [t=+76093.2ms] tok#251 experts: L3=[143] L4=[210,168] L7=[26] L10=[133] L11=[25,98] L12=[63,136] L13=[45] L14=[46] L17=[15] L21=[159,102] L24=[63] L36=[191]
ds4: [t=+76101.1ms] req seq=2634 L5 k=1 ids=[117] w=[0.1913] compute=1.81 ms ok
ds4: [t=+76107.2ms] req seq=2635 L6 k=1 ids=[228] w=[0.2348] compute=1.78 ms ok
ds4: [t=+76117.4ms] req seq=2636 L9 k=1 ids=[59] w=[0.1139] compute=1.90 ms ok
ds4: [t=+76123.6ms] req seq=2637 L10 k=2 ids=[10,7] w=[0.4320,0.1058] compute=1.79 ms ok
ds4: [t=+76129.9ms] req seq=2638 L11 k=1 ids=[98] w=[0.3325] compute=1.82 ms ok
ds4: [t=+76136.2ms] req seq=2639 L12 k=1 ids=[201] w=[0.2607] compute=1.81 ms ok
ds4: [t=+76147.4ms] req seq=2640 L15 k=2 ids=[123,160] w=[0.3384,0.1875] compute=1.88 ms ok
ds4: [t=+76156.1ms] req seq=2641 L17 k=1 ids=[157] w=[0.2573] compute=1.82 ms ok
ds4: [t=+76162.6ms] req seq=2642 L18 k=1 ids=[104] w=[0.2182] compute=1.88 ms ok
ds4: [t=+76193.7ms] req seq=2643 L29 k=1 ids=[239] w=[0.4279] compute=1.91 ms ok
ds4: [t=+76229.6ms] req seq=2644 L1 k=1 ids=[99] w=[0.2733] compute=1.88 ms ok
ds4: [t=+76229.7ms] tok#252 done: 11 layer-reqs, 13 experts, compute 20.28 ms (1.84 ms/layer), wall 138.48 ms, errors=0, evict-hints=11 | cache: resident=3337/3337 slabs=3 wired=22.00 GiB mlock-fail=0 B hits=2644 misses=0 swaps=2643
ds4: [t=+76229.7ms] tok#252 experts: L3=[10] L5=[117] L6=[228] L9=[59] L10=[10,7] L11=[98] L12=[201] L15=[123,160] L17=[157] L18=[104] L29=[239]
ds4: [t=+76248.2ms] req seq=2645 L8 k=1 ids=[10] w=[0.5431] compute=1.89 ms ok
ds4: [t=+76261.4ms] req seq=2646 L13 k=1 ids=[187] w=[0.1942] compute=1.88 ms ok
ds4: [t=+76267.9ms] req seq=2647 L15 k=2 ids=[90,242] w=[0.1410,0.1366] compute=1.80 ms ok
ds4: [t=+76274.1ms] req seq=2648 L16 k=1 ids=[81] w=[0.2122] compute=1.79 ms ok
ds4: [t=+76281.7ms] req seq=2649 L18 k=1 ids=[68] w=[0.2147] compute=1.90 ms ok
ds4: [t=+76318.1ms] req seq=2650 L35 k=1 ids=[74] w=[0.2227] compute=1.95 ms ok
ds4: [t=+76325.0ms] req seq=2651 L37 k=1 ids=[122] w=[0.1980] compute=1.83 ms ok
ds4: [t=+76347.9ms] req seq=2652 L3 k=1 ids=[230] w=[0.1183] compute=1.87 ms ok
ds4: [t=+76348.0ms] tok#253 done: 8 layer-reqs, 9 experts, compute 14.91 ms (1.86 ms/layer), wall 120.23 ms, errors=0, evict-hints=8 | cache: resident=3337/3337 slabs=3 wired=22.00 GiB mlock-fail=0 B hits=2652 misses=0 swaps=2651
ds4: [t=+76348.0ms] tok#253 experts: L1=[99] L8=[10] L13=[187] L15=[90,242] L16=[81] L18=[68] L35=[74] L37=[122]
ds4: [t=+76355.5ms] req seq=2653 L6 k=1 ids=[236] w=[0.1219] compute=1.83 ms ok
ds4: [t=+76364.5ms] req seq=2654 L10 k=1 ids=[7] w=[0.3917] compute=1.89 ms ok
ds4: [t=+76370.6ms] req seq=2655 L11 k=1 ids=[79] w=[0.1421] compute=1.84 ms ok
ds4: [t=+76383.0ms] req seq=2656 L16 k=2 ids=[231,77] w=[0.3753,0.2587] compute=1.82 ms ok
ds4: [t=+76388.5ms] req seq=2657 L17 k=1 ids=[74] w=[0.2809] compute=1.71 ms ok
ds4: [t=+76393.9ms] req seq=2658 L18 k=1 ids=[137] w=[0.1828] compute=1.80 ms ok
ds4: [t=+76401.6ms] req seq=2659 L21 k=2 ids=[138,50] w=[0.2183,0.1056] compute=1.75 ms ok
ds4: [t=+76456.6ms] req seq=2660 L5 k=1 ids=[129] w=[0.5193] compute=2.06 ms ok
ds4: [t=+76456.7ms] tok#254 done: 8 layer-reqs, 10 experts, compute 14.51 ms (1.81 ms/layer), wall 110.70 ms, errors=0, evict-hints=8 | cache: resident=3337/3337 slabs=3 wired=22.00 GiB mlock-fail=0 B hits=2660 misses=0 swaps=2659
ds4: [t=+76456.8ms] tok#254 experts: L3=[230] L6=[236] L10=[7] L11=[79] L16=[231,77] L17=[74] L18=[137] L21=[138,50]
ds4: [t=+76465.4ms] req seq=2661 L6 k=1 ids=[200] w=[0.1143] compute=1.84 ms ok
ds4: [t=+76471.5ms] req seq=2662 L7 k=3 ids=[254,10,111] w=[0.1418,0.1262,0.1226] compute=1.78 ms ok
ds4: [t=+76481.7ms] req seq=2663 L10 k=1 ids=[15] w=[0.2839] compute=1.89 ms ok
ds4: [t=+76488.4ms] req seq=2664 L11 k=1 ids=[220] w=[0.1716] compute=1.83 ms ok
ds4: [t=+76495.1ms] req seq=2665 L13 k=1 ids=[147] w=[0.2180] compute=1.84 ms ok
ds4: [t=+76501.2ms] req seq=2666 L14 k=2 ids=[113,182] w=[0.1630,0.0985] compute=1.82 ms ok
ds4: [t=+76507.4ms] req seq=2667 L15 k=2 ids=[178,160] w=[0.3076,0.2756] compute=1.80 ms ok
ds4: [t=+76516.2ms] req seq=2668 L18 k=1 ids=[193] w=[0.1755] compute=1.86 ms ok
ds4: [t=+76522.2ms] req seq=2669 L19 k=1 ids=[110] w=[0.1206] compute=1.79 ms ok
ds4: [t=+76529.4ms] req seq=2670 L21 k=1 ids=[247] w=[0.2426] compute=1.82 ms ok
ds4: [t=+76580.8ms] req seq=2671 L39 k=1 ids=[223] w=[0.2093] compute=1.92 ms ok
ds4: [t=+76616.3ms] req seq=2672 L6 k=1 ids=[4] w=[0.1020] compute=1.89 ms ok
ds4: [t=+76616.4ms] tok#255 done: 12 layer-reqs, 16 experts, compute 22.26 ms (1.85 ms/layer), wall 161.79 ms, errors=0, evict-hints=12 | cache: resident=3337/3337 slabs=3 wired=22.00 GiB mlock-fail=0 B hits=2672 misses=0 swaps=2671
ds4: [t=+76616.4ms] tok#255 experts: L5=[129] L6=[200] L7=[254,10,111] L10=[15] L11=[220] L13=[147] L14=[113,182] L15=[178,160] L18=[193] L19=[110] L21=[247] L39=[223]
ds4: [t=+76626.1ms] req seq=2673 L9 k=1 ids=[194] w=[0.1240] compute=1.84 ms ok
ds4: [t=+76645.9ms] req seq=2674 L16 k=1 ids=[192] w=[0.1620] compute=1.87 ms ok
ds4: [t=+76654.0ms] req seq=2675 L18 k=1 ids=[2] w=[0.2986] compute=1.79 ms ok
ds4: [t=+76660.7ms] req seq=2676 L19 k=1 ids=[201] w=[0.1748] compute=1.85 ms ok
ds4: [t=+76729.2ms] req seq=2677 L3 k=1 ids=[60] w=[0.0825] compute=2.05 ms ok
ds4: [t=+76729.4ms] tok#256 done: 5 layer-reqs, 5 experts, compute 9.23 ms (1.85 ms/layer), wall 114.94 ms, errors=0, evict-hints=5 | cache: resident=3337/3337 slabs=3 wired=22.00 GiB mlock-fail=0 B hits=2677 misses=0 swaps=2676
ds4: [t=+76729.4ms] tok#256 experts: L6=[4] L9=[194] L16=[192] L18=[2] L19=[201]
ds4: [t=+76736.6ms] req seq=2678 L4 k=1 ids=[181] w=[0.1743] compute=1.85 ms ok
ds4: [t=+76747.7ms] req seq=2679 L7 k=3 ids=[163,107,66] w=[0.2707,0.1329,0.1245] compute=1.92 ms ok
ds4: [t=+76754.1ms] req seq=2680 L9 k=1 ids=[0] w=[0.1249] compute=1.84 ms ok
ds4: [t=+76760.9ms] req seq=2681 L10 k=1 ids=[147] w=[0.1375] compute=1.87 ms ok
ds4: [t=+76767.2ms] req seq=2682 L11 k=1 ids=[228] w=[0.2141] compute=1.77 ms ok
ds4: [t=+76772.9ms] req seq=2683 L12 k=1 ids=[209] w=[0.1727] compute=1.79 ms ok
ds4: [t=+76780.2ms] req seq=2684 L14 k=1 ids=[218] w=[0.1949] compute=1.83 ms ok
ds4: [t=+76790.1ms] req seq=2685 L17 k=1 ids=[40] w=[0.1872] compute=1.78 ms ok
ds4: [t=+76796.8ms] req seq=2686 L19 k=2 ids=[223,98] w=[0.4123,0.3289] compute=1.85 ms ok
ds4: [t=+76804.2ms] req seq=2687 L21 k=2 ids=[90,123] w=[0.2665,0.1177] compute=1.82 ms ok
ds4: [t=+76820.0ms] req seq=2688 L26 k=1 ids=[180] w=[0.2095] compute=1.91 ms ok
ds4: [t=+76831.3ms] req seq=2689 L29 k=1 ids=[240] w=[0.1878] compute=1.89 ms ok
ds4: [t=+76880.7ms] req seq=2690 L3 k=1 ids=[151] w=[0.0984] compute=2.10 ms ok
ds4: [t=+76880.9ms] tok#257 done: 13 layer-reqs, 17 experts, compute 24.16 ms (1.86 ms/layer), wall 153.63 ms, errors=0, evict-hints=13 | cache: resident=3337/3337 slabs=3 wired=22.00 GiB mlock-fail=0 B hits=2690 misses=0 swaps=2689
ds4: [t=+76880.9ms] tok#257 experts: L3=[60] L4=[181] L7=[163,107,66] L9=[0] L10=[147] L11=[228] L12=[209] L14=[218] L17=[40] L19=[223,98] L21=[90,123] L26=[180] L29=[240]
ds4: [t=+76899.4ms] req seq=2691 L9 k=1 ids=[149] w=[0.0965] compute=1.86 ms ok
ds4: [t=+76905.6ms] req seq=2692 L10 k=2 ids=[25,111] w=[0.1961,0.1817] compute=1.78 ms ok
ds4: [t=+76916.9ms] req seq=2693 L14 k=2 ids=[205,216] w=[0.1441,0.1331] compute=1.89 ms ok
ds4: [t=+76923.7ms] req seq=2694 L15 k=1 ids=[160] w=[0.1960] compute=1.81 ms ok
ds4: [t=+76931.5ms] req seq=2695 L18 k=2 ids=[125,185] w=[0.1973,0.1801] compute=1.85 ms ok
ds4: [t=+76937.5ms] req seq=2696 L19 k=1 ids=[98] w=[0.1116] compute=1.84 ms ok
ds4: [t=+76950.6ms] req seq=2697 L25 k=1 ids=[1] w=[0.2951] compute=1.85 ms ok
ds4: [t=+76961.6ms] req seq=2698 L29 k=1 ids=[96] w=[0.1045] compute=1.88 ms ok
ds4: [t=+76967.9ms] req seq=2699 L30 k=1 ids=[111] w=[0.1225] compute=1.83 ms ok
ds4: [t=+77017.2ms] req seq=2700 L7 k=1 ids=[127] w=[0.1960] compute=2.08 ms ok
ds4: [t=+77017.3ms] tok#258 done: 10 layer-reqs, 13 experts, compute 18.69 ms (1.87 ms/layer), wall 138.68 ms, errors=0, evict-hints=10 | cache: resident=3337/3337 slabs=3 wired=22.00 GiB mlock-fail=0 B hits=2700 misses=0 swaps=2699
ds4: [t=+77017.4ms] tok#258 experts: L3=[151] L9=[149] L10=[25,111] L14=[205,216] L15=[160] L18=[125,185] L19=[98] L25=[1] L29=[96] L30=[111]
ds4: [t=+77027.7ms] req seq=2701 L10 k=1 ids=[231] w=[0.1855] compute=1.96 ms ok
ds4: [t=+77052.5ms] req seq=2702 L20 k=1 ids=[242] w=[0.2004] compute=1.90 ms ok
ds4: [t=+77059.3ms] req seq=2703 L22 k=1 ids=[52] w=[0.1463] compute=1.91 ms ok
ds4: [t=+77074.6ms] req seq=2704 L27 k=1 ids=[238] w=[0.1314] compute=1.83 ms ok
ds4: [t=+77090.4ms] req seq=2705 L34 k=1 ids=[83] w=[0.2374] compute=1.86 ms ok
ds4: [t=+77102.0ms] req seq=2706 L39 k=1 ids=[165] w=[0.2819] compute=1.89 ms ok
ds4: [t=+77116.5ms] req seq=2707 L0 k=1 ids=[17] w=[0.5457] compute=1.91 ms ok
ds4: [t=+77116.6ms] tok#259 done: 7 layer-reqs, 7 experts, compute 13.42 ms (1.92 ms/layer), wall 101.47 ms, errors=0, evict-hints=7 | cache: resident=3337/3337 slabs=3 wired=22.00 GiB mlock-fail=0 B hits=2707 misses=0 swaps=2706
ds4: [t=+77116.7ms] tok#259 experts: L7=[127] L10=[231] L20=[242] L22=[52] L27=[238] L34=[83] L39=[165]
ds4: [t=+77125.3ms] req seq=2708 L2 k=1 ids=[129] w=[0.2846] compute=1.82 ms ok
ds4: [t=+77140.6ms] req seq=2709 L7 k=1 ids=[199] w=[0.1253] compute=1.82 ms ok
ds4: [t=+77148.4ms] req seq=2710 L9 k=1 ids=[112] w=[0.1190] compute=1.84 ms ok
ds4: [t=+77154.4ms] req seq=2711 L10 k=1 ids=[235] w=[0.3281] compute=1.82 ms ok
ds4: [t=+77160.5ms] req seq=2712 L11 k=2 ids=[253,140] w=[0.1555,0.1155] compute=1.86 ms ok
ds4: [t=+77166.9ms] req seq=2713 L12 k=1 ids=[1] w=[0.1568] compute=1.83 ms ok
ds4: [t=+77174.6ms] req seq=2714 L14 k=1 ids=[11] w=[0.1828] compute=1.82 ms ok
ds4: [t=+77180.7ms] req seq=2715 L15 k=2 ids=[141,174] w=[0.2118,0.1654] compute=1.90 ms ok
ds4: [t=+77193.1ms] req seq=2716 L18 k=1 ids=[84] w=[0.1856] compute=1.90 ms ok
ds4: [t=+77203.6ms] req seq=2717 L20 k=1 ids=[125] w=[0.1480] compute=1.79 ms ok
ds4: [t=+77216.4ms] req seq=2718 L22 k=3 ids=[127,27,241] w=[0.3704,0.2043,0.1442] compute=1.86 ms ok
ds4: [t=+77286.8ms] req seq=2719 L32 k=1 ids=[92] w=[0.1892] compute=2.08 ms ok
ds4: [t=+77301.5ms] req seq=2720 L34 k=1 ids=[184] w=[0.3396] compute=1.88 ms ok
ds4: [t=+77311.3ms] req seq=2721 L37 k=1 ids=[94] w=[0.2054] compute=1.81 ms ok
ds4: [t=+77362.3ms] req seq=2722 L6 k=1 ids=[75] w=[0.1490] compute=1.93 ms ok
ds4: [t=+77362.5ms] tok#260 done: 15 layer-reqs, 19 experts, compute 27.94 ms (1.86 ms/layer), wall 247.82 ms, errors=0, evict-hints=15 | cache: resident=3337/3337 slabs=3 wired=22.00 GiB mlock-fail=0 B hits=2722 misses=0 swaps=2721
ds4: [t=+77362.5ms] tok#260 experts: L0=[17] L2=[129] L7=[199] L9=[112] L10=[235] L11=[253,140] L12=[1] L14=[11] L15=[141,174] L18=[84] L20=[125] L22=[127,27,241] L32=[92] L34=[184] L37=[94]
ds4: [t=+77378.3ms] req seq=2723 L10 k=1 ids=[122] w=[0.1277] compute=1.88 ms ok
ds4: [t=+77387.9ms] req seq=2724 L12 k=1 ids=[125] w=[0.3194] compute=1.79 ms ok
ds4: [t=+77538.7ms] req seq=2725 L28 k=1 ids=[214] w=[0.1072] compute=2.08 ms ok
ds4: [t=+77579.0ms] req seq=2726 L3 k=1 ids=[249] w=[0.1751] compute=1.85 ms ok
ds4: [t=+77579.1ms] tok#261 done: 4 layer-reqs, 4 experts, compute 7.68 ms (1.92 ms/layer), wall 218.64 ms, errors=0, evict-hints=4 | cache: resident=3337/3337 slabs=3 wired=22.00 GiB mlock-fail=0 B hits=2726 misses=0 swaps=2725
ds4: [t=+77579.1ms] tok#261 experts: L6=[75] L10=[122] L12=[125] L28=[214]
ds4: [t=+77588.5ms] req seq=2727 L6 k=1 ids=[209] w=[0.1166] compute=1.79 ms ok
ds4: [t=+77594.5ms] req seq=2728 L7 k=1 ids=[147] w=[0.1526] compute=1.81 ms ok
ds4: [t=+77614.5ms] req seq=2729 L18 k=1 ids=[126] w=[0.1833] compute=1.86 ms ok
ds4: [t=+77621.8ms] req seq=2730 L21 k=1 ids=[32] w=[0.1650] compute=1.86 ms ok
ds4: [t=+77628.1ms] req seq=2731 L22 k=1 ids=[27] w=[0.4201] compute=1.81 ms ok
ds4: [t=+77636.5ms] req seq=2732 L25 k=1 ids=[6] w=[0.1639] compute=1.80 ms ok
ds4: [t=+77648.4ms] req seq=2733 L29 k=1 ids=[115] w=[0.1863] compute=1.87 ms ok
ds4: [t=+77669.5ms] req seq=2734 L37 k=1 ids=[77] w=[0.1328] compute=1.84 ms ok
ds4: [t=+77691.5ms] req seq=2735 L0 k=1 ids=[9] w=[0.3959] compute=1.95 ms ok
ds4: [t=+77691.6ms] tok#262 done: 9 layer-reqs, 9 experts, compute 16.49 ms (1.83 ms/layer), wall 114.38 ms, errors=0, evict-hints=9 | cache: resident=3337/3337 slabs=3 wired=22.00 GiB mlock-fail=0 B hits=2735 misses=0 swaps=2734
ds4: [t=+77691.6ms] tok#262 experts: L3=[249] L6=[209] L7=[147] L18=[126] L21=[32] L22=[27] L25=[6] L29=[115] L37=[77]
ds4: [t=+77703.4ms] req seq=2736 L4 k=1 ids=[147] w=[0.0996] compute=1.46 ms ok
ds4: [t=+77709.1ms] req seq=2737 L6 k=1 ids=[181] w=[0.1450] compute=1.55 ms ok
ds4: [t=+77714.9ms] req seq=2738 L7 k=1 ids=[226] w=[0.2714] compute=1.42 ms ok
ds4: [t=+77726.0ms] req seq=2739 L10 k=1 ids=[111] w=[0.1045] compute=1.66 ms ok
ds4: [t=+77732.3ms] req seq=2740 L11 k=1 ids=[126] w=[0.2333] compute=1.50 ms ok
ds4: [t=+77741.2ms] req seq=2741 L14 k=1 ids=[116] w=[0.2443] compute=1.45 ms ok
ds4: [t=+77757.6ms] req seq=2742 L20 k=1 ids=[85] w=[0.1729] compute=1.53 ms ok
ds4: [t=+77769.3ms] req seq=2743 L24 k=2 ids=[101,236] w=[0.1250,0.1124] compute=1.62 ms ok
ds4: [t=+77788.7ms] req seq=2744 L31 k=1 ids=[255] w=[0.3296] compute=1.61 ms ok
ds4: [t=+77838.9ms] req seq=2745 L7 k=1 ids=[216] w=[0.1730] compute=1.79 ms ok
ds4: [t=+77839.0ms] tok#263 done: 10 layer-reqs, 11 experts, compute 15.74 ms (1.57 ms/layer), wall 149.51 ms, errors=0, evict-hints=10 | cache: resident=3337/3337 slabs=3 wired=22.00 GiB mlock-fail=0 B hits=2745 misses=0 swaps=2744
ds4: [t=+77839.1ms] tok#263 experts: L0=[9] L4=[147] L6=[181] L7=[226] L10=[111] L11=[126] L14=[116] L20=[85] L24=[101,236] L31=[255]
ds4: [t=+77848.4ms] req seq=2746 L10 k=1 ids=[6] w=[0.1764] compute=1.72 ms ok
ds4: [t=+77860.7ms] req seq=2747 L14 k=1 ids=[31] w=[0.1221] compute=1.65 ms ok
ds4: [t=+77886.2ms] req seq=2748 L25 k=2 ids=[242,120] w=[0.1186,0.1074] compute=1.82 ms ok
ds4: [t=+77951.3ms] req seq=2749 L10 k=1 ids=[228] w=[0.1809] compute=2.07 ms ok
ds4: [t=+77951.5ms] tok#264 done: 4 layer-reqs, 5 experts, compute 6.98 ms (1.75 ms/layer), wall 114.29 ms, errors=0, evict-hints=4 | cache: resident=3337/3337 slabs=3 wired=22.00 GiB mlock-fail=0 B hits=2749 misses=0 swaps=2748
ds4: [t=+77951.5ms] tok#264 experts: L7=[216] L10=[6] L14=[31] L25=[242,120]
ds4: [t=+77958.4ms] req seq=2750 L11 k=1 ids=[197] w=[0.1651] compute=1.84 ms ok
ds4: [t=+77964.5ms] req seq=2751 L12 k=2 ids=[61,204] w=[0.2108,0.2078] compute=1.79 ms ok
ds4: [t=+77970.8ms] req seq=2752 L13 k=1 ids=[241] w=[0.1484] compute=1.83 ms ok
ds4: [t=+77977.4ms] req seq=2753 L14 k=1 ids=[80] w=[0.2399] compute=1.84 ms ok
ds4: [t=+77985.7ms] req seq=2754 L17 k=1 ids=[130] w=[0.2373] compute=1.79 ms ok
ds4: [t=+77996.7ms] req seq=2755 L22 k=1 ids=[181] w=[0.1800] compute=1.90 ms ok
ds4: [t=+78002.8ms] req seq=2756 L24 k=1 ids=[236] w=[0.0987] compute=1.80 ms ok
ds4: [t=+78049.1ms] req seq=2757 L3 k=1 ids=[231] w=[0.1132] compute=2.05 ms ok
ds4: [t=+78049.2ms] tok#265 done: 8 layer-reqs, 9 experts, compute 14.84 ms (1.86 ms/layer), wall 99.91 ms, errors=0, evict-hints=8 | cache: resident=3337/3337 slabs=3 wired=22.00 GiB mlock-fail=0 B hits=2757 misses=0 swaps=2756
ds4: [t=+78049.2ms] tok#265 experts: L10=[228] L11=[197] L12=[61,204] L13=[241] L14=[80] L17=[130] L22=[181] L24=[236]
ds4: [t=+78056.1ms] req seq=2758 L5 k=1 ids=[67] w=[0.1761] compute=1.85 ms ok
ds4: [t=+78062.4ms] req seq=2759 L6 k=1 ids=[211] w=[0.1577] compute=1.80 ms ok
ds4: [t=+78072.0ms] req seq=2760 L8 k=1 ids=[232] w=[0.1618] compute=1.81 ms ok
ds4: [t=+78080.5ms] req seq=2761 L10 k=1 ids=[182] w=[0.1413] compute=1.85 ms ok
ds4: [t=+78087.4ms] req seq=2762 L12 k=1 ids=[204] w=[0.1764] compute=1.83 ms ok
ds4: [t=+78096.3ms] req seq=2763 L15 k=1 ids=[15] w=[0.1930] compute=1.82 ms ok
ds4: [t=+78107.6ms] req seq=2764 L20 k=2 ids=[66,193] w=[0.2242,0.1776] compute=1.85 ms ok
ds4: [t=+78114.2ms] req seq=2765 L22 k=1 ids=[108] w=[0.1308] compute=1.87 ms ok
ds4: [t=+78177.9ms] req seq=2766 L5 k=2 ids=[85,194] w=[0.1475,0.1328] compute=2.13 ms ok
ds4: [t=+78178.0ms] tok#266 done: 9 layer-reqs, 10 experts, compute 16.73 ms (1.86 ms/layer), wall 130.97 ms, errors=0, evict-hints=9 | cache: resident=3337/3337 slabs=3 wired=22.00 GiB mlock-fail=0 B hits=2766 misses=0 swaps=2765
ds4: [t=+78178.1ms] tok#266 experts: L3=[231] L5=[67] L6=[211] L8=[232] L10=[182] L12=[204] L15=[15] L20=[66,193] L22=[108]
ds4: [t=+78196.4ms] req seq=2767 L13 k=1 ids=[121] w=[0.1232] compute=1.86 ms ok
ds4: [t=+78204.6ms] req seq=2768 L16 k=1 ids=[6] w=[0.1772] compute=1.83 ms ok
ds4: [t=+78212.3ms] req seq=2769 L18 k=1 ids=[39] w=[0.1489] compute=1.86 ms ok
ds4: [t=+78220.3ms] req seq=2770 L21 k=1 ids=[67] w=[0.2010] compute=1.84 ms ok
ds4: [t=+78226.8ms] req seq=2771 L22 k=1 ids=[226] w=[0.1132] compute=1.87 ms ok
ds4: [t=+78232.6ms] req seq=2772 L23 k=1 ids=[25] w=[0.4579] compute=1.83 ms ok
ds4: [t=+78238.9ms] req seq=2773 L24 k=2 ids=[86,121] w=[0.1412,0.1371] compute=1.85 ms ok
ds4: [t=+78245.5ms] req seq=2774 L25 k=1 ids=[0] w=[0.1540] compute=1.81 ms ok
ds4: [t=+78259.2ms] req seq=2775 L29 k=1 ids=[245] w=[0.1121] compute=1.91 ms ok
ds4: [t=+78266.4ms] req seq=2776 L31 k=1 ids=[185] w=[0.1876] compute=1.82 ms ok
ds4: [t=+78283.6ms] req seq=2777 L37 k=1 ids=[154] w=[0.1272] compute=1.89 ms ok
ds4: [t=+78317.0ms] req seq=2778 L1 k=1 ids=[57] w=[0.1964] compute=1.93 ms ok
ds4: [t=+78317.2ms] tok#267 done: 12 layer-reqs, 14 experts, compute 22.48 ms (1.87 ms/layer), wall 141.36 ms, errors=0, evict-hints=12 | cache: resident=3337/3337 slabs=3 wired=22.00 GiB mlock-fail=0 B hits=2778 misses=0 swaps=2777
ds4: [t=+78317.2ms] tok#267 experts: L5=[85,194] L13=[121] L16=[6] L18=[39] L21=[67] L22=[226] L23=[25] L24=[86,121] L25=[0] L29=[245] L31=[185] L37=[154]
ds4: [t=+78354.6ms] req seq=2779 L14 k=1 ids=[100] w=[0.1312] compute=1.89 ms ok
ds4: [t=+78369.5ms] req seq=2780 L19 k=2 ids=[149,90] w=[0.1791,0.1794] compute=1.91 ms ok
ds4: [t=+78375.6ms] req seq=2781 L20 k=1 ids=[12] w=[0.1893] compute=1.83 ms ok
ds4: [t=+78381.6ms] req seq=2782 L21 k=2 ids=[166,26] w=[0.3173,0.1687] compute=1.83 ms ok
ds4: [t=+78388.3ms] req seq=2783 L22 k=3 ids=[165,185,128] w=[0.3883,0.2053,0.1812] compute=1.83 ms ok
ds4: [t=+78395.2ms] req seq=2784 L23 k=1 ids=[11] w=[0.1519] compute=1.93 ms ok
ds4: [t=+78401.5ms] req seq=2785 L24 k=1 ids=[247] w=[0.1058] compute=1.86 ms ok
ds4: [t=+78407.9ms] req seq=2786 L25 k=1 ids=[120] w=[0.1130] compute=1.80 ms ok
ds4: [t=+78420.6ms] req seq=2787 L29 k=1 ids=[20] w=[0.1321] compute=1.94 ms ok
ds4: [t=+78456.1ms] req seq=2788 L37 k=1 ids=[162] w=[0.2766] compute=1.93 ms ok
ds4: [t=+78463.6ms] req seq=2789 L38 k=1 ids=[212] w=[0.1468] compute=1.87 ms ok
ds4: [t=+78482.3ms] req seq=2790 L41 k=1 ids=[233] w=[0.1688] compute=1.90 ms ok
ds4: [t=+78519.6ms] req seq=2791 L5 k=1 ids=[8] w=[0.1540] compute=1.88 ms ok
ds4: [t=+78519.7ms] tok#268 done: 13 layer-reqs, 17 experts, compute 24.44 ms (1.88 ms/layer), wall 204.60 ms, errors=0, evict-hints=13 | cache: resident=3337/3337 slabs=3 wired=22.00 GiB mlock-fail=0 B hits=2791 misses=0 swaps=2790
ds4: [t=+78519.8ms] tok#268 experts: L1=[57] L14=[100] L19=[149,90] L20=[12] L21=[166,26] L22=[165,185,128] L23=[11] L24=[247] L25=[120] L29=[20] L37=[162] L38=[212] L41=[233]
ds4: [t=+78529.7ms] req seq=2792 L8 k=1 ids=[106] w=[0.1742] compute=1.88 ms ok
ds4: [t=+78544.0ms] req seq=2793 L13 k=1 ids=[149] w=[0.1894] compute=1.87 ms ok
ds4: [t=+78550.2ms] req seq=2794 L14 k=1 ids=[214] w=[0.1613] compute=1.81 ms ok
ds4: [t=+78563.4ms] req seq=2795 L19 k=1 ids=[161] w=[0.2753] compute=1.92 ms ok
ds4: [t=+78575.9ms] req seq=2796 L23 k=1 ids=[31] w=[0.1653] compute=1.90 ms ok
ds4: [t=+78582.3ms] req seq=2797 L24 k=1 ids=[121] w=[0.1101] compute=1.83 ms ok
ds4: [t=+78635.9ms] req seq=2798 L41 k=1 ids=[197] w=[0.2928] compute=2.07 ms ok
ds4: [t=+78644.0ms] req seq=2799 L42 k=1 ids=[241] w=[0.2426] compute=1.86 ms ok
ds4: [t=+78665.2ms] req seq=2800 L6 k=1 ids=[9] w=[0.1318] compute=1.86 ms ok
ds4: [t=+78665.3ms] tok#269 done: 9 layer-reqs, 9 experts, compute 17.02 ms (1.89 ms/layer), wall 147.59 ms, errors=0, evict-hints=9 | cache: resident=3337/3337 slabs=3 wired=22.00 GiB mlock-fail=0 B hits=2800 misses=0 swaps=2799
ds4: [t=+78665.4ms] tok#269 experts: L5=[8] L8=[106] L13=[149] L14=[214] L19=[161] L23=[31] L24=[121] L41=[197] L42=[241]
ds4: [t=+78675.1ms] req seq=2801 L10 k=1 ids=[185] w=[0.0951] compute=1.83 ms ok
ds4: [t=+78687.8ms] req seq=2802 L15 k=1 ids=[58] w=[0.1567] compute=1.80 ms ok
ds4: [t=+78698.2ms] req seq=2803 L19 k=1 ids=[232] w=[0.2440] compute=1.93 ms ok
ds4: [t=+78707.1ms] req seq=2804 L22 k=1 ids=[129] w=[0.1313] compute=1.79 ms ok
ds4: [t=+78726.5ms] req seq=2805 L30 k=1 ids=[125] w=[0.1289] compute=1.87 ms ok
ds4: [t=+78770.2ms] req seq=2806 L4 k=1 ids=[144] w=[0.1075] compute=2.08 ms ok
ds4: [t=+78770.3ms] tok#270 done: 6 layer-reqs, 6 experts, compute 11.07 ms (1.84 ms/layer), wall 106.92 ms, errors=0, evict-hints=6 | cache: resident=3337/3337 slabs=3 wired=22.00 GiB mlock-fail=0 B hits=2806 misses=0 swaps=2805
ds4: [t=+78770.3ms] tok#270 experts: L6=[9] L10=[185] L15=[58] L19=[232] L22=[129] L30=[125]
ds4: [t=+78781.2ms] req seq=2807 L7 k=1 ids=[25] w=[0.1931] compute=1.86 ms ok
ds4: [t=+78787.1ms] req seq=2808 L8 k=1 ids=[218] w=[0.1102] compute=1.79 ms ok
ds4: [t=+78793.7ms] req seq=2809 L9 k=1 ids=[133] w=[0.1871] compute=1.81 ms ok
ds4: [t=+78812.6ms] req seq=2810 L17 k=1 ids=[205] w=[0.2368] compute=1.88 ms ok
ds4: [t=+78885.3ms] req seq=2811 L3 k=1 ids=[41] w=[0.1113] compute=2.01 ms ok
ds4: [t=+78885.4ms] tok#271 done: 5 layer-reqs, 5 experts, compute 9.43 ms (1.89 ms/layer), wall 117.22 ms, errors=0, evict-hints=5 | cache: resident=3337/3337 slabs=3 wired=22.00 GiB mlock-fail=0 B hits=2811 misses=0 swaps=2810
ds4: [t=+78885.4ms] tok#271 experts: L4=[144] L7=[25] L8=[218] L9=[133] L17=[205]
ds4: [t=+78895.5ms] req seq=2812 L7 k=1 ids=[191] w=[0.2706] compute=1.94 ms ok
ds4: [t=+78925.3ms] req seq=2813 L21 k=1 ids=[205] w=[0.1219] compute=1.55 ms ok
ds4: [t=+78971.6ms] req seq=2814 L0 k=1 ids=[118] w=[0.3393] compute=1.69 ms ok
ds4: [t=+78971.7ms] tok#272 done: 3 layer-reqs, 3 experts, compute 5.51 ms (1.84 ms/layer), wall 88.46 ms, errors=0, evict-hints=3 | cache: resident=3337/3337 slabs=3 wired=22.00 GiB mlock-fail=0 B hits=2814 misses=0 swaps=2813
ds4: [t=+78971.7ms] tok#272 experts: L3=[41] L7=[191] L21=[205]
ds4: [t=+78980.1ms] req seq=2815 L2 k=1 ids=[36] w=[0.2187] compute=1.55 ms ok
ds4: [t=+78993.3ms] req seq=2816 L8 k=1 ids=[156] w=[0.1629] compute=1.60 ms ok
ds4: [t=+78999.3ms] req seq=2817 L9 k=2 ids=[46,23] w=[0.1200,0.1084] compute=1.56 ms ok
ds4: [t=+79010.6ms] req seq=2818 L14 k=1 ids=[181] w=[0.1239] compute=1.61 ms ok
ds4: [t=+79016.6ms] req seq=2819 L15 k=1 ids=[94] w=[0.2404] compute=1.57 ms ok
ds4: [t=+79025.7ms] req seq=2820 L19 k=1 ids=[221] w=[0.5133] compute=1.81 ms ok
ds4: [t=+79031.2ms] req seq=2821 L20 k=1 ids=[224] w=[0.1406] compute=1.54 ms ok
ds4: [t=+79041.7ms] req seq=2822 L24 k=1 ids=[6] w=[0.1473] compute=1.59 ms ok
ds4: [t=+79085.5ms] req seq=2823 L39 k=1 ids=[82] w=[0.2767] compute=1.99 ms ok
ds4: [t=+79106.6ms] req seq=2824 L0 k=2 ids=[135,128] w=[0.3109,0.2511] compute=1.80 ms ok
ds4: [t=+79106.7ms] tok#273 done: 10 layer-reqs, 11 experts, compute 16.52 ms (1.65 ms/layer), wall 136.69 ms, errors=0, evict-hints=10 | cache: resident=3337/3337 slabs=3 wired=22.00 GiB mlock-fail=0 B hits=2824 misses=0 swaps=2823
ds4: [t=+79106.7ms] tok#273 experts: L0=[118] L2=[36] L8=[156] L9=[46,23] L14=[181] L15=[94] L19=[221] L20=[224] L24=[6] L39=[82]
ds4: [t=+79120.7ms] req seq=2825 L5 k=1 ids=[170] w=[0.1525] compute=1.76 ms ok
ds4: [t=+79126.7ms] req seq=2826 L6 k=1 ids=[102] w=[0.1381] compute=1.84 ms ok
ds4: [t=+79138.0ms] req seq=2827 L10 k=1 ids=[156] w=[0.1855] compute=1.90 ms ok
ds4: [t=+79152.6ms] req seq=2828 L16 k=1 ids=[34] w=[0.2133] compute=1.87 ms ok
ds4: [t=+79158.5ms] req seq=2829 L17 k=1 ids=[11] w=[0.1563] compute=1.77 ms ok
ds4: [t=+79164.7ms] req seq=2830 L18 k=2 ids=[15,38] w=[0.2112,0.1260] compute=1.82 ms ok
ds4: [t=+79172.6ms] req seq=2831 L21 k=1 ids=[20] w=[0.2761] compute=1.84 ms ok
ds4: [t=+79178.3ms] req seq=2832 L22 k=2 ids=[128,123] w=[0.2156,0.1439] compute=1.84 ms ok
ds4: [t=+79184.1ms] req seq=2833 L23 k=1 ids=[72] w=[0.3656] compute=1.77 ms ok
ds4: [t=+79189.8ms] req seq=2834 L24 k=1 ids=[168] w=[0.0786] compute=1.75 ms ok
ds4: [t=+79205.3ms] req seq=2835 L28 k=2 ids=[203,31] w=[0.2187,0.1211] compute=1.88 ms ok
ds4: [t=+79235.9ms] req seq=2836 L39 k=1 ids=[142] w=[0.1804] compute=1.90 ms ok
ds4: [t=+79244.6ms] req seq=2837 L41 k=1 ids=[70] w=[0.2204] compute=1.83 ms ok
ds4: [t=+79252.5ms] req seq=2838 L42 k=1 ids=[136] w=[0.2142] compute=1.79 ms ok
ds4: [t=+79270.5ms] req seq=2839 L5 k=1 ids=[247] w=[0.1126] compute=1.90 ms ok
ds4: [t=+79270.6ms] tok#274 done: 15 layer-reqs, 19 experts, compute 27.35 ms (1.82 ms/layer), wall 165.82 ms, errors=0, evict-hints=15 | cache: resident=3337/3337 slabs=3 wired=22.00 GiB mlock-fail=0 B hits=2839 misses=0 swaps=2838
ds4: [t=+79270.7ms] tok#274 experts: L0=[135,128] L5=[170] L6=[102] L10=[156] L16=[34] L17=[11] L18=[15,38] L21=[20] L22=[128,123] L23=[72] L24=[168] L28=[203,31] L39=[142] L41=[70] L42=[136]
ds4: [t=+79282.6ms] req seq=2840 L9 k=1 ids=[170] w=[0.1663] compute=1.92 ms ok
ds4: [t=+79291.6ms] req seq=2841 L12 k=1 ids=[175] w=[0.1929] compute=1.79 ms ok
ds4: [t=+79313.6ms] req seq=2842 L22 k=2 ids=[123,251] w=[0.2988,0.1269] compute=1.89 ms ok
ds4: [t=+79329.6ms] req seq=2843 L30 k=1 ids=[34] w=[0.2178] compute=1.88 ms ok
ds4: [t=+79368.6ms] req seq=2844 L3 k=1 ids=[53] w=[0.1575] compute=1.85 ms ok
ds4: [t=+79368.7ms] tok#275 done: 5 layer-reqs, 6 experts, compute 9.39 ms (1.88 ms/layer), wall 100.08 ms, errors=0, evict-hints=5 | cache: resident=3337/3337 slabs=3 wired=22.00 GiB mlock-fail=0 B hits=2844 misses=0 swaps=2843
ds4: [t=+79368.7ms] tok#275 experts: L5=[247] L9=[170] L12=[175] L22=[123,251] L30=[34]
ds4: [t=+79375.4ms] req seq=2845 L4 k=4 ids=[126,143,30,61] w=[0.3018,0.2675,0.1883,0.1818] compute=1.88 ms ok
ds4: [t=+79382.0ms] req seq=2846 L5 k=1 ids=[116] w=[0.2840] compute=1.82 ms ok
ds4: [t=+79388.2ms] req seq=2847 L6 k=2 ids=[35,97] w=[0.2558,0.1622] compute=1.75 ms ok
ds4: [t=+79393.7ms] req seq=2848 L7 k=1 ids=[153] w=[0.1671] compute=1.81 ms ok
ds4: [t=+79402.4ms] req seq=2849 L9 k=2 ids=[127,106] w=[0.2017,0.1238] compute=1.81 ms ok
ds4: [t=+79409.2ms] req seq=2850 L10 k=2 ids=[115,179] w=[0.1949,0.1346] compute=1.91 ms ok
ds4: [t=+79419.0ms] req seq=2851 L13 k=1 ids=[88] w=[0.2884] compute=1.81 ms ok
ds4: [t=+79425.2ms] req seq=2852 L14 k=1 ids=[41] w=[0.2163] compute=1.81 ms ok
ds4: [t=+79431.5ms] req seq=2853 L15 k=1 ids=[47] w=[0.2043] compute=1.84 ms ok
ds4: [t=+79437.6ms] req seq=2854 L16 k=1 ids=[133] w=[0.2187] compute=1.82 ms ok
ds4: [t=+79443.3ms] req seq=2855 L17 k=1 ids=[213] w=[0.1477] compute=1.82 ms ok
ds4: [t=+79450.6ms] req seq=2856 L19 k=2 ids=[225,173] w=[0.2676,0.2218] compute=1.78 ms ok
ds4: [t=+79463.3ms] req seq=2857 L21 k=3 ids=[193,110,152] w=[0.3498,0.1404,0.1364] compute=1.95 ms ok
ds4: [t=+79470.4ms] req seq=2858 L22 k=4 ids=[185,252,72,101] w=[0.4895,0.2098,0.1928,0.1486] compute=1.86 ms ok
ds4: [t=+79477.3ms] req seq=2859 L23 k=1 ids=[73] w=[0.2369] compute=1.86 ms ok
ds4: [t=+79483.4ms] req seq=2860 L24 k=1 ids=[40] w=[0.1456] compute=1.82 ms ok
ds4: [t=+79497.0ms] req seq=2861 L27 k=1 ids=[168] w=[0.1553] compute=1.89 ms ok
ds4: [t=+79514.1ms] req seq=2862 L31 k=1 ids=[18] w=[0.2938] compute=1.90 ms ok
ds4: [t=+79527.0ms] req seq=2863 L34 k=2 ids=[180,235] w=[0.1874,0.0984] compute=1.90 ms ok
ds4: [t=+79558.4ms] req seq=2864 L40 k=2 ids=[36,4] w=[0.2407,0.1625] compute=1.66 ms ok
ds4: [t=+79584.2ms] req seq=2865 L3 k=2 ids=[100,93] w=[0.1555,0.1411] compute=1.63 ms ok
ds4: [t=+79584.3ms] tok#276 done: 21 layer-reqs, 35 experts, compute 38.56 ms (1.84 ms/layer), wall 217.51 ms, errors=0, evict-hints=21 | cache: resident=3337/3337 slabs=3 wired=22.00 GiB mlock-fail=0 B hits=2865 misses=0 swaps=2864
ds4: [t=+79584.3ms] tok#276 experts: L3=[53] L4=[126,143,30,61] L5=[116] L6=[35,97] L7=[153] L9=[127,106] L10=[115,179] L13=[88] L14=[41] L15=[47] L16=[133] L17=[213] L19=[225,173] L21=[193,110,152] L22=[185,252,72,101] L23=[73] L24=[40] L27=[168] L31=[18] L34=[180,235] L40=[36,4]
ds4: [t=+79590.3ms] req seq=2866 L4 k=2 ids=[143,30] w=[0.2789,0.1988] compute=1.55 ms ok
ds4: [t=+79596.5ms] req seq=2867 L5 k=1 ids=[35] w=[0.1436] compute=1.58 ms ok
ds4: [t=+79602.3ms] req seq=2868 L6 k=1 ids=[97] w=[0.2178] compute=1.46 ms ok
ds4: [t=+79613.3ms] req seq=2869 L10 k=1 ids=[224] w=[0.1152] compute=1.62 ms ok
ds4: [t=+79626.2ms] req seq=2870 L16 k=1 ids=[50] w=[0.1809] compute=1.61 ms ok
ds4: [t=+79632.2ms] req seq=2871 L17 k=1 ids=[59] w=[0.1599] compute=1.58 ms ok
ds4: [t=+79638.6ms] req seq=2872 L19 k=1 ids=[118] w=[0.0921] compute=1.51 ms ok
ds4: [t=+79644.6ms] req seq=2873 L20 k=1 ids=[203] w=[0.1667] compute=1.63 ms ok
ds4: [t=+79650.9ms] req seq=2874 L21 k=2 ids=[37,209] w=[0.1383,0.1331] compute=1.54 ms ok
ds4: [t=+79657.1ms] req seq=2875 L22 k=2 ids=[112,72] w=[0.1471,0.1405] compute=1.44 ms ok
ds4: [t=+79672.0ms] req seq=2876 L28 k=1 ids=[31] w=[0.2256] compute=1.58 ms ok
ds4: [t=+79723.3ms] req seq=2877 L3 k=1 ids=[173] w=[0.2205] compute=1.86 ms ok
ds4: [t=+79723.5ms] tok#277 done: 12 layer-reqs, 16 experts, compute 18.73 ms (1.56 ms/layer), wall 140.87 ms, errors=0, evict-hints=12 | cache: resident=3337/3337 slabs=3 wired=22.00 GiB mlock-fail=0 B hits=2877 misses=0 swaps=2876
ds4: [t=+79723.5ms] tok#277 experts: L3=[100,93] L4=[143,30] L5=[35] L6=[97] L10=[224] L16=[50] L17=[59] L19=[118] L20=[203] L21=[37,209] L22=[112,72] L28=[31]
ds4: [t=+79729.7ms] req seq=2878 L4 k=1 ids=[30] w=[0.1676] compute=1.74 ms ok
ds4: [t=+79739.1ms] req seq=2879 L8 k=1 ids=[165] w=[0.1134] compute=1.66 ms ok
ds4: [t=+79745.1ms] req seq=2880 L10 k=1 ids=[179] w=[0.1476] compute=1.83 ms ok
ds4: [t=+79751.5ms] req seq=2881 L12 k=1 ids=[200] w=[0.0924] compute=1.70 ms ok
ds4: [t=+79761.2ms] req seq=2882 L16 k=1 ids=[187] w=[0.2359] compute=1.87 ms ok
ds4: [t=+79767.3ms] req seq=2883 L18 k=2 ids=[38,205] w=[0.2162,0.1121] compute=1.79 ms ok
ds4: [t=+79773.4ms] req seq=2884 L19 k=1 ids=[111] w=[0.1124] compute=1.80 ms ok
ds4: [t=+79780.0ms] req seq=2885 L21 k=1 ids=[209] w=[0.1252] compute=1.84 ms ok
ds4: [t=+79789.1ms] req seq=2886 L24 k=1 ids=[45] w=[0.0731] compute=1.83 ms ok
ds4: [t=+79810.7ms] req seq=2887 L32 k=1 ids=[175] w=[0.1072] compute=1.88 ms ok
ds4: [t=+79822.1ms] req seq=2888 L35 k=1 ids=[73] w=[0.1489] compute=1.85 ms ok
ds4: [t=+79859.7ms] req seq=2889 L3 k=1 ids=[255] w=[0.2442] compute=1.89 ms ok
ds4: [t=+79859.8ms] tok#278 done: 12 layer-reqs, 13 experts, compute 21.64 ms (1.80 ms/layer), wall 138.33 ms, errors=0, evict-hints=12 | cache: resident=3337/3337 slabs=3 wired=22.00 GiB mlock-fail=0 B hits=2889 misses=0 swaps=2888
ds4: [t=+79859.9ms] tok#278 experts: L3=[173] L4=[30] L8=[165] L10=[179] L12=[200] L16=[187] L18=[38,205] L19=[111] L21=[209] L24=[45] L32=[175] L35=[73]
ds4: [t=+79870.4ms] req seq=2890 L5 k=1 ids=[78] w=[0.1106] compute=1.81 ms ok
ds4: [t=+79877.1ms] req seq=2891 L6 k=1 ids=[17] w=[0.3033] compute=1.86 ms ok
ds4: [t=+79890.9ms] req seq=2892 L9 k=1 ids=[22] w=[0.1423] compute=1.81 ms ok
ds4: [t=+79899.3ms] req seq=2893 L11 k=1 ids=[132] w=[0.2043] compute=1.84 ms ok
ds4: [t=+79907.9ms] req seq=2894 L13 k=1 ids=[205] w=[0.2615] compute=1.77 ms ok
ds4: [t=+79916.0ms] req seq=2895 L15 k=1 ids=[126] w=[0.2312] compute=1.82 ms ok
ds4: [t=+79922.5ms] req seq=2896 L16 k=1 ids=[127] w=[0.2520] compute=1.81 ms ok
ds4: [t=+79932.2ms] req seq=2897 L18 k=2 ids=[215,32] w=[0.2787,0.1225] compute=1.89 ms ok
ds4: [t=+79945.5ms] req seq=2898 L21 k=1 ids=[56] w=[0.2340] compute=1.88 ms ok
ds4: [t=+79952.2ms] req seq=2899 L22 k=1 ids=[251] w=[0.1426] compute=1.84 ms ok
ds4: [t=+79960.8ms] req seq=2900 L24 k=1 ids=[18] w=[0.0803] compute=1.86 ms ok
ds4: [t=+80008.7ms] req seq=2901 L39 k=1 ids=[95] w=[0.2104] compute=1.64 ms ok
ds4: [t=+80014.8ms] req seq=2902 L40 k=1 ids=[255] w=[0.1643] compute=1.48 ms ok
ds4: [t=+80036.4ms] req seq=2903 L4 k=1 ids=[44] w=[0.1564] compute=1.50 ms ok
ds4: [t=+80036.5ms] tok#279 done: 14 layer-reqs, 15 experts, compute 25.19 ms (1.80 ms/layer), wall 178.65 ms, errors=0, evict-hints=14 | cache: resident=3337/3337 slabs=3 wired=22.00 GiB mlock-fail=0 B hits=2903 misses=0 swaps=2902
ds4: [t=+80036.6ms] tok#279 experts: L3=[255] L5=[78] L6=[17] L9=[22] L11=[132] L13=[205] L15=[126] L16=[127] L18=[215,32] L21=[56] L22=[251] L24=[18] L39=[95] L40=[255]
ds4: [t=+80049.7ms] req seq=2904 L8 k=1 ids=[54] w=[0.1663] compute=1.51 ms ok
ds4: [t=+80073.5ms] req seq=2905 L17 k=1 ids=[241] w=[0.1721] compute=1.53 ms ok
ds4: [t=+80086.1ms] req seq=2906 L20 k=1 ids=[178] w=[0.1707] compute=1.61 ms ok
ds4: [t=+80092.9ms] req seq=2907 L22 k=1 ids=[73] w=[0.1916] compute=1.76 ms ok
ds4: [t=+80130.0ms] req seq=2908 L40 k=1 ids=[4] w=[0.1330] compute=1.73 ms ok
ds4: [t=+80145.7ms] req seq=2909 L1 k=1 ids=[9] w=[0.2416] compute=1.72 ms ok
ds4: [t=+80145.7ms] tok#280 done: 6 layer-reqs, 6 experts, compute 9.63 ms (1.61 ms/layer), wall 110.77 ms, errors=0, evict-hints=6 | cache: resident=3337/3337 slabs=3 wired=22.00 GiB mlock-fail=0 B hits=2909 misses=0 swaps=2908
ds4: [t=+80145.8ms] tok#280 experts: L4=[44] L8=[54] L17=[241] L20=[178] L22=[73] L40=[4]
ds4: [t=+80154.0ms] req seq=2910 L3 k=1 ids=[27] w=[0.2098] compute=1.70 ms ok
ds4: [t=+80160.6ms] req seq=2911 L5 k=1 ids=[44] w=[0.1798] compute=1.83 ms ok
ds4: [t=+80166.6ms] req seq=2912 L6 k=2 ids=[5,87] w=[0.1979,0.1930] compute=1.62 ms ok
ds4: [t=+80190.2ms] req seq=2913 L15 k=1 ids=[157] w=[0.3493] compute=1.75 ms ok
ds4: [t=+80196.3ms] req seq=2914 L16 k=1 ids=[76] w=[0.2089] compute=1.91 ms ok
ds4: [t=+80202.5ms] req seq=2915 L17 k=2 ids=[165,156] w=[0.3402,0.1966] compute=1.78 ms ok
ds4: [t=+80208.4ms] req seq=2916 L18 k=1 ids=[205] w=[0.2901] compute=1.76 ms ok
ds4: [t=+80214.2ms] req seq=2917 L19 k=1 ids=[226] w=[0.2127] compute=1.75 ms ok
ds4: [t=+80220.4ms] req seq=2918 L20 k=3 ids=[95,181,207] w=[0.3755,0.1979,0.1550] compute=1.80 ms ok
ds4: [t=+80226.4ms] req seq=2919 L21 k=1 ids=[222] w=[0.1398] compute=1.84 ms ok
ds4: [t=+80232.8ms] req seq=2920 L22 k=2 ids=[10,183] w=[0.2942,0.2337] compute=1.78 ms ok
ds4: [t=+80238.7ms] req seq=2921 L23 k=2 ids=[218,27] w=[0.1348,0.1302] compute=1.75 ms ok
ds4: [t=+80244.5ms] req seq=2922 L24 k=1 ids=[231] w=[0.1567] compute=1.79 ms ok
ds4: [t=+80258.5ms] req seq=2923 L29 k=1 ids=[181] w=[0.1554] compute=1.82 ms ok
ds4: [t=+80266.7ms] req seq=2924 L31 k=1 ids=[33] w=[0.2368] compute=1.84 ms ok
ds4: [t=+80314.6ms] req seq=2925 L42 k=1 ids=[184] w=[0.1831] compute=1.98 ms ok
ds4: [t=+80334.2ms] req seq=2926 L5 k=1 ids=[36] w=[0.2051] compute=1.86 ms ok
ds4: [t=+80334.3ms] tok#281 done: 17 layer-reqs, 23 experts, compute 30.44 ms (1.79 ms/layer), wall 190.32 ms, errors=0, evict-hints=17 | cache: resident=3337/3337 slabs=3 wired=22.00 GiB mlock-fail=0 B hits=2926 misses=0 swaps=2925
ds4: [t=+80334.3ms] tok#281 experts: L1=[9] L3=[27] L5=[44] L6=[5,87] L15=[157] L16=[76] L17=[165,156] L18=[205] L19=[226] L20=[95,181,207] L21=[222] L22=[10,183] L23=[218,27] L24=[231] L29=[181] L31=[33] L42=[184]
ds4: [t=+80340.2ms] req seq=2927 L6 k=2 ids=[52,27] w=[0.3500,0.2154] compute=1.85 ms ok
ds4: [t=+80346.3ms] req seq=2928 L7 k=1 ids=[177] w=[0.1046] compute=1.81 ms ok
ds4: [t=+80352.5ms] req seq=2929 L8 k=1 ids=[238] w=[0.2071] compute=1.83 ms ok
ds4: [t=+80372.7ms] req seq=2930 L17 k=1 ids=[156] w=[0.2182] compute=1.96 ms ok
ds4: [t=+80379.1ms] req seq=2931 L18 k=1 ids=[232] w=[0.1962] compute=1.93 ms ok
ds4: [t=+80387.3ms] req seq=2932 L20 k=1 ids=[181] w=[0.2326] compute=1.70 ms ok
ds4: [t=+80395.8ms] req seq=2933 L22 k=2 ids=[201,172] w=[0.2228,0.1575] compute=1.77 ms ok
ds4: [t=+80401.3ms] req seq=2934 L23 k=1 ids=[213] w=[0.1090] compute=1.72 ms ok
ds4: [t=+80409.3ms] req seq=2935 L25 k=1 ids=[29] w=[0.0957] compute=1.84 ms ok
ds4: [t=+80490.4ms] req seq=2936 L10 k=1 ids=[125] w=[0.1595] compute=2.12 ms ok
ds4: [t=+80490.5ms] tok#282 done: 10 layer-reqs, 12 experts, compute 18.26 ms (1.83 ms/layer), wall 158.17 ms, errors=0, evict-hints=10 | cache: resident=3337/3337 slabs=3 wired=22.00 GiB mlock-fail=0 B hits=2936 misses=0 swaps=2935
ds4: [t=+80490.6ms] tok#282 experts: L5=[36] L6=[52,27] L7=[177] L8=[238] L17=[156] L18=[232] L20=[181] L22=[201,172] L23=[213] L25=[29]
ds4: [t=+80500.2ms] req seq=2937 L13 k=1 ids=[41] w=[0.1868] compute=1.78 ms ok
ds4: [t=+80513.3ms] req seq=2938 L18 k=1 ids=[32] w=[0.1727] compute=1.86 ms ok
ds4: [t=+80519.5ms] req seq=2939 L19 k=1 ids=[40] w=[0.0721] compute=1.81 ms ok
ds4: [t=+80525.5ms] req seq=2940 L20 k=1 ids=[235] w=[0.2294] compute=1.79 ms ok
ds4: [t=+80531.4ms] req seq=2941 L21 k=1 ids=[17] w=[0.2340] compute=1.72 ms ok
ds4: [t=+80598.0ms] req seq=2942 L5 k=2 ids=[176,249] w=[0.0986,0.0892] compute=1.92 ms ok
ds4: [t=+80598.2ms] tok#283 done: 6 layer-reqs, 6 experts, compute 11.09 ms (1.85 ms/layer), wall 109.88 ms, errors=0, evict-hints=6 | cache: resident=3337/3337 slabs=3 wired=22.00 GiB mlock-fail=0 B hits=2942 misses=0 swaps=2941
ds4: [t=+80598.2ms] tok#283 experts: L10=[125] L13=[41] L18=[32] L19=[40] L20=[235] L21=[17]
ds4: [t=+80605.1ms] req seq=2943 L6 k=1 ids=[186] w=[0.1768] compute=1.83 ms ok
ds4: [t=+80611.1ms] req seq=2944 L7 k=1 ids=[82] w=[0.1995] compute=1.82 ms ok
ds4: [t=+80616.9ms] req seq=2945 L9 k=1 ids=[106] w=[0.1616] compute=1.75 ms ok
ds4: [t=+80625.1ms] req seq=2946 L12 k=1 ids=[248] w=[0.1221] compute=1.77 ms ok
ds4: [t=+80635.0ms] req seq=2947 L16 k=1 ids=[24] w=[0.2552] compute=1.82 ms ok
ds4: [t=+80640.9ms] req seq=2948 L17 k=1 ids=[128] w=[0.1325] compute=1.82 ms ok
ds4: [t=+80663.5ms] req seq=2949 L27 k=1 ids=[83] w=[0.0539] compute=1.92 ms ok
ds4: [t=+80675.1ms] req seq=2950 L31 k=1 ids=[229] w=[0.1305] compute=1.82 ms ok
ds4: [t=+80713.2ms] req seq=2951 L3 k=1 ids=[93] w=[0.2024] compute=1.87 ms ok
ds4: [t=+80713.4ms] tok#284 done: 9 layer-reqs, 10 experts, compute 16.46 ms (1.83 ms/layer), wall 117.23 ms, errors=0, evict-hints=9 | cache: resident=3337/3337 slabs=3 wired=22.00 GiB mlock-fail=0 B hits=2951 misses=0 swaps=2950
ds4: [t=+80713.4ms] tok#284 experts: L5=[176,249] L6=[186] L7=[82] L9=[106] L12=[248] L16=[24] L17=[128] L27=[83] L31=[229]
ds4: [t=+80719.9ms] req seq=2952 L4 k=1 ids=[50] w=[0.1304] compute=1.83 ms ok
ds4: [t=+80730.8ms] req seq=2953 L8 k=1 ids=[223] w=[0.1421] compute=1.86 ms ok
ds4: [t=+80736.9ms] req seq=2954 L9 k=1 ids=[93] w=[0.1676] compute=1.81 ms ok
ds4: [t=+80743.2ms] req seq=2955 L10 k=1 ids=[1] w=[0.2112] compute=1.87 ms ok
ds4: [t=+80751.9ms] req seq=2956 L12 k=1 ids=[25] w=[0.1672] compute=1.84 ms ok
ds4: [t=+80762.4ms] req seq=2957 L15 k=1 ids=[68] w=[0.2180] compute=1.86 ms ok
ds4: [t=+80768.7ms] req seq=2958 L16 k=2 ids=[64,230] w=[0.2954,0.1925] compute=1.84 ms ok
ds4: [t=+80774.9ms] req seq=2959 L17 k=1 ids=[1] w=[0.2052] compute=1.81 ms ok
ds4: [t=+80789.3ms] req seq=2960 L22 k=2 ids=[183,83] w=[0.1756,0.1713] compute=1.83 ms ok
ds4: [t=+80796.0ms] req seq=2961 L23 k=1 ids=[221] w=[0.0938] compute=1.88 ms ok
ds4: [t=+80802.3ms] req seq=2962 L24 k=1 ids=[248] w=[0.3172] compute=1.80 ms ok
ds4: [t=+80874.7ms] req seq=2963 L5 k=1 ids=[106] w=[0.1529] compute=2.11 ms ok
ds4: [t=+80874.8ms] tok#285 done: 12 layer-reqs, 14 experts, compute 22.09 ms (1.84 ms/layer), wall 163.41 ms, errors=0, evict-hints=12 | cache: resident=3337/3337 slabs=3 wired=22.00 GiB mlock-fail=0 B hits=2963 misses=0 swaps=2962
ds4: [t=+80874.8ms] tok#285 experts: L3=[93] L4=[50] L8=[223] L9=[93] L10=[1] L12=[25] L15=[68] L16=[64,230] L17=[1] L22=[183,83] L23=[221] L24=[248]
ds4: [t=+80887.2ms] req seq=2964 L9 k=1 ids=[104] w=[0.2228] compute=1.50 ms ok
ds4: [t=+80905.8ms] req seq=2965 L17 k=1 ids=[121] w=[0.1562] compute=1.49 ms ok
ds4: [t=+80911.5ms] req seq=2966 L18 k=1 ids=[33] w=[0.1340] compute=1.57 ms ok
ds4: [t=+80919.2ms] req seq=2967 L20 k=1 ids=[64] w=[0.1623] compute=1.43 ms ok
ds4: [t=+80954.2ms] req seq=2968 L34 k=1 ids=[8] w=[0.2877] compute=1.51 ms ok
ds4: [t=+80971.8ms] req seq=2969 L40 k=1 ids=[48] w=[0.1591] compute=1.59 ms ok
ds4: [t=+80996.6ms] req seq=2970 L5 k=1 ids=[233] w=[0.1346] compute=1.62 ms ok
ds4: [t=+80996.7ms] tok#286 done: 7 layer-reqs, 7 experts, compute 11.21 ms (1.60 ms/layer), wall 124.09 ms, errors=0, evict-hints=7 | cache: resident=3337/3337 slabs=3 wired=22.00 GiB mlock-fail=0 B hits=2970 misses=0 swaps=2969
ds4: [t=+80996.7ms] tok#286 experts: L5=[106] L9=[104] L17=[121] L18=[33] L20=[64] L34=[8] L40=[48]
ds4: [t=+81002.7ms] req seq=2971 L6 k=1 ids=[210] w=[0.1449] compute=1.58 ms ok
ds4: [t=+81008.6ms] req seq=2972 L7 k=1 ids=[237] w=[0.3785] compute=1.68 ms ok
ds4: [t=+81017.2ms] req seq=2973 L9 k=1 ids=[68] w=[0.1156] compute=1.56 ms ok
ds4: [t=+81023.9ms] req seq=2974 L11 k=1 ids=[23] w=[0.1921] compute=1.55 ms ok
ds4: [t=+81029.7ms] req seq=2975 L12 k=1 ids=[215] w=[0.1235] compute=1.74 ms ok
ds4: [t=+81036.0ms] req seq=2976 L13 k=1 ids=[75] w=[0.2292] compute=1.69 ms ok
ds4: [t=+81049.9ms] req seq=2977 L19 k=1 ids=[199] w=[0.0656] compute=1.73 ms ok
ds4: [t=+81055.7ms] req seq=2978 L20 k=1 ids=[118] w=[0.1933] compute=1.66 ms ok
ds4: [t=+81061.9ms] req seq=2979 L21 k=1 ids=[210] w=[0.2028] compute=1.88 ms ok
ds4: [t=+81068.2ms] req seq=2980 L22 k=1 ids=[72] w=[0.1664] compute=1.74 ms ok
ds4: [t=+81122.1ms] req seq=2981 L42 k=1 ids=[50] w=[0.1371] compute=1.89 ms ok
ds4: [t=+81141.5ms] req seq=2982 L3 k=1 ids=[129] w=[0.0995] compute=1.87 ms ok
ds4: [t=+81141.6ms] tok#287 done: 12 layer-reqs, 12 experts, compute 20.32 ms (1.69 ms/layer), wall 146.62 ms, errors=0, evict-hints=12 | cache: resident=3337/3337 slabs=3 wired=22.00 GiB mlock-fail=0 B hits=2982 misses=0 swaps=2981
ds4: [t=+81141.6ms] tok#287 experts: L5=[233] L6=[210] L7=[237] L9=[68] L11=[23] L12=[215] L13=[75] L19=[199] L20=[118] L21=[210] L22=[72] L42=[50]
ds4: [t=+81147.4ms] req seq=2983 L4 k=1 ids=[37] w=[0.5428] compute=1.43 ms ok
ds4: [t=+81153.0ms] req seq=2984 L5 k=1 ids=[134] w=[0.0949] compute=1.37 ms ok
ds4: [t=+81158.9ms] req seq=2985 L6 k=2 ids=[27,132] w=[0.5676,0.1016] compute=1.57 ms ok
ds4: [t=+81164.9ms] req seq=2986 L7 k=1 ids=[103] w=[0.3451] compute=1.44 ms ok
ds4: [t=+81170.6ms] req seq=2987 L8 k=1 ids=[1] w=[0.5728] compute=1.44 ms ok
ds4: [t=+81179.3ms] req seq=2988 L10 k=1 ids=[198] w=[0.1301] compute=1.60 ms ok
ds4: [t=+81200.0ms] req seq=2989 L16 k=1 ids=[106] w=[0.1665] compute=1.58 ms ok
ds4: [t=+81208.0ms] req seq=2990 L18 k=1 ids=[177] w=[0.1669] compute=1.53 ms ok
ds4: [t=+81215.0ms] req seq=2991 L19 k=2 ids=[185,178] w=[0.4605,0.2544] compute=1.53 ms ok
ds4: [t=+81223.5ms] req seq=2992 L21 k=1 ids=[168] w=[0.1887] compute=1.46 ms ok
ds4: [t=+81236.2ms] req seq=2993 L24 k=1 ids=[105] w=[0.0466] compute=1.61 ms ok
ds4: [t=+81257.4ms] req seq=2994 L29 k=1 ids=[89] w=[0.2193] compute=1.61 ms ok
ds4: [t=+81265.3ms] req seq=2995 L30 k=1 ids=[11] w=[0.2159] compute=1.74 ms ok
ds4: [t=+81293.5ms] req seq=2996 L38 k=1 ids=[239] w=[0.2094] compute=1.92 ms ok
ds4: [t=+81299.8ms] req seq=2997 L39 k=1 ids=[90] w=[0.2839] compute=1.70 ms ok
ds4: [t=+81309.2ms] req seq=2998 L41 k=1 ids=[125] w=[0.5269] compute=2.03 ms ok
ds4: [t=+81315.7ms] req seq=2999 L42 k=1 ids=[149] w=[0.4160] compute=1.78 ms ok
ds4: [t=+81336.1ms] req seq=3000 L1 k=1 ids=[122] w=[0.1584] compute=1.86 ms ok
ds4: [t=+81336.2ms] tok#288 done: 18 layer-reqs, 20 experts, compute 29.20 ms (1.62 ms/layer), wall 196.57 ms, errors=0, evict-hints=18 | cache: resident=3337/3337 slabs=3 wired=22.00 GiB mlock-fail=0 B hits=3000 misses=0 swaps=2999
ds4: [t=+81336.3ms] tok#288 experts: L3=[129] L4=[37] L5=[134] L6=[27,132] L7=[103] L8=[1] L10=[198] L16=[106] L18=[177] L19=[185,178] L21=[168] L24=[105] L29=[89] L30=[11] L38=[239] L39=[90] L41=[125] L42=[149]
ds4: [t=+81351.9ms] req seq=3001 L4 k=2 ids=[174,207] w=[0.1928,0.1188] compute=1.89 ms ok
ds4: [t=+81379.7ms] req seq=3002 L9 k=1 ids=[253] w=[0.3050] compute=1.87 ms ok
ds4: [t=+81388.1ms] req seq=3003 L10 k=2 ids=[77,13] w=[0.5763,0.1191] compute=1.80 ms ok
ds4: [t=+81401.6ms] req seq=3004 L13 k=1 ids=[92] w=[0.2208] compute=1.91 ms ok
ds4: [t=+81407.8ms] req seq=3005 L14 k=1 ids=[35] w=[0.1653] compute=1.82 ms ok
ds4: [t=+81416.0ms] req seq=3006 L15 k=3 ids=[161,108,193] w=[0.2025,0.1971,0.1603] compute=1.85 ms ok
ds4: [t=+81423.5ms] req seq=3007 L16 k=1 ids=[136] w=[0.1649] compute=1.86 ms ok
ds4: [t=+81433.7ms] req seq=3008 L18 k=2 ids=[102,57] w=[0.2081,0.1551] compute=1.87 ms ok
ds4: [t=+81440.9ms] req seq=3009 L19 k=1 ids=[168] w=[0.2278] compute=1.79 ms ok
ds4: [t=+81453.3ms] req seq=3010 L21 k=2 ids=[157,64] w=[0.4727,0.1579] compute=1.89 ms ok
ds4: [t=+81462.2ms] req seq=3011 L22 k=1 ids=[174] w=[0.4301] compute=1.85 ms ok
ds4: [t=+81468.9ms] req seq=3012 L23 k=1 ids=[190] w=[0.3730] compute=1.81 ms ok
ds4: [t=+81499.2ms] req seq=3013 L31 k=1 ids=[208] w=[0.2793] compute=1.88 ms ok
ds4: [t=+81531.8ms] req seq=3014 L38 k=1 ids=[142] w=[0.1772] compute=1.91 ms ok
ds4: [t=+81549.2ms] req seq=3015 L42 k=1 ids=[62] w=[0.2604] compute=1.84 ms ok
ds4: [t=+81564.7ms] req seq=3016 L3 k=1 ids=[6] w=[0.1255] compute=1.81 ms ok
ds4: [t=+81564.8ms] tok#289 done: 16 layer-reqs, 22 experts, compute 29.70 ms (1.86 ms/layer), wall 230.49 ms, errors=0, evict-hints=16 | cache: resident=3337/3337 slabs=3 wired=22.00 GiB mlock-fail=0 B hits=3016 misses=0 swaps=3015
ds4: [t=+81564.8ms] tok#289 experts: L1=[122] L4=[174,207] L9=[253] L10=[77,13] L13=[92] L14=[35] L15=[161,108,193] L16=[136] L18=[102,57] L19=[168] L21=[157,64] L22=[174] L23=[190] L31=[208] L38=[142] L42=[62]
ds4: [t=+81571.2ms] req seq=3017 L4 k=1 ids=[13] w=[0.1441] compute=1.83 ms ok
ds4: [t=+81577.4ms] req seq=3018 L5 k=1 ids=[161] w=[0.1996] compute=1.84 ms ok
ds4: [t=+81585.1ms] req seq=3019 L7 k=2 ids=[248,121] w=[0.3997,0.1213] compute=1.85 ms ok
ds4: [t=+81593.3ms] req seq=3020 L9 k=1 ids=[161] w=[0.1417] compute=1.86 ms ok
ds4: [t=+81599.5ms] req seq=3021 L10 k=1 ids=[209] w=[0.1840] compute=1.79 ms ok
ds4: [t=+81615.5ms] req seq=3022 L15 k=1 ids=[122] w=[0.2762] compute=1.88 ms ok
ds4: [t=+81621.4ms] req seq=3023 L16 k=1 ids=[160] w=[0.1995] compute=1.84 ms ok
ds4: [t=+81627.8ms] req seq=3024 L17 k=2 ids=[76,221] w=[0.3504,0.2261] compute=1.89 ms ok
ds4: [t=+81634.0ms] req seq=3025 L18 k=2 ids=[199,157] w=[0.4549,0.1712] compute=1.82 ms ok
ds4: [t=+81640.1ms] req seq=3026 L19 k=1 ids=[101] w=[0.0698] compute=1.83 ms ok
ds4: [t=+81650.2ms] req seq=3027 L21 k=3 ids=[194,217,50] w=[0.3924,0.2095,0.1970] compute=1.85 ms ok
ds4: [t=+81660.9ms] req seq=3028 L23 k=1 ids=[85] w=[0.1386] compute=1.87 ms ok
ds4: [t=+81688.0ms] req seq=3029 L27 k=1 ids=[10] w=[0.1756] compute=1.89 ms ok
ds4: [t=+81714.5ms] req seq=3030 L32 k=1 ids=[22] w=[0.1057] compute=1.94 ms ok
ds4: [t=+81726.1ms] req seq=3031 L34 k=1 ids=[253] w=[0.1229] compute=1.84 ms ok
ds4: [t=+81781.3ms] req seq=3032 L4 k=1 ids=[11] w=[0.1377] compute=2.06 ms ok
ds4: [t=+81781.4ms] tok#290 done: 16 layer-reqs, 21 experts, compute 29.63 ms (1.85 ms/layer), wall 218.48 ms, errors=0, evict-hints=16 | cache: resident=3337/3337 slabs=3 wired=22.00 GiB mlock-fail=0 B hits=3032 misses=0 swaps=3031
ds4: [t=+81781.4ms] tok#290 experts: L3=[6] L4=[13] L5=[161] L7=[248,121] L9=[161] L10=[209] L15=[122] L16=[160] L17=[76,221] L18=[199,157] L19=[101] L21=[194,217,50] L23=[85] L27=[10] L32=[22] L34=[253]
ds4: [t=+81788.9ms] req seq=3033 L5 k=1 ids=[28] w=[0.2198] compute=1.87 ms ok
ds4: [t=+81795.4ms] req seq=3034 L6 k=1 ids=[145] w=[0.1240] compute=1.87 ms ok
ds4: [t=+81801.8ms] req seq=3035 L7 k=1 ids=[121] w=[0.1383] compute=1.76 ms ok
ds4: [t=+81815.0ms] req seq=3036 L10 k=1 ids=[16] w=[0.1216] compute=1.87 ms ok
ds4: [t=+81821.4ms] req seq=3037 L11 k=1 ids=[221] w=[0.1536] compute=1.82 ms ok
ds4: [t=+81829.4ms] req seq=3038 L12 k=1 ids=[136] w=[0.1086] compute=1.86 ms ok
ds4: [t=+81839.7ms] req seq=3039 L14 k=1 ids=[114] w=[0.1620] compute=1.77 ms ok
ds4: [t=+81846.3ms] req seq=3040 L15 k=1 ids=[108] w=[0.2615] compute=1.88 ms ok
ds4: [t=+81855.5ms] req seq=3041 L16 k=2 ids=[190,245] w=[0.3254,0.1740] compute=1.85 ms ok
ds4: [t=+81867.3ms] req seq=3042 L18 k=1 ids=[157] w=[0.1911] compute=1.88 ms ok
ds4: [t=+81875.2ms] req seq=3043 L19 k=1 ids=[245] w=[0.2147] compute=1.80 ms ok
ds4: [t=+81892.1ms] req seq=3044 L21 k=2 ids=[179,123] w=[0.1962,0.1610] compute=1.80 ms ok
ds4: [t=+81953.6ms] req seq=3045 L41 k=1 ids=[54] w=[0.2207] compute=1.90 ms ok
ds4: [t=+81977.9ms] req seq=3046 L3 k=2 ids=[252,2] w=[0.7546,0.3122] compute=1.87 ms ok
ds4: [t=+81978.0ms] tok#291 done: 14 layer-reqs, 16 experts, compute 25.99 ms (1.86 ms/layer), wall 198.80 ms, errors=0, evict-hints=14 | cache: resident=3337/3337 slabs=3 wired=22.00 GiB mlock-fail=0 B hits=3046 misses=0 swaps=3045
ds4: [t=+81978.1ms] tok#291 experts: L4=[11] L5=[28] L6=[145] L7=[121] L10=[16] L11=[221] L12=[136] L14=[114] L15=[108] L16=[190,245] L18=[157] L19=[245] L21=[179,123] L41=[54]
ds4: [t=+81988.0ms] req seq=3047 L5 k=1 ids=[125] w=[0.2253] compute=1.85 ms ok
ds4: [t=+81995.0ms] req seq=3048 L6 k=1 ids=[40] w=[0.1259] compute=1.85 ms ok
ds4: [t=+82003.7ms] req seq=3049 L8 k=1 ids=[105] w=[0.2080] compute=1.80 ms ok
ds4: [t=+82011.8ms] req seq=3050 L10 k=1 ids=[13] w=[0.3056] compute=1.88 ms ok
ds4: [t=+82018.3ms] req seq=3051 L11 k=1 ids=[102] w=[0.2974] compute=1.82 ms ok
ds4: [t=+82024.3ms] req seq=3052 L12 k=1 ids=[176] w=[0.1120] compute=1.83 ms ok
ds4: [t=+82033.0ms] req seq=3053 L14 k=2 ids=[227,182] w=[0.2196,0.1760] compute=1.91 ms ok
ds4: [t=+82039.2ms] req seq=3054 L15 k=2 ids=[128,42] w=[0.2073,0.1680] compute=1.83 ms ok
ds4: [t=+82046.5ms] req seq=3055 L16 k=1 ids=[129] w=[0.3398] compute=1.92 ms ok
ds4: [t=+82056.9ms] req seq=3056 L18 k=1 ids=[70] w=[0.2023] compute=1.83 ms ok
ds4: [t=+82064.9ms] req seq=3057 L19 k=2 ids=[95,83] w=[0.3932,0.2261] compute=1.85 ms ok
ds4: [t=+82074.8ms] req seq=3058 L21 k=1 ids=[89] w=[0.2452] compute=1.87 ms ok
ds4: [t=+82088.9ms] req seq=3059 L22 k=1 ids=[132] w=[0.1962] compute=1.79 ms ok
ds4: [t=+82129.4ms] req seq=3060 L33 k=1 ids=[160] w=[0.4660] compute=1.87 ms ok
ds4: [t=+82197.7ms] req seq=3061 L3 k=1 ids=[142] w=[0.1077] compute=2.09 ms ok
ds4: [t=+82197.8ms] tok#292 done: 15 layer-reqs, 19 experts, compute 27.77 ms (1.85 ms/layer), wall 221.73 ms, errors=0, evict-hints=15 | cache: resident=3337/3337 slabs=3 wired=22.00 GiB mlock-fail=0 B hits=3061 misses=0 swaps=3060
ds4: [t=+82197.9ms] tok#292 experts: L3=[252,2] L5=[125] L6=[40] L8=[105] L10=[13] L11=[102] L12=[176] L14=[227,182] L15=[128,42] L16=[129] L18=[70] L19=[95,83] L21=[89] L22=[132] L33=[160]
ds4: [t=+82207.5ms] req seq=3062 L4 k=1 ids=[88] w=[0.1204] compute=1.80 ms ok
ds4: [t=+82230.5ms] req seq=3063 L7 k=2 ids=[84,13] w=[0.1774,0.1755] compute=1.85 ms ok
ds4: [t=+82245.6ms] req seq=3064 L10 k=1 ids=[188] w=[0.1352] compute=1.86 ms ok
ds4: [t=+82252.0ms] req seq=3065 L11 k=1 ids=[22] w=[0.1722] compute=1.82 ms ok
ds4: [t=+82272.7ms] req seq=3066 L17 k=1 ids=[71] w=[0.2001] compute=1.87 ms ok
ds4: [t=+82299.9ms] req seq=3067 L23 k=1 ids=[17] w=[0.1221] compute=1.92 ms ok
ds4: [t=+82370.4ms] req seq=3068 L39 k=1 ids=[180] w=[0.2040] compute=2.14 ms ok
ds4: [t=+82396.3ms] req seq=3069 L1 k=1 ids=[98] w=[0.3476] compute=1.77 ms ok
ds4: [t=+82396.4ms] tok#293 done: 8 layer-reqs, 9 experts, compute 15.34 ms (1.92 ms/layer), wall 200.73 ms, errors=0, evict-hints=8 | cache: resident=3337/3337 slabs=3 wired=22.00 GiB mlock-fail=0 B hits=3069 misses=0 swaps=3068
ds4: [t=+82396.4ms] tok#293 experts: L3=[142] L4=[88] L7=[84,13] L10=[188] L11=[22] L17=[71] L23=[17] L39=[180]
ds4: [t=+82417.0ms] req seq=3070 L8 k=1 ids=[46] w=[0.1692] compute=1.83 ms ok
ds4: [t=+82432.9ms] req seq=3071 L13 k=1 ids=[203] w=[0.3981] compute=1.88 ms ok
ds4: [t=+82440.6ms] req seq=3072 L14 k=2 ids=[97,147] w=[0.3084,0.1422] compute=1.84 ms ok
ds4: [t=+82449.8ms] req seq=3073 L16 k=1 ids=[209] w=[0.2085] compute=1.83 ms ok
ds4: [t=+82456.6ms] req seq=3074 L17 k=1 ids=[187] w=[0.1579] compute=1.81 ms ok
ds4: [t=+82470.2ms] req seq=3075 L21 k=1 ids=[1] w=[0.3331] compute=1.87 ms ok
ds4: [t=+82477.0ms] req seq=3076 L22 k=1 ids=[64] w=[0.1551] compute=1.86 ms ok
ds4: [t=+82485.8ms] req seq=3077 L24 k=1 ids=[240] w=[0.1665] compute=1.80 ms ok
ds4: [t=+82493.3ms] req seq=3078 L25 k=1 ids=[233] w=[0.1616] compute=1.87 ms ok
ds4: [t=+82516.5ms] req seq=3079 L32 k=1 ids=[114] w=[0.0992] compute=1.91 ms ok
ds4: [t=+82572.6ms] req seq=3080 L4 k=1 ids=[245] w=[0.1048] compute=2.09 ms ok
ds4: [t=+82572.8ms] tok#294 done: 11 layer-reqs, 12 experts, compute 20.25 ms (1.84 ms/layer), wall 178.21 ms, errors=0, evict-hints=11 | cache: resident=3337/3337 slabs=3 wired=22.00 GiB mlock-fail=0 B hits=3080 misses=0 swaps=3079
ds4: [t=+82572.8ms] tok#294 experts: L1=[98] L8=[46] L13=[203] L14=[97,147] L16=[209] L17=[187] L21=[1] L22=[64] L24=[240] L25=[233] L32=[114]
ds4: [t=+82590.1ms] req seq=3081 L10 k=1 ids=[229] w=[0.1811] compute=1.85 ms ok
ds4: [t=+82607.0ms] req seq=3082 L16 k=1 ids=[230] w=[0.2914] compute=1.83 ms ok
ds4: [t=+82618.1ms] req seq=3083 L20 k=1 ids=[206] w=[0.2115] compute=1.86 ms ok
ds4: [t=+82624.3ms] req seq=3084 L22 k=1 ids=[83] w=[0.1252] compute=1.81 ms ok
ds4: [t=+82643.4ms] req seq=3085 L29 k=1 ids=[149] w=[0.1976] compute=1.90 ms ok
ds4: [t=+82688.1ms] req seq=3086 L5 k=1 ids=[48] w=[0.2159] compute=2.06 ms ok
ds4: [t=+82688.2ms] tok#295 done: 6 layer-reqs, 6 experts, compute 11.33 ms (1.89 ms/layer), wall 117.64 ms, errors=0, evict-hints=6 | cache: resident=3337/3337 slabs=3 wired=22.00 GiB mlock-fail=0 B hits=3086 misses=0 swaps=3085
ds4: [t=+82688.2ms] tok#295 experts: L4=[245] L10=[229] L16=[230] L20=[206] L22=[83] L29=[149]
ds4: [t=+82695.3ms] req seq=3087 L7 k=1 ids=[228] w=[0.1961] compute=1.90 ms ok
ds4: [t=+82712.3ms] req seq=3088 L14 k=1 ids=[137] w=[0.1877] compute=1.87 ms ok
ds4: [t=+82718.3ms] req seq=3089 L15 k=1 ids=[180] w=[0.2336] compute=1.85 ms ok
ds4: [t=+82796.8ms] req seq=3090 L9 k=2 ids=[123,49] w=[0.1802,0.1472] compute=2.07 ms ok
ds4: [t=+82796.9ms] tok#296 done: 4 layer-reqs, 4 experts, compute 7.68 ms (1.92 ms/layer), wall 110.84 ms, errors=0, evict-hints=4 | cache: resident=3337/3337 slabs=3 wired=22.00 GiB mlock-fail=0 B hits=3090 misses=0 swaps=3089
ds4: [t=+82796.9ms] tok#296 experts: L5=[48] L7=[228] L14=[137] L15=[180]
ds4: [t=+82806.8ms] req seq=3091 L13 k=1 ids=[21] w=[0.2484] compute=1.83 ms ok
ds4: [t=+82813.1ms] req seq=3092 L15 k=2 ids=[226,231] w=[0.2503,0.2264] compute=1.85 ms ok
ds4: [t=+82819.5ms] req seq=3093 L16 k=1 ids=[134] w=[0.2239] compute=1.81 ms ok
ds4: [t=+82827.0ms] req seq=3094 L19 k=1 ids=[178] w=[0.1789] compute=1.85 ms ok
ds4: [t=+82840.4ms] req seq=3095 L25 k=1 ids=[78] w=[0.1307] compute=1.80 ms ok
ds4: [t=+82886.2ms] req seq=3096 L0 k=1 ids=[138] w=[0.2217] compute=2.11 ms ok
ds4: [t=+82886.4ms] tok#297 done: 6 layer-reqs, 8 experts, compute 11.21 ms (1.87 ms/layer), wall 91.61 ms, errors=0, evict-hints=6 | cache: resident=3337/3337 slabs=3 wired=22.00 GiB mlock-fail=0 B hits=3096 misses=0 swaps=3095
ds4: [t=+82886.4ms] tok#297 experts: L9=[123,49] L13=[21] L15=[226,231] L16=[134] L19=[178] L25=[78]
ds4: [t=+82895.7ms] req seq=3097 L3 k=1 ids=[243] w=[0.1210] compute=1.84 ms ok
ds4: [t=+82901.9ms] req seq=3098 L4 k=1 ids=[196] w=[0.1043] compute=1.73 ms ok
ds4: [t=+82907.7ms] req seq=3099 L6 k=1 ids=[55] w=[0.1669] compute=1.74 ms ok
ds4: [t=+82916.1ms] req seq=3100 L9 k=1 ids=[130] w=[0.2345] compute=1.85 ms ok
ds4: [t=+82921.8ms] req seq=3101 L10 k=1 ids=[12] w=[0.2267] compute=1.78 ms ok
ds4: [t=+82930.6ms] req seq=3102 L12 k=2 ids=[77,172] w=[0.1220,0.1127] compute=1.90 ms ok
ds4: [t=+82939.0ms] req seq=3103 L15 k=2 ids=[191,231] w=[0.2154,0.2045] compute=1.83 ms ok
ds4: [t=+82946.9ms] req seq=3104 L18 k=1 ids=[217] w=[0.1971] compute=1.83 ms ok
ds4: [t=+82954.8ms] req seq=3105 L21 k=1 ids=[50] w=[0.1844] compute=1.78 ms ok
ds4: [t=+82978.7ms] req seq=3106 L31 k=1 ids=[119] w=[0.1598] compute=1.87 ms ok
ds4: [t=+83027.3ms] req seq=3107 L12 k=1 ids=[222] w=[0.1520] compute=2.08 ms ok
ds4: [t=+83027.4ms] tok#298 done: 11 layer-reqs, 13 experts, compute 20.27 ms (1.84 ms/layer), wall 143.26 ms, errors=0, evict-hints=11 | cache: resident=3337/3337 slabs=3 wired=22.00 GiB mlock-fail=0 B hits=3107 misses=0 swaps=3106
ds4: [t=+83027.4ms] tok#298 experts: L0=[138] L3=[243] L4=[196] L6=[55] L9=[130] L10=[12] L12=[77,172] L15=[191,231] L18=[217] L21=[50] L31=[119]
ds4: [t=+83035.1ms] req seq=3108 L15 k=1 ids=[50] w=[0.2717] compute=1.79 ms ok
ds4: [t=+83042.5ms] req seq=3109 L17 k=1 ids=[52] w=[0.2127] compute=1.88 ms ok
ds4: [t=+83050.5ms] req seq=3110 L20 k=1 ids=[86] w=[0.1046] compute=1.83 ms ok
ds4: [t=+83058.1ms] req seq=3111 L22 k=1 ids=[172] w=[0.1117] compute=1.78 ms ok
ds4: [t=+83064.6ms] req seq=3112 L24 k=1 ids=[0] w=[0.0505] compute=1.79 ms ok
ds4: [t=+83070.9ms] req seq=3113 L25 k=1 ids=[128] w=[0.1017] compute=1.81 ms ok
ds4: [t=+83099.4ms] req seq=3114 L38 k=1 ids=[38] w=[0.1034] compute=1.90 ms ok
ds4: [t=+83121.5ms] req seq=3115 L3 k=1 ids=[2] w=[0.2399] compute=1.90 ms ok
ds4: [t=+83121.6ms] tok#299 done: 8 layer-reqs, 8 experts, compute 14.86 ms (1.86 ms/layer), wall 96.35 ms, errors=0, evict-hints=8 | cache: resident=3337/3337 slabs=3 wired=22.00 GiB mlock-fail=0 B hits=3115 misses=0 swaps=3114
ds4: [t=+83121.6ms] tok#299 experts: L12=[222] L15=[50] L17=[52] L20=[86] L22=[172] L24=[0] L25=[128] L38=[38]
ds4: [t=+83128.3ms] req seq=3116 L4 k=1 ids=[206] w=[0.1042] compute=1.92 ms ok
ds4: [t=+83134.3ms] req seq=3117 L5 k=1 ids=[40] w=[0.4194] compute=1.75 ms ok
ds4: [t=+83142.5ms] req seq=3118 L7 k=2 ids=[6,96] w=[0.4497,0.1943] compute=1.82 ms ok
ds4: [t=+83149.4ms] req seq=3119 L9 k=1 ids=[148] w=[0.3898] compute=1.78 ms ok
ds4: [t=+83155.6ms] req seq=3120 L10 k=1 ids=[246] w=[0.4845] compute=1.74 ms ok
ds4: [t=+83161.2ms] req seq=3121 L11 k=1 ids=[243] w=[0.5116] compute=1.81 ms ok
ds4: [t=+83170.5ms] req seq=3122 L14 k=1 ids=[105] w=[0.1829] compute=1.80 ms ok
ds4: [t=+83176.6ms] req seq=3123 L15 k=1 ids=[231] w=[0.2140] compute=1.84 ms ok
ds4: [t=+83191.1ms] req seq=3124 L20 k=2 ids=[248,199] w=[0.3314,0.3303] compute=1.87 ms ok
ds4: [t=+83197.2ms] req seq=3125 L21 k=2 ids=[58,242] w=[0.5207,0.1356] compute=1.85 ms ok
ds4: [t=+83218.1ms] req seq=3126 L28 k=1 ids=[65] w=[0.4567] compute=1.85 ms ok
ds4: [t=+83268.9ms] req seq=3127 L0 k=1 ids=[59] w=[0.3959] compute=2.04 ms ok
ds4: [t=+83269.0ms] tok#300 done: 12 layer-reqs, 15 experts, compute 21.92 ms (1.83 ms/layer), wall 149.41 ms, errors=0, evict-hints=12 | cache: resident=3337/3337 slabs=3 wired=22.00 GiB mlock-fail=0 B hits=3127 misses=0 swaps=3126
ds4: [t=+83269.1ms] tok#300 experts: L3=[2] L4=[206] L5=[40] L7=[6,96] L9=[148] L10=[246] L11=[243] L14=[105] L15=[231] L20=[248,199] L21=[58,242] L28=[65]
ds4: [t=+83279.6ms] req seq=3128 L4 k=1 ids=[120] w=[0.3574] compute=1.88 ms ok
ds4: [t=+83286.4ms] req seq=3129 L6 k=2 ids=[29,221] w=[0.1481,0.1361] compute=1.80 ms ok
ds4: [t=+83293.0ms] req seq=3130 L7 k=1 ids=[92] w=[0.2376] compute=1.87 ms ok
ds4: [t=+83299.3ms] req seq=3131 L8 k=3 ids=[86,63,191] w=[0.1510,0.1312,0.1133] compute=1.84 ms ok
ds4: [t=+83306.6ms] req seq=3132 L10 k=1 ids=[82] w=[0.0810] compute=1.78 ms ok
ds4: [t=+83317.1ms] req seq=3133 L12 k=2 ids=[101,100] w=[0.2276,0.1369] compute=1.83 ms ok
ds4: [t=+83323.0ms] req seq=3134 L13 k=2 ids=[128,196] w=[0.1630,0.1002] compute=1.77 ms ok
ds4: [t=+83329.6ms] req seq=3135 L15 k=1 ids=[0] w=[0.1891] compute=1.82 ms ok
ds4: [t=+83336.5ms] req seq=3136 L16 k=3 ids=[135,22,204] w=[0.3003,0.2379,0.2049] compute=1.81 ms ok
ds4: [t=+83346.0ms] req seq=3137 L19 k=3 ids=[3,227,156] w=[0.6877,0.3423,0.1530] compute=1.89 ms ok
ds4: [t=+83352.7ms] req seq=3138 L20 k=1 ids=[37] w=[0.2244] compute=1.83 ms ok
ds4: [t=+83359.3ms] req seq=3139 L21 k=2 ids=[11,108] w=[0.4022,0.1216] compute=1.85 ms ok
ds4: [t=+83365.1ms] req seq=3140 L22 k=1 ids=[53] w=[0.3858] compute=1.74 ms ok
ds4: [t=+83370.8ms] req seq=3141 L23 k=1 ids=[191] w=[0.1042] compute=1.77 ms ok
ds4: [t=+83382.6ms] req seq=3142 L27 k=1 ids=[58] w=[0.3002] compute=1.86 ms ok
ds4: [t=+83398.3ms] req seq=3143 L34 k=1 ids=[60] w=[0.3051] compute=1.88 ms ok
ds4: [t=+83439.9ms] req seq=3144 L6 k=1 ids=[221] w=[0.5244] compute=1.93 ms ok
ds4: [t=+83440.0ms] tok#301 done: 17 layer-reqs, 27 experts, compute 31.27 ms (1.84 ms/layer), wall 173.12 ms, errors=0, evict-hints=17 | cache: resident=3337/3337 slabs=3 wired=22.00 GiB mlock-fail=0 B hits=3144 misses=0 swaps=3143
ds4: [t=+83440.1ms] tok#301 experts: L0=[59] L4=[120] L6=[29,221] L7=[92] L8=[86,63,191] L10=[82] L12=[101,100] L13=[128,196] L15=[0] L16=[135,22,204] L19=[3,227,156] L20=[37] L21=[11,108] L22=[53] L23=[191] L27=[58] L34=[60]
ds4: [t=+83446.3ms] req seq=3145 L7 k=1 ids=[181] w=[0.3600] compute=1.89 ms ok
ds4: [t=+83452.6ms] req seq=3146 L8 k=2 ids=[148,63] w=[0.2233,0.2148] compute=1.74 ms ok
ds4: [t=+83458.4ms] req seq=3147 L9 k=1 ids=[174] w=[0.1809] compute=1.77 ms ok
ds4: [t=+83464.5ms] req seq=3148 L11 k=1 ids=[227] w=[0.1582] compute=1.78 ms ok
ds4: [t=+83472.1ms] req seq=3149 L13 k=2 ids=[27,113] w=[0.2163,0.2005] compute=1.77 ms ok
ds4: [t=+83481.3ms] req seq=3150 L16 k=1 ids=[204] w=[0.2045] compute=1.80 ms ok
ds4: [t=+83487.7ms] req seq=3151 L17 k=1 ids=[84] w=[0.1910] compute=1.76 ms ok
ds4: [t=+83497.3ms] req seq=3152 L21 k=1 ids=[236] w=[0.1677] compute=1.89 ms ok
ds4: [t=+83553.4ms] req seq=3153 L5 k=1 ids=[249] w=[0.2314] compute=1.92 ms ok
ds4: [t=+83553.5ms] tok#302 done: 9 layer-reqs, 11 experts, compute 16.32 ms (1.81 ms/layer), wall 115.47 ms, errors=0, evict-hints=9 | cache: resident=3337/3337 slabs=3 wired=22.00 GiB mlock-fail=0 B hits=3153 misses=0 swaps=3152
ds4: [t=+83553.5ms] tok#302 experts: L6=[221] L7=[181] L8=[148,63] L9=[174] L11=[227] L13=[27,113] L16=[204] L17=[84] L21=[236]
ds4: [t=+83567.4ms] req seq=3154 L11 k=1 ids=[27] w=[0.1812] compute=1.89 ms ok
ds4: [t=+83574.9ms] req seq=3155 L13 k=1 ids=[252] w=[0.1936] compute=1.79 ms ok
ds4: [t=+83581.1ms] req seq=3156 L15 k=4 ids=[27,9,213,115] w=[0.1885,0.1891,0.1491,0.1206] compute=1.85 ms ok
ds4: [t=+83588.4ms] req seq=3157 L16 k=1 ids=[57] w=[0.1629] compute=1.75 ms ok
ds4: [t=+83594.4ms] req seq=3158 L17 k=1 ids=[231] w=[0.1601] compute=1.89 ms ok
ds4: [t=+83600.4ms] req seq=3159 L19 k=1 ids=[46] w=[0.1477] compute=1.79 ms ok
ds4: [t=+83606.2ms] req seq=3160 L20 k=1 ids=[24] w=[0.2608] compute=1.78 ms ok
ds4: [t=+83612.1ms] req seq=3161 L21 k=3 ids=[129,167,127] w=[0.3438,0.2630,0.2515] compute=1.81 ms ok
ds4: [t=+83618.2ms] req seq=3162 L22 k=1 ids=[219] w=[0.2617] compute=1.79 ms ok
ds4: [t=+83623.9ms] req seq=3163 L23 k=1 ids=[161] w=[0.0653] compute=1.75 ms ok
ds4: [t=+83629.6ms] req seq=3164 L24 k=1 ids=[58] w=[0.1605] compute=1.82 ms ok
ds4: [t=+83703.3ms] req seq=3165 L5 k=1 ids=[171] w=[0.3687] compute=2.07 ms ok
ds4: [t=+83703.5ms] tok#303 done: 12 layer-reqs, 17 experts, compute 21.82 ms (1.82 ms/layer), wall 151.95 ms, errors=0, evict-hints=12 | cache: resident=3337/3337 slabs=3 wired=22.00 GiB mlock-fail=0 B hits=3165 misses=0 swaps=3164
ds4: [t=+83703.5ms] tok#303 experts: L5=[249] L11=[27] L13=[252] L15=[27,9,213,115] L16=[57] L17=[231] L19=[46] L20=[24] L21=[129,167,127] L22=[219] L23=[161] L24=[58]
ds4: [t=+83710.2ms] req seq=3166 L6 k=1 ids=[248] w=[0.1263] compute=1.90 ms ok
ds4: [t=+83728.3ms] req seq=3167 L11 k=1 ids=[182] w=[0.1406] compute=1.87 ms ok
ds4: [t=+83734.9ms] req seq=3168 L12 k=2 ids=[197,234] w=[0.2341,0.1500] compute=1.79 ms ok
ds4: [t=+83744.6ms] req seq=3169 L14 k=1 ids=[27] w=[0.1547] compute=1.86 ms ok
ds4: [t=+83750.6ms] req seq=3170 L15 k=1 ids=[73] w=[0.1783] compute=1.85 ms ok
ds4: [t=+83769.9ms] req seq=3171 L21 k=1 ids=[24] w=[0.1707] compute=1.90 ms ok
ds4: [t=+83775.8ms] req seq=3172 L22 k=2 ids=[180,194] w=[0.3295,0.3203] compute=1.93 ms ok
ds4: [t=+83782.1ms] req seq=3173 L23 k=1 ids=[247] w=[0.2423] compute=1.91 ms ok
ds4: [t=+83792.1ms] req seq=3174 L26 k=1 ids=[238] w=[0.1249] compute=1.86 ms ok
ds4: [t=+83849.9ms] req seq=3175 L4 k=1 ids=[3] w=[0.1475] compute=2.11 ms ok
ds4: [t=+83850.1ms] tok#304 done: 10 layer-reqs, 12 experts, compute 18.92 ms (1.89 ms/layer), wall 148.78 ms, errors=0, evict-hints=10 | cache: resident=3337/3337 slabs=3 wired=22.00 GiB mlock-fail=0 B hits=3175 misses=0 swaps=3174
ds4: [t=+83850.1ms] tok#304 experts: L5=[171] L6=[248] L11=[182] L12=[197,234] L14=[27] L15=[73] L21=[24] L22=[180,194] L23=[247] L26=[238]
ds4: [t=+83856.5ms] req seq=3176 L6 k=1 ids=[80] w=[0.1557] compute=1.82 ms ok
ds4: [t=+83862.6ms] req seq=3177 L7 k=1 ids=[69] w=[0.2879] compute=1.81 ms ok
ds4: [t=+83878.6ms] req seq=3178 L14 k=1 ids=[157] w=[0.1249] compute=1.88 ms ok
ds4: [t=+83888.4ms] req seq=3179 L18 k=1 ids=[45] w=[0.2862] compute=1.84 ms ok
ds4: [t=+83894.6ms] req seq=3180 L19 k=1 ids=[28] w=[0.1306] compute=1.80 ms ok
ds4: [t=+83905.5ms] req seq=3181 L24 k=1 ids=[74] w=[0.0743] compute=1.81 ms ok
ds4: [t=+83926.0ms] req seq=3182 L34 k=1 ids=[102] w=[0.1661] compute=1.87 ms ok
ds4: [t=+83974.8ms] req seq=3183 L9 k=1 ids=[29] w=[0.1128] compute=1.88 ms ok
ds4: [t=+83975.0ms] tok#305 done: 8 layer-reqs, 8 experts, compute 14.93 ms (1.87 ms/layer), wall 127.10 ms, errors=0, evict-hints=8 | cache: resident=3337/3337 slabs=3 wired=22.00 GiB mlock-fail=0 B hits=3183 misses=0 swaps=3182
ds4: [t=+83975.0ms] tok#305 experts: L4=[3] L6=[80] L7=[69] L14=[157] L18=[45] L19=[28] L24=[74] L34=[102]
ds4: [t=+83996.3ms] req seq=3184 L19 k=1 ids=[9] w=[0.1246] compute=1.60 ms ok
ds4: [t=+84053.9ms] req seq=3185 L4 k=3 ids=[61,152,57] w=[0.2231,0.1385,0.1375] compute=1.61 ms ok
ds4: [t=+84054.0ms] tok#306 done: 2 layer-reqs, 2 experts, compute 3.48 ms (1.74 ms/layer), wall 80.98 ms, errors=0, evict-hints=2 | cache: resident=3337/3337 slabs=3 wired=22.00 GiB mlock-fail=0 B hits=3185 misses=0 swaps=3184
ds4: [t=+84054.0ms] tok#306 experts: L9=[29] L19=[9]
ds4: [t=+84060.6ms] req seq=3186 L5 k=1 ids=[65] w=[0.1673] compute=1.62 ms ok
ds4: [t=+84066.3ms] req seq=3187 L6 k=2 ids=[131,249] w=[0.3547,0.1219] compute=1.54 ms ok
ds4: [t=+84072.5ms] req seq=3188 L8 k=1 ids=[60] w=[0.1443] compute=1.47 ms ok
ds4: [t=+84078.4ms] req seq=3189 L9 k=2 ids=[158,255] w=[0.1849,0.1129] compute=1.61 ms ok
ds4: [t=+84084.3ms] req seq=3190 L10 k=1 ids=[117] w=[0.1712] compute=1.47 ms ok
ds4: [t=+84100.4ms] req seq=3191 L15 k=2 ids=[59,158] w=[0.2894,0.2311] compute=1.64 ms ok
ds4: [t=+84108.0ms] req seq=3192 L17 k=1 ids=[126] w=[0.3186] compute=1.54 ms ok
ds4: [t=+84113.8ms] req seq=3193 L18 k=1 ids=[145] w=[0.1967] compute=1.69 ms ok
ds4: [t=+84120.6ms] req seq=3194 L20 k=1 ids=[65] w=[0.1976] compute=1.55 ms ok
ds4: [t=+84128.0ms] req seq=3195 L22 k=2 ids=[101,252] w=[0.2445,0.1812] compute=1.77 ms ok
ds4: [t=+84134.0ms] req seq=3196 L23 k=1 ids=[45] w=[0.1213] compute=1.72 ms ok
ds4: [t=+84156.4ms] req seq=3197 L29 k=1 ids=[171] w=[0.2988] compute=1.76 ms ok
ds4: [t=+84221.7ms] req seq=3198 L6 k=1 ids=[87] w=[0.2308] compute=1.95 ms ok
ds4: [t=+84221.8ms] tok#307 done: 13 layer-reqs, 19 experts, compute 20.98 ms (1.61 ms/layer), wall 169.53 ms, errors=0, evict-hints=13 | cache: resident=3337/3337 slabs=3 wired=22.00 GiB mlock-fail=0 B hits=3198 misses=0 swaps=3197
ds4: [t=+84221.9ms] tok#307 experts: L4=[61,152,57] L5=[65] L6=[131,249] L8=[60] L9=[158,255] L10=[117] L15=[59,158] L17=[126] L18=[145] L20=[65] L22=[101,252] L23=[45] L29=[171]
ds4: [t=+84232.7ms] req seq=3199 L9 k=1 ids=[84] w=[0.1329] compute=1.86 ms ok
ds4: [t=+84246.6ms] req seq=3200 L15 k=2 ids=[158,212] w=[0.2994,0.1481] compute=1.88 ms ok
ds4: [t=+84253.0ms] req seq=3201 L17 k=1 ids=[21] w=[0.2153] compute=1.80 ms ok
ds4: [t=+84259.0ms] req seq=3202 L18 k=1 ids=[242] w=[0.1239] compute=1.92 ms ok
ds4: [t=+84294.3ms] req seq=3203 L35 k=1 ids=[152] w=[0.1384] compute=1.91 ms ok
ds4: [t=+84307.6ms] req seq=3204 L40 k=1 ids=[25] w=[0.2328] compute=1.87 ms ok
ds4: [t=+84313.0ms] req seq=3205 L41 k=1 ids=[131] w=[0.1249] compute=1.77 ms ok
ds4: [t=+84350.9ms] req seq=3206 L12 k=1 ids=[35] w=[0.2127] compute=1.88 ms ok
ds4: [t=+84351.0ms] tok#308 done: 8 layer-reqs, 9 experts, compute 14.95 ms (1.87 ms/layer), wall 131.20 ms, errors=0, evict-hints=8 | cache: resident=3337/3337 slabs=3 wired=22.00 GiB mlock-fail=0 B hits=3206 misses=0 swaps=3205
ds4: [t=+84351.0ms] tok#308 experts: L6=[87] L9=[84] L15=[158,212] L17=[21] L18=[242] L35=[152] L40=[25] L41=[131]
ds4: [t=+84358.3ms] req seq=3207 L15 k=1 ids=[177] w=[0.1669] compute=1.80 ms ok
ds4: [t=+84369.7ms] req seq=3208 L20 k=1 ids=[130] w=[0.1526] compute=1.86 ms ok
ds4: [t=+84435.4ms] req seq=3209 L6 k=1 ids=[203] w=[0.1366] compute=2.07 ms ok
ds4: [t=+84435.5ms] tok#309 done: 3 layer-reqs, 3 experts, compute 5.53 ms (1.84 ms/layer), wall 86.47 ms, errors=0, evict-hints=3 | cache: resident=3337/3337 slabs=3 wired=22.00 GiB mlock-fail=0 B hits=3209 misses=0 swaps=3208
ds4: [t=+84435.5ms] tok#309 experts: L12=[35] L15=[177] L20=[130]
ds4: [t=+84457.5ms] req seq=3210 L18 k=1 ids=[13] w=[0.1047] compute=1.88 ms ok
ds4: [t=+84503.2ms] req seq=3211 L41 k=1 ids=[96] w=[0.2828] compute=2.09 ms ok
ds4: [t=+84519.6ms] req seq=3212 L4 k=1 ids=[251] w=[0.1556] compute=1.88 ms ok
ds4: [t=+84519.7ms] tok#310 done: 3 layer-reqs, 3 experts, compute 6.03 ms (2.01 ms/layer), wall 86.34 ms, errors=0, evict-hints=3 | cache: resident=3337/3337 slabs=3 wired=22.00 GiB mlock-fail=0 B hits=3212 misses=0 swaps=3211
ds4: [t=+84519.7ms] tok#310 experts: L6=[203] L18=[13] L41=[96]
ds4: [t=+84526.0ms] req seq=3213 L5 k=2 ids=[238,79] w=[0.2706,0.1085] compute=1.93 ms ok
ds4: [t=+84534.4ms] req seq=3214 L7 k=1 ids=[59] w=[0.4650] compute=1.80 ms ok
ds4: [t=+84540.9ms] req seq=3215 L8 k=1 ids=[43] w=[0.0699] compute=1.79 ms ok
ds4: [t=+84549.6ms] req seq=3216 L10 k=1 ids=[210] w=[0.3019] compute=1.83 ms ok
ds4: [t=+84569.9ms] req seq=3217 L21 k=1 ids=[27] w=[0.1835] compute=1.88 ms ok
ds4: [t=+84579.2ms] req seq=3218 L25 k=1 ids=[71] w=[0.2750] compute=1.86 ms ok
ds4: [t=+84631.5ms] req seq=3219 L6 k=1 ids=[21] w=[0.1169] compute=1.91 ms ok
ds4: [t=+84631.6ms] tok#311 done: 7 layer-reqs, 8 experts, compute 12.97 ms (1.85 ms/layer), wall 113.92 ms, errors=0, evict-hints=7 | cache: resident=3337/3337 slabs=3 wired=22.00 GiB mlock-fail=0 B hits=3219 misses=0 swaps=3218
ds4: [t=+84631.7ms] tok#311 experts: L4=[251] L5=[238,79] L7=[59] L8=[43] L10=[210] L21=[27] L25=[71]
ds4: [t=+84640.3ms] req seq=3220 L9 k=2 ids=[122,135] w=[0.1795,0.1483] compute=1.84 ms ok
ds4: [t=+84649.0ms] req seq=3221 L12 k=1 ids=[40] w=[0.1394] compute=1.82 ms ok
ds4: [t=+84655.1ms] req seq=3222 L13 k=1 ids=[199] w=[0.1433] compute=1.78 ms ok
ds4: [t=+84663.4ms] req seq=3223 L16 k=1 ids=[195] w=[0.2437] compute=1.86 ms ok
ds4: [t=+84669.8ms] req seq=3224 L17 k=1 ids=[96] w=[0.2194] compute=1.82 ms ok
ds4: [t=+84676.0ms] req seq=3225 L18 k=1 ids=[136] w=[0.2134] compute=1.86 ms ok
ds4: [t=+84683.3ms] req seq=3226 L20 k=2 ids=[145,160] w=[0.2526,0.2054] compute=1.80 ms ok
ds4: [t=+84689.8ms] req seq=3227 L21 k=1 ids=[117] w=[0.3660] compute=1.80 ms ok
ds4: [t=+84707.3ms] req seq=3228 L27 k=1 ids=[173] w=[0.2304] compute=1.90 ms ok
ds4: [t=+84728.4ms] req seq=3229 L33 k=1 ids=[45] w=[0.2022] compute=2.03 ms ok
ds4: [t=+84736.0ms] req seq=3230 L35 k=1 ids=[95] w=[0.1116] compute=1.86 ms ok
ds4: [t=+84754.2ms] req seq=3231 L42 k=1 ids=[101] w=[0.3150] compute=1.79 ms ok
ds4: [t=+84775.0ms] req seq=3232 L5 k=1 ids=[160] w=[0.5264] compute=1.70 ms ok
ds4: [t=+84775.1ms] tok#312 done: 13 layer-reqs, 15 experts, compute 24.07 ms (1.85 ms/layer), wall 145.47 ms, errors=0, evict-hints=13 | cache: resident=3337/3337 slabs=3 wired=22.00 GiB mlock-fail=0 B hits=3232 misses=0 swaps=3231
ds4: [t=+84775.1ms] tok#312 experts: L6=[21] L9=[122,135] L12=[40] L13=[199] L16=[195] L17=[96] L18=[136] L20=[145,160] L21=[117] L27=[173] L33=[45] L35=[95] L42=[101]
ds4: [t=+84784.9ms] req seq=3233 L8 k=1 ids=[29] w=[0.1032] compute=1.44 ms ok
ds4: [t=+84792.6ms] req seq=3234 L10 k=1 ids=[230] w=[0.2206] compute=1.56 ms ok
ds4: [t=+84801.1ms] req seq=3235 L12 k=1 ids=[203] w=[0.2107] compute=1.45 ms ok
ds4: [t=+84808.2ms] req seq=3236 L14 k=1 ids=[15] w=[0.1278] compute=1.50 ms ok
ds4: [t=+84815.7ms] req seq=3237 L16 k=1 ids=[43] w=[0.2359] compute=1.45 ms ok
ds4: [t=+84824.6ms] req seq=3238 L20 k=1 ids=[160] w=[0.3168] compute=1.55 ms ok
ds4: [t=+84872.2ms] req seq=3239 L39 k=1 ids=[230] w=[0.1776] compute=1.74 ms ok
ds4: [t=+84894.1ms] req seq=3240 L4 k=1 ids=[18] w=[0.0896] compute=1.63 ms ok
ds4: [t=+84894.2ms] tok#313 done: 8 layer-reqs, 8 experts, compute 12.38 ms (1.55 ms/layer), wall 120.90 ms, errors=0, evict-hints=8 | cache: resident=3337/3337 slabs=3 wired=22.00 GiB mlock-fail=0 B hits=3240 misses=0 swaps=3239
ds4: [t=+84894.2ms] tok#313 experts: L5=[160] L8=[29] L10=[230] L12=[203] L14=[15] L16=[43] L20=[160] L39=[230]
ds4: [t=+84910.0ms] req seq=3241 L9 k=1 ids=[67] w=[0.1519] compute=1.75 ms ok
ds4: [t=+84916.3ms] req seq=3242 L10 k=2 ids=[152,245] w=[0.5547,0.1426] compute=1.52 ms ok
ds4: [t=+84922.5ms] req seq=3243 L12 k=1 ids=[95] w=[0.2557] compute=1.51 ms ok
ds4: [t=+84931.4ms] req seq=3244 L16 k=1 ids=[224] w=[0.2157] compute=1.70 ms ok
ds4: [t=+84937.5ms] req seq=3245 L18 k=1 ids=[10] w=[0.2568] compute=1.54 ms ok
ds4: [t=+84943.3ms] req seq=3246 L19 k=1 ids=[75] w=[0.1104] compute=1.75 ms ok
ds4: [t=+84949.4ms] req seq=3247 L20 k=1 ids=[199] w=[0.1856] compute=1.69 ms ok
ds4: [t=+84956.2ms] req seq=3248 L22 k=2 ids=[250,11] w=[0.2553,0.1907] compute=1.73 ms ok
ds4: [t=+84962.0ms] req seq=3249 L23 k=2 ids=[143,93] w=[0.3025,0.1763] compute=1.85 ms ok
ds4: [t=+85015.9ms] req seq=3250 L3 k=2 ids=[244,79] w=[0.2101,0.1347] compute=2.00 ms ok
ds4: [t=+85016.0ms] tok#314 done: 10 layer-reqs, 13 experts, compute 16.68 ms (1.67 ms/layer), wall 123.53 ms, errors=0, evict-hints=10 | cache: resident=3337/3337 slabs=3 wired=22.00 GiB mlock-fail=0 B hits=3250 misses=0 swaps=3249
ds4: [t=+85016.1ms] tok#314 experts: L4=[18] L9=[67] L10=[152,245] L12=[95] L16=[224] L18=[10] L19=[75] L20=[199] L22=[250,11] L23=[143,93]
ds4: [t=+85024.6ms] req seq=3251 L4 k=1 ids=[242] w=[0.2466] compute=1.93 ms ok
ds4: [t=+85033.8ms] req seq=3252 L7 k=1 ids=[174] w=[0.1477] compute=1.80 ms ok
ds4: [t=+85044.1ms] req seq=3253 L10 k=1 ids=[24] w=[0.1354] compute=1.87 ms ok
ds4: [t=+85063.0ms] req seq=3254 L18 k=1 ids=[174] w=[0.2047] compute=1.90 ms ok
ds4: [t=+85070.7ms] req seq=3255 L20 k=1 ids=[38] w=[0.1779] compute=1.82 ms ok
ds4: [t=+85132.7ms] req seq=3256 L4 k=1 ids=[116] w=[0.1585] compute=1.90 ms ok
ds4: [t=+85132.8ms] tok#315 done: 6 layer-reqs, 7 experts, compute 11.31 ms (1.89 ms/layer), wall 118.82 ms, errors=0, evict-hints=6 | cache: resident=3337/3337 slabs=3 wired=22.00 GiB mlock-fail=0 B hits=3256 misses=0 swaps=3255
ds4: [t=+85132.8ms] tok#315 experts: L3=[244,79] L4=[242] L7=[174] L10=[24] L18=[174] L20=[38]
ds4: [t=+85139.7ms] req seq=3257 L6 k=1 ids=[37] w=[0.1967] compute=1.84 ms ok
ds4: [t=+85146.3ms] req seq=3258 L8 k=1 ids=[128] w=[0.0991] compute=1.84 ms ok
ds4: [t=+85161.1ms] req seq=3259 L14 k=1 ids=[147] w=[0.1337] compute=1.91 ms ok
ds4: [t=+85170.2ms] req seq=3260 L18 k=1 ids=[48] w=[0.1702] compute=1.82 ms ok
ds4: [t=+85228.8ms] req seq=3261 L1 k=1 ids=[87] w=[0.2288] compute=1.93 ms ok
ds4: [t=+85228.9ms] tok#316 done: 5 layer-reqs, 5 experts, compute 9.32 ms (1.86 ms/layer), wall 98.13 ms, errors=0, evict-hints=5 | cache: resident=3337/3337 slabs=3 wired=22.00 GiB mlock-fail=0 B hits=3261 misses=0 swaps=3260
ds4: [t=+85228.9ms] tok#316 experts: L4=[116] L6=[37] L8=[128] L14=[147] L18=[48]
ds4: [t=+85239.1ms] req seq=3262 L4 k=2 ids=[236,57] w=[0.1815,0.1718] compute=1.87 ms ok
ds4: [t=+85246.9ms] req seq=3263 L6 k=2 ids=[152,63] w=[0.2115,0.1949] compute=1.85 ms ok
ds4: [t=+85264.1ms] req seq=3264 L12 k=3 ids=[139,245,31] w=[0.2351,0.1887,0.1852] compute=1.91 ms ok
ds4: [t=+85270.6ms] req seq=3265 L13 k=1 ids=[119] w=[0.1505] compute=1.86 ms ok
ds4: [t=+85277.7ms] req seq=3266 L15 k=1 ids=[66] w=[0.2053] compute=1.85 ms ok
ds4: [t=+85285.8ms] req seq=3267 L18 k=1 ids=[40] w=[0.1988] compute=1.82 ms ok
ds4: [t=+85292.5ms] req seq=3268 L19 k=1 ids=[213] w=[0.1130] compute=1.87 ms ok
ds4: [t=+85298.6ms] req seq=3269 L20 k=2 ids=[191,207] w=[0.1921,0.1871] compute=1.78 ms ok
ds4: [t=+85304.5ms] req seq=3270 L21 k=1 ids=[152] w=[0.1782] compute=1.78 ms ok
ds4: [t=+85310.6ms] req seq=3271 L22 k=1 ids=[252] w=[0.3053] compute=1.79 ms ok
ds4: [t=+85316.5ms] req seq=3272 L23 k=1 ids=[129] w=[0.2939] compute=1.75 ms ok
ds4: [t=+85322.3ms] req seq=3273 L24 k=1 ids=[225] w=[0.1774] compute=1.74 ms ok
ds4: [t=+85328.3ms] req seq=3274 L25 k=1 ids=[33] w=[0.2997] compute=1.83 ms ok
ds4: [t=+85350.0ms] req seq=3275 L31 k=1 ids=[234] w=[0.4610] compute=1.86 ms ok
ds4: [t=+85363.4ms] req seq=3276 L34 k=1 ids=[235] w=[0.2633] compute=1.86 ms ok
ds4: [t=+85390.9ms] req seq=3277 L40 k=1 ids=[155] w=[0.1985] compute=1.88 ms ok
ds4: [t=+85405.4ms] req seq=3278 L42 k=2 ids=[254,0] w=[0.1361,0.1025] compute=1.88 ms ok
ds4: [t=+85432.0ms] req seq=3279 L4 k=2 ids=[169,203] w=[0.1557,0.1453] compute=1.89 ms ok
ds4: [t=+85432.1ms] tok#317 done: 18 layer-reqs, 24 experts, compute 33.10 ms (1.84 ms/layer), wall 205.24 ms, errors=0, evict-hints=18 | cache: resident=3337/3337 slabs=3 wired=22.00 GiB mlock-fail=0 B hits=3279 misses=0 swaps=3278
ds4: [t=+85432.2ms] tok#317 experts: L1=[87] L4=[236,57] L6=[152,63] L12=[139,245,31] L13=[119] L15=[66] L18=[40] L19=[213] L20=[191,207] L21=[152] L22=[252] L23=[129] L24=[225] L25=[33] L31=[234] L34=[235] L40=[155] L42=[254,0]
ds4: [t=+85439.3ms] req seq=3280 L5 k=1 ids=[21] w=[0.3397] compute=1.87 ms ok
ds4: [t=+85447.9ms] req seq=3281 L6 k=2 ids=[6,220] w=[0.1667,0.1564] compute=1.85 ms ok
ds4: [t=+85460.3ms] req seq=3282 L9 k=1 ids=[191] w=[0.0904] compute=1.88 ms ok
ds4: [t=+85470.4ms] req seq=3283 L11 k=1 ids=[162] w=[0.1404] compute=1.80 ms ok
ds4: [t=+85479.0ms] req seq=3284 L12 k=2 ids=[190,108] w=[0.1851,0.1439] compute=1.85 ms ok
ds4: [t=+85496.2ms] req seq=3285 L16 k=1 ids=[181] w=[0.1859] compute=1.90 ms ok
ds4: [t=+85502.6ms] req seq=3286 L17 k=1 ids=[240] w=[0.2317] compute=1.83 ms ok
ds4: [t=+85511.4ms] req seq=3287 L19 k=1 ids=[73] w=[0.1928] compute=1.83 ms ok
ds4: [t=+85517.6ms] req seq=3288 L20 k=2 ids=[207,128] w=[0.1829,0.1751] compute=1.79 ms ok
ds4: [t=+85524.8ms] req seq=3289 L21 k=2 ids=[239,65] w=[0.3316,0.2046] compute=1.78 ms ok
ds4: [t=+85617.1ms] req seq=3290 L4 k=1 ids=[135] w=[0.1895] compute=2.12 ms ok
ds4: [t=+85617.3ms] tok#318 done: 11 layer-reqs, 16 experts, compute 20.26 ms (1.84 ms/layer), wall 187.13 ms, errors=0, evict-hints=11 | cache: resident=3337/3337 slabs=3 wired=22.00 GiB mlock-fail=0 B hits=3290 misses=0 swaps=3289
ds4: [t=+85617.3ms] tok#318 experts: L4=[169,203] L5=[21] L6=[6,220] L9=[191] L11=[162] L12=[190,108] L16=[181] L17=[240] L19=[73] L20=[207,128] L21=[239,65]
ds4: [t=+85625.4ms] req seq=3291 L6 k=2 ids=[77,136] w=[0.1292,0.1263] compute=1.80 ms ok
ds4: [t=+85631.5ms] req seq=3292 L7 k=1 ids=[207] w=[0.1454] compute=1.78 ms ok
ds4: [t=+85643.1ms] req seq=3293 L10 k=3 ids=[100,214,141] w=[0.2380,0.1873,0.1946] compute=1.93 ms ok
ds4: [t=+85653.7ms] req seq=3294 L14 k=1 ids=[133] w=[0.2002] compute=1.83 ms ok
ds4: [t=+85660.2ms] req seq=3295 L16 k=1 ids=[192] w=[0.2427] compute=1.85 ms ok
ds4: [t=+85669.0ms] req seq=3296 L19 k=1 ids=[91] w=[0.3097] compute=1.84 ms ok
ds4: [t=+85676.6ms] req seq=3297 L21 k=2 ids=[71,192] w=[0.4205,0.1494] compute=1.84 ms ok
ds4: [t=+85682.8ms] req seq=3298 L22 k=1 ids=[253] w=[0.4962] compute=1.82 ms ok
ds4: [t=+85708.3ms] req seq=3299 L34 k=1 ids=[181] w=[0.1587] compute=1.68 ms ok
ds4: [t=+85719.3ms] req seq=3300 L37 k=1 ids=[39] w=[0.0887] compute=1.47 ms ok
ds4: [t=+85726.6ms] req seq=3301 L39 k=1 ids=[137] w=[0.1099] compute=1.56 ms ok
ds4: [t=+85738.0ms] req seq=3302 L42 k=2 ids=[71,103] w=[0.9337,0.0456] compute=1.45 ms ok
ds4: [t=+85764.9ms] req seq=3303 L7 k=2 ids=[233,62] w=[0.1011,0.0948] compute=1.53 ms ok
ds4: [t=+85765.0ms] tok#319 done: 13 layer-reqs, 18 experts, compute 22.97 ms (1.77 ms/layer), wall 150.00 ms, errors=0, evict-hints=13 | cache: resident=3337/3337 slabs=3 wired=22.00 GiB mlock-fail=0 B hits=3303 misses=0 swaps=3302
ds4: [t=+85765.1ms] tok#319 experts: L4=[135] L6=[77,136] L7=[207] L10=[100,214,141] L14=[133] L16=[192] L19=[91] L21=[71,192] L22=[253] L34=[181] L37=[39] L39=[137] L42=[71,103]
ds4: [t=+85771.7ms] req seq=3304 L9 k=1 ids=[110] w=[0.1019] compute=1.49 ms ok
ds4: [t=+85780.6ms] req seq=3305 L12 k=1 ids=[162] w=[0.1244] compute=1.59 ms ok
ds4: [t=+85792.0ms] req seq=3306 L17 k=1 ids=[202] w=[0.2064] compute=1.73 ms ok
ds4: [t=+85801.3ms] req seq=3307 L21 k=1 ids=[131] w=[0.2268] compute=1.53 ms ok
ds4: [t=+85807.3ms] req seq=3308 L23 k=1 ids=[240] w=[0.2909] compute=1.46 ms ok
ds4: [t=+85870.2ms] req seq=3309 L7 k=1 ids=[117] w=[0.1079] compute=1.66 ms ok
ds4: [t=+85870.3ms] tok#320 done: 6 layer-reqs, 7 experts, compute 9.33 ms (1.55 ms/layer), wall 106.90 ms, errors=0, evict-hints=6 | cache: resident=3337/3337 slabs=3 wired=22.00 GiB mlock-fail=0 B hits=3309 misses=0 swaps=3308
ds4: [t=+85870.4ms] tok#320 experts: L7=[233,62] L9=[110] L12=[162] L17=[202] L21=[131] L23=[240]
ds4: [t=+85877.4ms] req seq=3310 L9 k=1 ids=[172] w=[0.0804] compute=1.78 ms ok
ds4: [t=+85883.4ms] req seq=3311 L10 k=1 ids=[208] w=[0.1610] compute=1.53 ms ok
ds4: [t=+85889.0ms] req seq=3312 L12 k=1 ids=[31] w=[0.1328] compute=1.51 ms ok
ds4: [t=+85903.7ms] req seq=3313 L19 k=1 ids=[160] w=[0.4208] compute=1.67 ms ok
ds4: [t=+85923.2ms] req seq=3314 L29 k=1 ids=[66] w=[0.1374] compute=1.74 ms ok
ds4: [t=+85932.8ms] req seq=3315 L33 k=1 ids=[187] w=[0.1679] compute=1.86 ms ok
ds4: [t=+85938.9ms] req seq=3316 L34 k=1 ids=[95] w=[0.1926] compute=1.75 ms ok
ds4: [t=+85949.9ms] req seq=3317 L39 k=1 ids=[115] w=[0.3908] compute=1.86 ms ok
ds4: [t=+85956.5ms] req seq=3318 L41 k=1 ids=[56] w=[0.2599] compute=1.81 ms ok
ds4: [t=+85973.3ms] req seq=3319 L3 k=2 ids=[185,251] w=[0.5284,0.1442] compute=1.88 ms ok
ds4: [t=+85973.4ms] tok#321 done: 10 layer-reqs, 10 experts, compute 17.16 ms (1.72 ms/layer), wall 104.90 ms, errors=0, evict-hints=10 | cache: resident=3337/3337 slabs=3 wired=22.00 GiB mlock-fail=0 B hits=3319 misses=0 swaps=3318
ds4: [t=+85973.5ms] tok#321 experts: L7=[117] L9=[172] L10=[208] L12=[31] L19=[160] L29=[66] L33=[187] L34=[95] L39=[115] L41=[56]
ds4: [t=+85980.2ms] req seq=3320 L4 k=2 ids=[163,112] w=[0.3847,0.3626] compute=1.89 ms ok
ds4: [t=+85986.7ms] req seq=3321 L5 k=1 ids=[138] w=[0.2001] compute=1.78 ms ok
ds4: [t=+85992.8ms] req seq=3322 L6 k=1 ids=[132] w=[0.5551] compute=1.86 ms ok
ds4: [t=+85999.3ms] req seq=3323 L7 k=1 ids=[230] w=[0.2947] compute=1.83 ms ok
ds4: [t=+86005.4ms] req seq=3324 L8 k=1 ids=[180] w=[0.4029] compute=1.79 ms ok
ds4: [t=+86011.5ms] req seq=3325 L9 k=1 ids=[246] w=[0.1416] compute=1.80 ms ok
ds4: [t=+86017.5ms] req seq=3326 L10 k=2 ids=[8,154] w=[0.6004,0.1768] compute=1.78 ms ok
ds4: [t=+86023.4ms] req seq=3327 L11 k=1 ids=[153] w=[0.1895] compute=1.76 ms ok
ds4: [t=+86029.1ms] req seq=3328 L12 k=1 ids=[86] w=[0.3375] compute=1.80 ms ok
ds4: [t=+86043.5ms] req seq=3329 L15 k=1 ids=[151] w=[0.6055] compute=1.86 ms ok
ds4: [t=+86061.7ms] req seq=3330 L19 k=3 ids=[8,108,255] w=[0.4576,0.3527,0.1169] compute=1.90 ms ok
ds4: [t=+86070.2ms] req seq=3331 L20 k=2 ids=[94,216] w=[0.3655,0.1166] compute=1.85 ms ok
ds4: [t=+86077.0ms] req seq=3332 L21 k=1 ids=[217] w=[0.2016] compute=1.87 ms ok
ds4: [t=+86139.3ms] req seq=3333 L39 k=1 ids=[105] w=[0.1366] compute=2.06 ms ok
ds4: [t=+86167.7ms] req seq=3334 L1 k=1 ids=[53] w=[0.2356] compute=1.89 ms ok
ds4: [t=+86167.8ms] tok#322 done: 15 layer-reqs, 21 experts, compute 27.71 ms (1.85 ms/layer), wall 196.30 ms, errors=0, evict-hints=15 | cache: resident=3337/3337 slabs=3 wired=22.00 GiB mlock-fail=0 B hits=3334 misses=0 swaps=3333
ds4: [t=+86167.8ms] tok#322 experts: L3=[185,251] L4=[163,112] L5=[138] L6=[132] L7=[230] L8=[180] L9=[246] L10=[8,154] L11=[153] L12=[86] L15=[151] L19=[8,108,255] L20=[94,216] L21=[217] L39=[105]
ds4: [t=+86183.1ms] req seq=3335 L6 k=3 ids=[220,255,14] w=[0.1471,0.1266,0.1270] compute=1.92 ms ok
ds4: [t=+86193.7ms] req seq=3336 L9 k=1 ids=[23] w=[0.1318] compute=1.84 ms ok
ds4: [t=+86205.7ms] req seq=3337 L12 k=1 ids=[202] w=[0.1518] compute=1.82 ms ok
ds4: [t=+86218.1ms] req seq=3338 L15 k=1 ids=[48] w=[0.3312] compute=1.83 ms ok
ds4: [t=+86230.8ms] req seq=3339 L18 k=1 ids=[96] w=[0.1355] compute=1.87 ms ok
ds4: [t=+86238.9ms] req seq=3340 L20 k=1 ids=[147] w=[0.1187] compute=1.78 ms ok
ds4: [t=+86245.4ms] req seq=3341 L21 k=1 ids=[87] w=[0.1203] compute=1.84 ms ok
ds4: [t=+86267.7ms] req seq=3342 L29 k=1 ids=[205] w=[0.1835] compute=1.92 ms ok
ds4: [t=+86273.9ms] req seq=3343 L30 k=1 ids=[31] w=[0.1786] compute=1.84 ms ok
ds4: [t=+86298.8ms] req seq=3344 L37 k=1 ids=[115] w=[0.1962] compute=1.89 ms ok
ds4: [t=+86311.2ms] req seq=3345 L39 k=2 ids=[146,162] w=[0.1711,0.1291] compute=1.79 ms ok
ds4: [t=+86331.1ms] req seq=3346 L42 k=2 ids=[164,36] w=[0.4414,0.1622] compute=1.92 ms ok
ds4: [t=+86359.5ms] req seq=3347 L5 k=1 ids=[57] w=[0.1403] compute=1.84 ms ok
ds4: [t=+86359.6ms] tok#323 done: 13 layer-reqs, 17 experts, compute 24.14 ms (1.86 ms/layer), wall 193.76 ms, errors=0, evict-hints=13 | cache: resident=3337/3337 slabs=3 wired=22.00 GiB mlock-fail=0 B hits=3347 misses=0 swaps=3346
ds4: [t=+86359.6ms] tok#323 experts: L1=[53] L6=[220,255,14] L9=[23] L12=[202] L15=[48] L18=[96] L20=[147] L21=[87] L29=[205] L30=[31] L37=[115] L39=[146,162] L42=[164,36]
ds4: [t=+86365.4ms] req seq=3348 L6 k=1 ids=[14] w=[0.1609] compute=1.81 ms ok
ds4: [t=+86381.1ms] req seq=3349 L12 k=1 ids=[245] w=[0.1125] compute=1.88 ms ok
ds4: [t=+86388.9ms] req seq=3350 L14 k=1 ids=[18] w=[0.1739] compute=1.80 ms ok
ds4: [t=+86416.0ms] req seq=3351 L22 k=4 ids=[200,149,111,248] w=[0.2609,0.1894,0.1647,0.1572] compute=1.80 ms ok
ds4: [t=+86447.0ms] req seq=3352 L35 k=1 ids=[144] w=[0.4340] compute=1.98 ms ok
ds4: [t=+86468.7ms] req seq=3353 L42 k=1 ids=[36] w=[0.4533] compute=1.79 ms ok
ds4: [t=+86500.7ms] req seq=3354 L4 k=1 ids=[209] w=[0.1378] compute=2.66 ms ok
ds4: [t=+86500.8ms] tok#324 done: 7 layer-reqs, 10 experts, compute 12.90 ms (1.84 ms/layer), wall 143.15 ms, errors=0, evict-hints=7 | cache: resident=3337/3337 slabs=3 wired=22.00 GiB mlock-fail=0 B hits=3354 misses=0 swaps=3353
ds4: [t=+86501.1ms] tok#324 experts: L5=[57] L6=[14] L12=[245] L14=[18] L22=[200,149,111,248] L35=[144] L42=[36]
ds4: [t=+86512.6ms] req seq=3355 L7 k=1 ids=[27] w=[0.1408] compute=1.92 ms ok
ds4: [t=+86520.8ms] req seq=3356 L9 k=1 ids=[92] w=[0.1498] compute=1.76 ms ok
ds4: [t=+86526.8ms] req seq=3357 L10 k=1 ids=[154] w=[0.1532] compute=1.85 ms ok
ds4: [t=+86533.3ms] req seq=3358 L11 k=1 ids=[78] w=[0.1707] compute=1.82 ms ok
ds4: [t=+86549.9ms] req seq=3359 L18 k=1 ids=[67] w=[0.2052] compute=1.86 ms ok
ds4: [t=+86558.5ms] req seq=3360 L19 k=3 ids=[7,47,125] w=[0.1849,0.0793,0.0733] compute=1.83 ms ok
ds4: [t=+86624.4ms] req seq=3361 L3 k=1 ids=[153] w=[0.1788] compute=2.06 ms ok
ds4: [t=+86624.5ms] tok#325 done: 7 layer-reqs, 9 experts, compute 13.70 ms (1.96 ms/layer), wall 126.46 ms, errors=0, evict-hints=7 | cache: resident=3337/3337 slabs=3 wired=22.00 GiB mlock-fail=0 B hits=3361 misses=0 swaps=3360
ds4: [t=+86624.6ms] tok#325 experts: L4=[209] L7=[27] L9=[92] L10=[154] L11=[78] L18=[67] L19=[7,47,125]
ds4: [t=+86641.3ms] req seq=3362 L12 k=1 ids=[131] w=[0.1419] compute=1.61 ms ok
ds4: [t=+86653.1ms] req seq=3363 L18 k=1 ids=[57] w=[0.2024] compute=1.38 ms ok
ds4: [t=+86661.5ms] req seq=3364 L22 k=1 ids=[42] w=[0.1991] compute=1.46 ms ok
ds4: [t=+86680.5ms] req seq=3365 L30 k=1 ids=[33] w=[0.2027] compute=1.43 ms ok
ds4: [t=+86718.8ms] req seq=3366 L42 k=1 ids=[107] w=[0.1967] compute=1.42 ms ok
ds4: [t=+86732.1ms] req seq=3367 L3 k=1 ids=[118] w=[0.1616] compute=1.45 ms ok
ds4: [t=+86732.1ms] tok#326 done: 6 layer-reqs, 6 experts, compute 9.36 ms (1.56 ms/layer), wall 109.76 ms, errors=0, evict-hints=6 | cache: resident=3337/3337 slabs=3 wired=22.00 GiB mlock-fail=0 B hits=3367 misses=0 swaps=3366
ds4: [t=+86732.2ms] tok#326 experts: L3=[153] L12=[131] L18=[57] L22=[42] L30=[33] L42=[107]
ds4: [t=+86752.5ms] req seq=3368 L13 k=1 ids=[76] w=[0.1695] compute=1.46 ms ok
ds4: [t=+86761.1ms] req seq=3369 L17 k=1 ids=[81] w=[0.1873] compute=1.45 ms ok
ds4: [t=+86772.2ms] req seq=3370 L21 k=1 ids=[65] w=[0.2499] compute=1.40 ms ok
ds4: [t=+86780.8ms] req seq=3371 L25 k=1 ids=[41] w=[0.1258] compute=1.46 ms ok
ds4: [t=+86789.9ms] req seq=3372 L29 k=1 ids=[196] w=[0.1622] compute=1.40 ms ok
ds4: [t=+86831.8ms] req seq=3373 L3 k=1 ids=[138] w=[0.2275] compute=1.69 ms ok
ds4: [t=+86831.9ms] tok#327 done: 6 layer-reqs, 6 experts, compute 8.62 ms (1.44 ms/layer), wall 101.25 ms, errors=0, evict-hints=6 | cache: resident=3337/3337 slabs=3 wired=22.00 GiB mlock-fail=0 B hits=3373 misses=0 swaps=3372
ds4: [t=+86831.9ms] tok#327 experts: L3=[118] L13=[76] L17=[81] L21=[65] L25=[41] L29=[196]
ds4: [t=+86840.6ms] req seq=3374 L7 k=1 ids=[239] w=[0.2112] compute=1.41 ms ok
ds4: [t=+86847.1ms] req seq=3375 L8 k=1 ids=[65] w=[0.1067] compute=1.43 ms ok
ds4: [t=+86853.5ms] req seq=3376 L10 k=1 ids=[130] w=[0.1448] compute=1.36 ms ok
ds4: [t=+86859.4ms] req seq=3377 L11 k=1 ids=[147] w=[0.1856] compute=1.52 ms ok
ds4: [t=+86865.3ms] req seq=3378 L12 k=1 ids=[198] w=[0.1382] compute=1.40 ms ok
ds4: [t=+86871.2ms] req seq=3379 L13 k=1 ids=[198] w=[0.5298] compute=1.42 ms ok
ds4: [t=+86877.4ms] req seq=3380 L14 k=1 ids=[93] w=[0.1423] compute=1.53 ms ok
ds4: [t=+86883.3ms] req seq=3381 L15 k=1 ids=[131] w=[0.2120] compute=1.41 ms ok
ds4: [t=+86893.6ms] req seq=3382 L19 k=1 ids=[242] w=[0.1100] compute=1.55 ms ok
ds4: [t=+86900.4ms] req seq=3383 L21 k=1 ids=[170] w=[0.2652] compute=1.40 ms ok
ds4: [t=+86908.7ms] req seq=3384 L23 k=1 ids=[166] w=[0.1781] compute=1.56 ms ok
ds4: [t=+86922.5ms] req seq=3385 L27 k=1 ids=[80] w=[0.1075] compute=1.59 ms ok
ds4: [t=+86932.8ms] req seq=3386 L31 k=1 ids=[27] w=[0.1463] compute=1.62 ms ok
ds4: [t=+86956.0ms] req seq=3387 L39 k=1 ids=[194] w=[0.1343] compute=1.65 ms ok
ds4: [t=+86961.8ms] req seq=3388 L40 k=1 ids=[118] w=[0.1653] compute=1.90 ms ok
ds4: [t=+86985.3ms] req seq=3389 L3 k=1 ids=[32] w=[0.1088] compute=1.90 ms ok
ds4: [t=+86985.4ms] tok#328 done: 16 layer-reqs, 16 experts, compute 24.43 ms (1.53 ms/layer), wall 155.22 ms, errors=0, evict-hints=16 | cache: resident=3337/3337 slabs=3 wired=22.00 GiB mlock-fail=0 B hits=3389 misses=0 swaps=3388
ds4: [t=+86985.4ms] tok#328 experts: L3=[138] L7=[239] L8=[65] L10=[130] L11=[147] L12=[198] L13=[198] L14=[93] L15=[131] L19=[242] L21=[170] L23=[166] L27=[80] L31=[27] L39=[194] L40=[118]
ds4: [t=+86991.7ms] req seq=3390 L4 k=1 ids=[121] w=[0.1498] compute=1.83 ms ok
ds4: [t=+86997.4ms] req seq=3391 L5 k=1 ids=[222] w=[0.1383] compute=1.81 ms ok
ds4: [t=+87003.8ms] req seq=3392 L6 k=1 ids=[162] w=[0.1287] compute=1.81 ms ok
ds4: [t=+87010.0ms] req seq=3393 L7 k=1 ids=[102] w=[0.1378] compute=1.85 ms ok
ds4: [t=+87015.5ms] req seq=3394 L8 k=1 ids=[236] w=[0.1370] compute=1.76 ms ok
ds4: [t=+87021.3ms] req seq=3395 L9 k=1 ids=[107] w=[0.1557] compute=1.77 ms ok
ds4: [t=+87027.2ms] req seq=3396 L10 k=1 ids=[23] w=[0.2097] compute=1.80 ms ok
ds4: [t=+87036.5ms] req seq=3397 L12 k=1 ids=[239] w=[0.2602] compute=1.78 ms ok
ds4: [t=+87045.2ms] req seq=3398 L14 k=2 ids=[67,226] w=[0.2422,0.1643] compute=1.88 ms ok
ds4: [t=+87051.6ms] req seq=3399 L15 k=1 ids=[165] w=[0.4127] compute=1.78 ms ok
ds4: [t=+87066.1ms] req seq=3400 L20 k=2 ids=[77,50] w=[0.3079,0.2440] compute=1.89 ms ok
ds4: [t=+87072.5ms] req seq=3401 L21 k=1 ids=[231] w=[0.1793] compute=1.85 ms ok
ds4: [t=+87079.0ms] req seq=3402 L22 k=1 ids=[149] w=[0.1633] compute=1.82 ms ok
ds4: [t=+87099.6ms] req seq=3403 L27 k=1 ids=[60] w=[0.0954] compute=1.85 ms ok
ds4: [t=+87115.9ms] req seq=3404 L30 k=1 ids=[108] w=[0.1624] compute=1.85 ms ok
ds4: [t=+87174.3ms] req seq=3405 L41 k=1 ids=[99] w=[0.1962] compute=2.01 ms ok
ds4: [t=+87184.6ms] req seq=3406 L42 k=1 ids=[21] w=[0.2076] compute=1.86 ms ok
ds4: [t=+87202.0ms] req seq=3407 L0 k=1 ids=[128] w=[0.2631] compute=1.87 ms ok
ds4: [t=+87202.0ms] tok#329 done: 18 layer-reqs, 20 experts, compute 33.12 ms (1.84 ms/layer), wall 218.64 ms, errors=0, evict-hints=18 | cache: resident=3337/3337 slabs=3 wired=22.00 GiB mlock-fail=0 B hits=3407 misses=0 swaps=3406
ds4: [t=+87202.1ms] tok#329 experts: L3=[32] L4=[121] L5=[222] L6=[162] L7=[102] L8=[236] L9=[107] L10=[23] L12=[239] L14=[67,226] L15=[165] L20=[77,50] L21=[231] L22=[149] L27=[60] L30=[108] L41=[99] L42=[21]
ds4: [t=+87229.3ms] req seq=3408 L4 k=1 ids=[183] w=[0.2007] compute=1.87 ms ok
ds4: [t=+87254.8ms] req seq=3409 L7 k=1 ids=[10] w=[0.1263] compute=1.85 ms ok
ds4: [t=+87264.3ms] req seq=3410 L8 k=1 ids=[150] w=[0.1154] compute=1.84 ms ok
ds4: [t=+87273.1ms] req seq=3411 L9 k=1 ids=[37] w=[0.4299] compute=1.82 ms ok
ds4: [t=+87298.0ms] req seq=3412 L14 k=1 ids=[103] w=[0.2495] compute=1.95 ms ok
ds4: [t=+87303.9ms] req seq=3413 L15 k=1 ids=[212] w=[0.3082] compute=1.82 ms ok
ds4: [t=+87317.8ms] req seq=3414 L19 k=1 ids=[94] w=[0.2056] compute=1.89 ms ok
ds4: [t=+87330.5ms] req seq=3415 L21 k=1 ids=[108] w=[0.2452] compute=1.92 ms ok
ds4: [t=+87400.7ms] req seq=3416 L37 k=1 ids=[48] w=[0.1690] compute=2.08 ms ok
ds4: [t=+87413.6ms] req seq=3417 L40 k=1 ids=[59] w=[0.2270] compute=1.86 ms ok
ds4: [t=+87421.5ms] req seq=3418 L41 k=1 ids=[58] w=[0.1964] compute=1.81 ms ok
ds4: [t=+87455.2ms] req seq=3419 L5 k=1 ids=[1] w=[0.1253] compute=1.90 ms ok
ds4: [t=+87455.3ms] tok#330 done: 12 layer-reqs, 12 experts, compute 22.57 ms (1.88 ms/layer), wall 255.16 ms, errors=0, evict-hints=12 | cache: resident=3337/3337 slabs=3 wired=22.00 GiB mlock-fail=0 B hits=3419 misses=0 swaps=3418
ds4: [t=+87455.3ms] tok#330 experts: L0=[128] L4=[183] L7=[10] L8=[150] L9=[37] L14=[103] L15=[212] L19=[94] L21=[108] L37=[48] L40=[59] L41=[58]
ds4: [t=+87466.5ms] req seq=3420 L7 k=1 ids=[62] w=[0.1676] compute=1.87 ms ok
ds4: [t=+87475.2ms] req seq=3421 L9 k=1 ids=[128] w=[0.2011] compute=1.81 ms ok
ds4: [t=+87544.5ms] req seq=3422 L32 k=1 ids=[1] w=[0.1687] compute=1.92 ms ok
ds4: [t=+87585.0ms] req seq=3423 L5 k=1 ids=[112] w=[0.0839] compute=1.87 ms ok
ds4: [t=+87585.0ms] tok#331 done: 4 layer-reqs, 4 experts, compute 7.51 ms (1.88 ms/layer), wall 131.75 ms, errors=0, evict-hints=4 | cache: resident=3337/3337 slabs=3 wired=22.00 GiB mlock-fail=0 B hits=3423 misses=0 swaps=3422
ds4: [t=+87585.1ms] tok#331 experts: L5=[1] L7=[62] L9=[128] L32=[1]
ds4: [t=+87591.5ms] req seq=3424 L7 k=1 ids=[47] w=[0.1436] compute=1.81 ms ok
ds4: [t=+87598.4ms] req seq=3425 L9 k=1 ids=[237] w=[0.0995] compute=1.80 ms ok
ds4: [t=+87609.1ms] req seq=3426 L13 k=2 ids=[3,10] w=[0.2569,0.1764] compute=1.97 ms ok
ds4: [t=+87615.3ms] req seq=3427 L14 k=1 ids=[251] w=[0.2861] compute=1.84 ms ok
ds4: [t=+87622.0ms] req seq=3428 L16 k=1 ids=[235] w=[0.2342] compute=1.79 ms ok
ds4: [t=+87644.2ms] req seq=3429 L26 k=1 ids=[1] w=[0.0978] compute=1.88 ms ok
ds4: [t=+87691.6ms] req seq=3430 L4 k=1 ids=[207] w=[0.0991] compute=1.90 ms ok
ds4: [t=+87691.7ms] tok#332 done: 7 layer-reqs, 8 experts, compute 12.97 ms (1.85 ms/layer), wall 108.56 ms, errors=0, evict-hints=7 | cache: resident=3337/3337 slabs=3 wired=22.00 GiB mlock-fail=0 B hits=3430 misses=0 swaps=3429
ds4: [t=+87691.7ms] tok#332 experts: L5=[112] L7=[47] L9=[237] L13=[3,10] L14=[251] L16=[235] L26=[1]
ds4: [t=+87697.6ms] req seq=3431 L5 k=2 ids=[216,75] w=[0.2712,0.1162] compute=1.45 ms ok
ds4: [t=+87706.3ms] req seq=3432 L9 k=1 ids=[140] w=[0.1855] compute=1.42 ms ok
ds4: [t=+87714.5ms] req seq=3433 L12 k=2 ids=[167,41] w=[0.3592,0.1623] compute=1.48 ms ok
ds4: [t=+87722.6ms] req seq=3434 L15 k=2 ids=[192,220] w=[0.3028,0.2045] compute=1.47 ms ok
ds4: [t=+87732.1ms] req seq=3435 L18 k=1 ids=[233] w=[0.2605] compute=1.49 ms ok
ds4: [t=+87737.7ms] req seq=3436 L19 k=1 ids=[156] w=[0.0666] compute=1.44 ms ok
ds4: [t=+87806.1ms] req seq=3437 L7 k=1 ids=[50] w=[0.1374] compute=1.72 ms ok
ds4: [t=+87806.2ms] tok#333 done: 7 layer-reqs, 10 experts, compute 10.66 ms (1.52 ms/layer), wall 116.50 ms, errors=0, evict-hints=7 | cache: resident=3337/3337 slabs=3 wired=22.00 GiB mlock-fail=0 B hits=3437 misses=0 swaps=3436
ds4: [t=+87806.2ms] tok#333 experts: L4=[207] L5=[216,75] L9=[140] L12=[167,41] L15=[192,220] L18=[233] L19=[156]
ds4: [t=+87812.7ms] req seq=3438 L8 k=1 ids=[108] w=[0.1263] compute=1.61 ms ok
ds4: [t=+87818.6ms] req seq=3439 L9 k=1 ids=[144] w=[0.1188] compute=1.53 ms ok
ds4: [t=+87824.9ms] req seq=3440 L10 k=1 ids=[194] w=[0.1037] compute=1.57 ms ok
ds4: [t=+87830.6ms] req seq=3441 L11 k=1 ids=[29] w=[0.1344] compute=1.57 ms ok
ds4: [t=+87836.7ms] req seq=3442 L12 k=1 ids=[41] w=[0.1816] compute=1.49 ms ok
ds4: [t=+87846.6ms] req seq=3443 L16 k=2 ids=[169,87] w=[0.3077,0.2040] compute=1.76 ms ok
ds4: [t=+87857.0ms] req seq=3444 L20 k=1 ids=[142] w=[0.3982] compute=1.57 ms ok
ds4: [t=+87877.6ms] req seq=3445 L30 k=1 ids=[70] w=[0.1670] compute=1.79 ms ok
ds4: [t=+87913.7ms] req seq=3446 L1 k=1 ids=[45] w=[0.2613] compute=1.79 ms ok
ds4: [t=+87913.9ms] tok#334 done: 9 layer-reqs, 10 experts, compute 14.59 ms (1.62 ms/layer), wall 109.46 ms, errors=0, evict-hints=9 | cache: resident=3337/3337 slabs=3 wired=22.00 GiB mlock-fail=0 B hits=3446 misses=0 swaps=3445
ds4: [t=+87913.9ms] tok#334 experts: L7=[50] L8=[108] L9=[144] L10=[194] L11=[29] L12=[41] L16=[169,87] L20=[142] L30=[70]
ds4: [t=+87924.9ms] req seq=3447 L5 k=1 ids=[99] w=[0.3099] compute=1.76 ms ok
ds4: [t=+87936.4ms] req seq=3448 L10 k=1 ids=[221] w=[0.1485] compute=1.70 ms ok
ds4: [t=+87951.7ms] req seq=3449 L16 k=1 ids=[126] w=[0.2004] compute=1.87 ms ok
ds4: [t=+87957.5ms] req seq=3450 L17 k=1 ids=[106] w=[0.2307] compute=1.83 ms ok
ds4: [t=+87963.4ms] req seq=3451 L19 k=1 ids=[173] w=[0.2671] compute=1.83 ms ok
ds4: [t=+87969.7ms] req seq=3452 L21 k=1 ids=[223] w=[0.1593] compute=1.82 ms ok
ds4: [t=+87976.0ms] req seq=3453 L22 k=1 ids=[12] w=[0.1483] compute=1.85 ms ok
ds4: [t=+87998.5ms] req seq=3454 L31 k=1 ids=[15] w=[0.2851] compute=1.89 ms ok
ds4: [t=+88021.1ms] req seq=3455 L37 k=1 ids=[181] w=[0.1435] compute=1.90 ms ok
ds4: [t=+88088.4ms] req seq=3456 L21 k=1 ids=[26] w=[0.1510] compute=2.07 ms ok
ds4: [t=+88088.5ms] tok#335 done: 10 layer-reqs, 10 experts, compute 18.22 ms (1.82 ms/layer), wall 176.54 ms, errors=0, evict-hints=10 | cache: resident=3337/3337 slabs=3 wired=22.00 GiB mlock-fail=0 B hits=3456 misses=0 swaps=3455
ds4: [t=+88088.5ms] tok#335 experts: L1=[45] L5=[99] L10=[221] L16=[126] L17=[106] L19=[173] L21=[223] L22=[12] L31=[15] L37=[181]
ds4: [t=+88095.3ms] req seq=3457 L23 k=1 ids=[9] w=[0.1485] compute=1.82 ms ok
ds4: [t=+88160.6ms] req seq=3458 L11 k=1 ids=[174] w=[0.1874] compute=1.95 ms ok
ds4: [t=+88160.7ms] tok#336 done: 2 layer-reqs, 2 experts, compute 3.90 ms (1.95 ms/layer), wall 74.36 ms, errors=0, evict-hints=2 | cache: resident=3337/3337 slabs=3 wired=22.00 GiB mlock-fail=0 B hits=3458 misses=0 swaps=3457
ds4: [t=+88160.7ms] tok#336 experts: L21=[26] L23=[9]
ds4: [t=+88168.9ms] req seq=3459 L14 k=1 ids=[238] w=[0.1580] compute=1.84 ms ok
ds4: [t=+88177.3ms] req seq=3460 L17 k=1 ids=[16] w=[0.3152] compute=1.86 ms ok
ds4: [t=+88183.5ms] req seq=3461 L19 k=1 ids=[170] w=[0.3510] compute=1.83 ms ok
ds4: [t=+88189.5ms] req seq=3462 L21 k=1 ids=[247] w=[0.2654] compute=1.85 ms ok
ds4: [t=+88197.5ms] req seq=3463 L24 k=1 ids=[202] w=[0.2043] compute=1.85 ms ok
ds4: [t=+88265.4ms] req seq=3464 L11 k=1 ids=[47] w=[0.2077] compute=2.07 ms ok
ds4: [t=+88265.5ms] tok#337 done: 6 layer-reqs, 6 experts, compute 11.18 ms (1.86 ms/layer), wall 106.86 ms, errors=0, evict-hints=6 | cache: resident=3337/3337 slabs=3 wired=22.00 GiB mlock-fail=0 B hits=3464 misses=0 swaps=3463
ds4: [t=+88265.6ms] tok#337 experts: L11=[174] L14=[238] L17=[16] L19=[170] L21=[247] L24=[202]
ds4: [t=+88277.2ms] req seq=3465 L14 k=1 ids=[110] w=[0.2345] compute=1.89 ms ok
ds4: [t=+88283.4ms] req seq=3466 L15 k=1 ids=[167] w=[0.1799] compute=1.83 ms ok
ds4: [t=+88294.0ms] req seq=3467 L19 k=1 ids=[43] w=[0.1429] compute=1.88 ms ok
ds4: [t=+88300.4ms] req seq=3468 L21 k=1 ids=[167] w=[0.2615] compute=1.83 ms ok
ds4: [t=+88354.2ms] req seq=3469 L3 k=1 ids=[237] w=[0.2993] compute=2.09 ms ok
ds4: [t=+88354.3ms] tok#338 done: 5 layer-reqs, 5 experts, compute 9.51 ms (1.90 ms/layer), wall 90.96 ms, errors=0, evict-hints=5 | cache: resident=3337/3337 slabs=3 wired=22.00 GiB mlock-fail=0 B hits=3469 misses=0 swaps=3468
ds4: [t=+88354.4ms] tok#338 experts: L11=[47] L14=[110] L15=[167] L19=[43] L21=[167]
ds4: [t=+88370.3ms] req seq=3470 L9 k=1 ids=[70] w=[0.1458] compute=1.83 ms ok
ds4: [t=+88378.3ms] req seq=3471 L12 k=1 ids=[134] w=[0.1870] compute=1.82 ms ok
ds4: [t=+88384.8ms] req seq=3472 L14 k=1 ids=[107] w=[0.1176] compute=1.83 ms ok
ds4: [t=+88450.2ms] req seq=3473 L4 k=1 ids=[112] w=[0.1415] compute=2.13 ms ok
ds4: [t=+88450.3ms] tok#339 done: 4 layer-reqs, 4 experts, compute 7.56 ms (1.89 ms/layer), wall 98.16 ms, errors=0, evict-hints=4 | cache: resident=3337/3337 slabs=3 wired=22.00 GiB mlock-fail=0 B hits=3473 misses=0 swaps=3472
ds4: [t=+88450.3ms] tok#339 experts: L3=[237] L9=[70] L12=[134] L14=[107]
ds4: [t=+88458.2ms] req seq=3474 L7 k=1 ids=[197] w=[0.1398] compute=1.83 ms ok
ds4: [t=+88481.7ms] req seq=3475 L18 k=1 ids=[23] w=[0.1985] compute=1.87 ms ok
ds4: [t=+88487.8ms] req seq=3476 L19 k=2 ids=[47,108] w=[0.3044,0.0705] compute=1.88 ms ok
ds4: [t=+88494.0ms] req seq=3477 L20 k=1 ids=[216] w=[0.2208] compute=1.88 ms ok
ds4: [t=+88501.4ms] req seq=3478 L23 k=1 ids=[27] w=[0.1282] compute=1.72 ms ok
ds4: [t=+88557.6ms] req seq=3479 L5 k=2 ids=[205,208] w=[0.4173,0.4174] compute=1.96 ms ok
ds4: [t=+88557.7ms] tok#340 done: 6 layer-reqs, 7 experts, compute 11.31 ms (1.89 ms/layer), wall 109.63 ms, errors=0, evict-hints=6 | cache: resident=3337/3337 slabs=3 wired=22.00 GiB mlock-fail=0 B hits=3479 misses=0 swaps=3478
ds4: [t=+88557.8ms] tok#340 experts: L4=[112] L7=[197] L18=[23] L19=[47,108] L20=[216] L23=[27]
ds4: [t=+88564.8ms] req seq=3480 L7 k=1 ids=[110] w=[0.2899] compute=1.89 ms ok
ds4: [t=+88574.6ms] req seq=3481 L9 k=1 ids=[105] w=[0.5260] compute=1.88 ms ok
ds4: [t=+88580.3ms] req seq=3482 L10 k=1 ids=[178] w=[0.5321] compute=1.78 ms ok
ds4: [t=+88595.8ms] req seq=3483 L14 k=1 ids=[189] w=[0.2244] compute=1.88 ms ok
ds4: [t=+88602.5ms] req seq=3484 L15 k=1 ids=[121] w=[0.1863] compute=1.83 ms ok
ds4: [t=+88608.7ms] req seq=3485 L16 k=1 ids=[172] w=[0.2429] compute=1.77 ms ok
ds4: [t=+88615.0ms] req seq=3486 L18 k=1 ids=[6] w=[0.3515] compute=1.77 ms ok
ds4: [t=+88621.2ms] req seq=3487 L19 k=2 ids=[108,200] w=[0.3480,0.2012] compute=1.78 ms ok
ds4: [t=+88630.2ms] req seq=3488 L21 k=1 ids=[102] w=[0.2885] compute=1.83 ms ok
ds4: [t=+88639.9ms] req seq=3489 L25 k=1 ids=[89] w=[0.1928] compute=1.82 ms ok
ds4: [t=+88647.0ms] req seq=3490 L27 k=1 ids=[184] w=[0.1739] compute=1.88 ms ok
ds4: [t=+88656.2ms] req seq=3491 L29 k=2 ids=[146,51] w=[0.1473,0.0930] compute=1.84 ms ok
ds4: [t=+88677.4ms] req seq=3492 L37 k=1 ids=[240] w=[0.2059] compute=1.88 ms ok
ds4: [t=+88684.4ms] req seq=3493 L39 k=1 ids=[148] w=[0.2082] compute=1.89 ms ok
ds4: [t=+88690.5ms] req seq=3494 L40 k=1 ids=[161] w=[0.1317] compute=1.79 ms ok
ds4: [t=+88710.1ms] req seq=3495 L1 k=1 ids=[72] w=[0.2694] compute=1.90 ms ok
ds4: [t=+88710.2ms] tok#341 done: 16 layer-reqs, 19 experts, compute 29.48 ms (1.84 ms/layer), wall 154.56 ms, errors=0, evict-hints=16 | cache: resident=3337/3337 slabs=3 wired=22.00 GiB mlock-fail=0 B hits=3495 misses=0 swaps=3494
ds4: [t=+88710.3ms] tok#341 experts: L5=[205,208] L7=[110] L9=[105] L10=[178] L14=[189] L15=[121] L16=[172] L18=[6] L19=[108,200] L21=[102] L25=[89] L27=[184] L29=[146,51] L37=[240] L39=[148] L40=[161]
ds4: [t=+88719.2ms] req seq=3496 L4 k=1 ids=[22] w=[0.1545] compute=1.84 ms ok
ds4: [t=+88731.3ms] req seq=3497 L8 k=1 ids=[6] w=[0.2464] compute=1.83 ms ok
ds4: [t=+88742.0ms] req seq=3498 L12 k=1 ids=[229] w=[0.1558] compute=1.81 ms ok
ds4: [t=+88748.4ms] req seq=3499 L14 k=1 ids=[231] w=[0.1779] compute=1.81 ms ok
ds4: [t=+88754.6ms] req seq=3500 L15 k=1 ids=[45] w=[0.1856] compute=1.81 ms ok
ds4: [t=+88762.5ms] req seq=3501 L17 k=1 ids=[223] w=[0.1600] compute=1.86 ms ok
ds4: [t=+88769.6ms] req seq=3502 L19 k=1 ids=[117] w=[0.1837] compute=1.83 ms ok
ds4: [t=+88776.2ms] req seq=3503 L20 k=2 ids=[171,40] w=[0.2441,0.1801] compute=1.89 ms ok
ds4: [t=+88784.8ms] req seq=3504 L22 k=2 ids=[160,14] w=[0.2384,0.1745] compute=1.83 ms ok
ds4: [t=+88797.9ms] req seq=3505 L26 k=1 ids=[195] w=[0.1000] compute=1.87 ms ok
ds4: [t=+88822.9ms] req seq=3506 L33 k=1 ids=[21] w=[0.1279] compute=1.85 ms ok
ds4: [t=+88830.1ms] req seq=3507 L34 k=1 ids=[127] w=[0.1754] compute=1.88 ms ok
ds4: [t=+88839.7ms] req seq=3508 L36 k=1 ids=[203] w=[0.2566] compute=1.80 ms ok
ds4: [t=+88867.6ms] req seq=3509 L41 k=1 ids=[133] w=[0.2443] compute=1.90 ms ok
ds4: [t=+88907.9ms] req seq=3510 L8 k=2 ids=[181,109] w=[0.1586,0.1104] compute=1.94 ms ok
ds4: [t=+88908.0ms] tok#342 done: 15 layer-reqs, 17 experts, compute 27.72 ms (1.85 ms/layer), wall 199.78 ms, errors=0, evict-hints=15 | cache: resident=3337/3337 slabs=3 wired=22.00 GiB mlock-fail=0 B hits=3510 misses=0 swaps=3509
ds4: [t=+88908.1ms] tok#342 experts: L1=[72] L4=[22] L8=[6] L12=[229] L14=[231] L15=[45] L17=[223] L19=[117] L20=[171,40] L22=[160,14] L26=[195] L33=[21] L34=[127] L36=[203] L41=[133]
ds4: [t=+88913.9ms] req seq=3511 L9 k=1 ids=[250] w=[0.2304] compute=1.46 ms ok
ds4: [t=+88921.7ms] req seq=3512 L11 k=1 ids=[71] w=[0.2586] compute=1.41 ms ok
ds4: [t=+88931.0ms] req seq=3513 L14 k=1 ids=[255] w=[0.1571] compute=1.48 ms ok
ds4: [t=+88937.3ms] req seq=3514 L16 k=1 ids=[155] w=[0.1689] compute=1.48 ms ok
ds4: [t=+88948.5ms] req seq=3515 L19 k=2 ids=[83,69] w=[0.1895,0.1661] compute=1.51 ms ok
ds4: [t=+88954.1ms] req seq=3516 L20 k=1 ids=[40] w=[0.1661] compute=1.45 ms ok
ds4: [t=+88964.4ms] req seq=3517 L24 k=1 ids=[142] w=[0.2875] compute=1.59 ms ok
ds4: [t=+88974.6ms] req seq=3518 L26 k=1 ids=[12] w=[0.3220] compute=1.56 ms ok
ds4: [t=+89007.7ms] req seq=3519 L38 k=1 ids=[7] w=[0.1231] compute=1.61 ms ok
ds4: [t=+89016.3ms] req seq=3520 L40 k=1 ids=[52] w=[0.1330] compute=1.65 ms ok
ds4: [t=+89024.0ms] req seq=3521 L42 k=1 ids=[178] w=[0.1248] compute=1.56 ms ok
ds4: [t=+89039.7ms] req seq=3522 L3 k=1 ids=[48] w=[0.1438] compute=1.62 ms ok
ds4: [t=+89039.8ms] tok#343 done: 12 layer-reqs, 14 experts, compute 18.70 ms (1.56 ms/layer), wall 133.78 ms, errors=0, evict-hints=12 | cache: resident=3337/3337 slabs=3 wired=22.00 GiB mlock-fail=0 B hits=3522 misses=0 swaps=3521
ds4: [t=+89039.8ms] tok#343 experts: L8=[181,109] L9=[250] L11=[71] L14=[255] L16=[155] L19=[83,69] L20=[40] L24=[142] L26=[12] L38=[7] L40=[52] L42=[178]
ds4: [t=+89045.9ms] req seq=3523 L4 k=1 ids=[77] w=[0.1509] compute=1.77 ms ok
ds4: [t=+89053.0ms] req seq=3524 L5 k=1 ids=[243] w=[0.1183] compute=1.68 ms ok
ds4: [t=+89059.3ms] req seq=3525 L7 k=1 ids=[111] w=[0.2335] compute=1.84 ms ok
ds4: [t=+89065.7ms] req seq=3526 L8 k=1 ids=[216] w=[0.1466] compute=1.84 ms ok
ds4: [t=+89074.8ms] req seq=3527 L11 k=1 ids=[81] w=[0.1822] compute=1.75 ms ok
ds4: [t=+89090.6ms] req seq=3528 L16 k=1 ids=[228] w=[0.1634] compute=1.83 ms ok
ds4: [t=+89111.2ms] req seq=3529 L24 k=1 ids=[59] w=[0.1156] compute=1.89 ms ok
ds4: [t=+89126.1ms] req seq=3530 L29 k=1 ids=[200] w=[0.3454] compute=1.84 ms ok
ds4: [t=+89151.4ms] req seq=3531 L37 k=2 ids=[7,148] w=[0.1601,0.1576] compute=1.90 ms ok
ds4: [t=+89157.3ms] req seq=3532 L38 k=1 ids=[64] w=[0.2096] compute=1.84 ms ok
ds4: [t=+89164.9ms] req seq=3533 L40 k=1 ids=[175] w=[0.2325] compute=1.81 ms ok
ds4: [t=+89193.0ms] req seq=3534 L6 k=1 ids=[140] w=[0.2294] compute=1.86 ms ok
ds4: [t=+89193.1ms] tok#344 done: 12 layer-reqs, 13 experts, compute 21.61 ms (1.80 ms/layer), wall 154.98 ms, errors=0, evict-hints=12 | cache: resident=3337/3337 slabs=3 wired=22.00 GiB mlock-fail=0 B hits=3534 misses=0 swaps=3533
ds4: [t=+89193.1ms] tok#344 experts: L3=[48] L4=[77] L5=[243] L7=[111] L8=[216] L11=[81] L16=[228] L24=[59] L29=[200] L37=[7,148] L38=[64] L40=[175]
ds4: [t=+89207.2ms] req seq=3535 L12 k=1 ids=[182] w=[0.1777] compute=1.88 ms ok
ds4: [t=+89216.1ms] req seq=3536 L15 k=1 ids=[86] w=[0.2097] compute=1.83 ms ok
ds4: [t=+89231.2ms] req seq=3537 L22 k=1 ids=[119] w=[0.2262] compute=1.85 ms ok
ds4: [t=+89244.0ms] req seq=3538 L25 k=1 ids=[12] w=[0.1818] compute=1.87 ms ok
ds4: [t=+89273.1ms] req seq=3539 L35 k=1 ids=[186] w=[0.2095] compute=1.85 ms ok
ds4: [t=+89291.8ms] req seq=3540 L39 k=2 ids=[15,200] w=[0.3990,0.2328] compute=1.57 ms ok
ds4: [t=+89298.2ms] req seq=3541 L40 k=1 ids=[5] w=[0.2234] compute=1.51 ms ok
ds4: [t=+89318.1ms] req seq=3542 L3 k=1 ids=[69] w=[0.1264] compute=1.52 ms ok
ds4: [t=+89318.2ms] tok#345 done: 8 layer-reqs, 9 experts, compute 14.22 ms (1.78 ms/layer), wall 127.07 ms, errors=0, evict-hints=8 | cache: resident=3337/3337 slabs=3 wired=22.00 GiB mlock-fail=0 B hits=3542 misses=0 swaps=3541
ds4: [t=+89318.2ms] tok#345 experts: L6=[140] L12=[182] L15=[86] L22=[119] L25=[12] L35=[186] L39=[15,200] L40=[5]
ds4: [t=+89323.7ms] req seq=3543 L4 k=1 ids=[21] w=[0.2743] compute=1.45 ms ok
ds4: [t=+89329.8ms] req seq=3544 L5 k=2 ids=[208,23] w=[0.4320,0.1480] compute=1.65 ms ok
ds4: [t=+89338.7ms] req seq=3545 L8 k=1 ids=[161] w=[0.2156] compute=1.40 ms ok
ds4: [t=+89344.5ms] req seq=3546 L9 k=2 ids=[60,28] w=[0.2270,0.2318] compute=1.54 ms ok
ds4: [t=+89351.5ms] req seq=3547 L11 k=1 ids=[114] w=[0.2066] compute=1.45 ms ok
ds4: [t=+89361.6ms] req seq=3548 L15 k=1 ids=[162] w=[0.1603] compute=1.61 ms ok
ds4: [t=+89367.0ms] req seq=3549 L16 k=1 ids=[139] w=[0.2178] compute=1.50 ms ok
ds4: [t=+89375.1ms] req seq=3550 L19 k=1 ids=[16] w=[0.1665] compute=1.66 ms ok
ds4: [t=+89382.4ms] req seq=3551 L21 k=1 ids=[242] w=[0.2204] compute=1.52 ms ok
ds4: [t=+89392.3ms] req seq=3552 L25 k=1 ids=[72] w=[0.1915] compute=1.69 ms ok
ds4: [t=+89401.8ms] req seq=3553 L29 k=1 ids=[224] w=[0.1917] compute=1.49 ms ok
ds4: [t=+89439.0ms] req seq=3554 L42 k=1 ids=[228] w=[0.1715] compute=1.63 ms ok
ds4: [t=+89455.2ms] req seq=3555 L5 k=1 ids=[23] w=[0.1827] compute=1.77 ms ok
ds4: [t=+89455.3ms] tok#346 done: 13 layer-reqs, 15 experts, compute 20.11 ms (1.55 ms/layer), wall 138.63 ms, errors=0, evict-hints=13 | cache: resident=3337/3337 slabs=3 wired=22.00 GiB mlock-fail=0 B hits=3555 misses=0 swaps=3554
ds4: [t=+89455.3ms] tok#346 experts: L3=[69] L4=[21] L5=[208,23] L8=[161] L9=[60,28] L11=[114] L15=[162] L16=[139] L19=[16] L21=[242] L25=[72] L29=[224] L42=[228]
ds4: [t=+89466.5ms] req seq=3556 L9 k=1 ids=[13] w=[0.1389] compute=1.84 ms ok
ds4: [t=+89478.8ms] req seq=3557 L12 k=1 ids=[230] w=[0.1875] compute=1.87 ms ok
ds4: [t=+89487.3ms] req seq=3558 L15 k=1 ids=[107] w=[0.1831] compute=1.81 ms ok
ds4: [t=+89504.2ms] req seq=3559 L23 k=1 ids=[249] w=[0.1795] compute=1.87 ms ok
ds4: [t=+89511.3ms] req seq=3560 L25 k=1 ids=[228] w=[0.1621] compute=1.89 ms ok
ds4: [t=+89547.2ms] req seq=3561 L40 k=1 ids=[197] w=[0.2058] compute=1.86 ms ok
ds4: [t=+89582.5ms] req seq=3562 L14 k=1 ids=[208] w=[0.1450] compute=1.90 ms ok
ds4: [t=+89582.6ms] tok#347 done: 7 layer-reqs, 7 experts, compute 12.92 ms (1.85 ms/layer), wall 129.21 ms, errors=0, evict-hints=7 | cache: resident=3337/3337 slabs=3 wired=22.00 GiB mlock-fail=0 B hits=3562 misses=0 swaps=3561
ds4: [t=+89582.7ms] tok#347 experts: L5=[23] L9=[13] L12=[230] L15=[107] L23=[249] L25=[228] L40=[197]
ds4: [t=+89589.1ms] req seq=3563 L15 k=1 ids=[186] w=[0.2040] compute=1.84 ms ok
ds4: [t=+89595.8ms] req seq=3564 L17 k=1 ids=[70] w=[0.1966] compute=1.84 ms ok
ds4: [t=+89620.9ms] req seq=3565 L29 k=1 ids=[46] w=[0.1516] compute=1.89 ms ok
ds4: [t=+89654.5ms] req seq=3566 L0 k=1 ids=[7] w=[0.2592] compute=1.91 ms ok
ds4: [t=+89654.6ms] tok#348 done: 4 layer-reqs, 4 experts, compute 7.47 ms (1.87 ms/layer), wall 73.90 ms, errors=0, evict-hints=4 | cache: resident=3337/3337 slabs=3 wired=22.00 GiB mlock-fail=0 B hits=3566 misses=0 swaps=3565
ds4: [t=+89654.6ms] tok#348 experts: L14=[208] L15=[186] L17=[70] L29=[46]
ds4: [t=+89667.0ms] req seq=3567 L5 k=1 ids=[226] w=[0.1526] compute=1.89 ms ok
ds4: [t=+89673.0ms] req seq=3568 L6 k=1 ids=[109] w=[0.2244] compute=1.89 ms ok
ds4: [t=+89679.9ms] req seq=3569 L8 k=1 ids=[55] w=[0.1501] compute=1.87 ms ok
ds4: [t=+89696.9ms] req seq=3570 L15 k=2 ids=[132,82] w=[0.2240,0.1844] compute=1.89 ms ok
ds4: [t=+89713.6ms] req seq=3571 L23 k=1 ids=[24] w=[0.3332] compute=1.87 ms ok
ds4: [t=+89741.2ms] req seq=3572 L36 k=1 ids=[84] w=[0.1649] compute=1.96 ms ok
ds4: [t=+89772.1ms] req seq=3573 L5 k=1 ids=[144] w=[0.1995] compute=1.63 ms ok
ds4: [t=+89772.3ms] tok#349 done: 7 layer-reqs, 8 experts, compute 13.27 ms (1.90 ms/layer), wall 119.70 ms, errors=0, evict-hints=7 | cache: resident=3337/3337 slabs=3 wired=22.00 GiB mlock-fail=0 B hits=3573 misses=0 swaps=3572
ds4: [t=+89772.3ms] tok#349 experts: L0=[7] L5=[226] L6=[109] L8=[55] L15=[132,82] L23=[24] L36=[84]
ds4: [t=+89778.0ms] req seq=3574 L6 k=2 ids=[201,214] w=[0.1616,0.1595] compute=1.56 ms ok
ds4: [t=+89783.2ms] req seq=3575 L7 k=1 ids=[2] w=[0.1171] compute=1.38 ms ok
ds4: [t=+89789.1ms] req seq=3576 L8 k=1 ids=[244] w=[0.1559] compute=1.45 ms ok
ds4: [t=+89795.1ms] req seq=3577 L9 k=1 ids=[18] w=[0.2224] compute=1.51 ms ok
ds4: [t=+89802.7ms] req seq=3578 L12 k=2 ids=[26,100] w=[0.1604,0.1428] compute=1.40 ms ok
ds4: [t=+89813.6ms] req seq=3579 L16 k=1 ids=[219] w=[0.3196] compute=1.59 ms ok
ds4: [t=+89824.7ms] req seq=3580 L21 k=1 ids=[38] w=[0.2628] compute=1.55 ms ok
ds4: [t=+89830.9ms] req seq=3581 L22 k=1 ids=[224] w=[0.1308] compute=1.55 ms ok
ds4: [t=+89864.8ms] req seq=3582 L34 k=1 ids=[151] w=[0.1072] compute=1.76 ms ok
ds4: [t=+89880.7ms] req seq=3583 L40 k=1 ids=[22] w=[0.1878] compute=1.79 ms ok
ds4: [t=+89902.6ms] req seq=3584 L5 k=1 ids=[18] w=[0.1269] compute=1.65 ms ok
ds4: [t=+89902.8ms] tok#350 done: 11 layer-reqs, 13 experts, compute 17.17 ms (1.56 ms/layer), wall 132.23 ms, errors=0, evict-hints=11 | cache: resident=3337/3337 slabs=3 wired=22.00 GiB mlock-fail=0 B hits=3584 misses=0 swaps=3583
ds4: [t=+89902.8ms] tok#350 experts: L5=[144] L6=[201,214] L7=[2] L8=[244] L9=[18] L12=[26,100] L16=[219] L21=[38] L22=[224] L34=[151] L40=[22]
ds4: [t=+89915.3ms] req seq=3585 L9 k=1 ids=[239] w=[0.1174] compute=1.87 ms ok
ds4: [t=+89927.9ms] req seq=3586 L15 k=1 ids=[245] w=[0.2126] compute=1.84 ms ok
ds4: [t=+89934.0ms] req seq=3587 L17 k=1 ids=[215] w=[0.1916] compute=1.72 ms ok
ds4: [t=+89940.3ms] req seq=3588 L18 k=1 ids=[187] w=[0.2043] compute=1.77 ms ok
ds4: [t=+89999.3ms] req seq=3589 L7 k=1 ids=[209] w=[0.1272] compute=2.12 ms ok
ds4: [t=+89999.4ms] tok#351 done: 5 layer-reqs, 5 experts, compute 8.86 ms (1.77 ms/layer), wall 98.43 ms, errors=0, evict-hints=5 | cache: resident=3337/3337 slabs=3 wired=22.00 GiB mlock-fail=0 B hits=3589 misses=0 swaps=3588
ds4: [t=+89999.5ms] tok#351 experts: L5=[18] L9=[239] L15=[245] L17=[215] L18=[187]
ds4: [t=+90008.2ms] req seq=3590 L10 k=1 ids=[211] w=[0.2122] compute=1.79 ms ok
ds4: [t=+90015.0ms] req seq=3591 L12 k=1 ids=[108] w=[0.2189] compute=1.81 ms ok
ds4: [t=+90028.7ms] req seq=3592 L18 k=1 ids=[12] w=[0.1859] compute=1.86 ms ok
ds4: [t=+90034.9ms] req seq=3593 L19 k=1 ids=[249] w=[0.1765] compute=1.80 ms ok
ds4: [t=+90042.5ms] req seq=3594 L21 k=1 ids=[7] w=[0.1357] compute=1.80 ms ok
ds4: [t=+90051.5ms] req seq=3595 L24 k=1 ids=[233] w=[0.3322] compute=1.77 ms ok
ds4: [t=+90074.3ms] req seq=3596 L33 k=1 ids=[235] w=[0.2505] compute=1.85 ms ok
ds4: [t=+90090.1ms] req seq=3597 L40 k=1 ids=[24] w=[0.1812] compute=1.90 ms ok
ds4: [t=+90105.9ms] req seq=3598 L1 k=1 ids=[70] w=[0.2607] compute=1.90 ms ok
ds4: [t=+90106.0ms] tok#352 done: 9 layer-reqs, 9 experts, compute 16.69 ms (1.85 ms/layer), wall 108.82 ms, errors=0, evict-hints=9 | cache: resident=3337/3337 slabs=3 wired=22.00 GiB mlock-fail=0 B hits=3598 misses=0 swaps=3597
ds4: [t=+90106.1ms] tok#352 experts: L7=[209] L10=[211] L12=[108] L18=[12] L19=[249] L21=[7] L24=[233] L33=[235] L40=[24]
ds4: [t=+90112.6ms] req seq=3599 L3 k=1 ids=[50] w=[0.2465] compute=1.46 ms ok
ds4: [t=+90122.6ms] req seq=3600 L7 k=1 ids=[166] w=[0.0743] compute=1.83 ms ok
ds4: [t=+90129.1ms] req seq=3601 L9 k=1 ids=[203] w=[0.1328] compute=1.47 ms ok
ds4: [t=+90136.7ms] req seq=3602 L12 k=1 ids=[100] w=[0.1767] compute=1.73 ms ok
ds4: [t=+90147.7ms] req seq=3603 L17 k=1 ids=[179] w=[0.1686] compute=1.87 ms ok
ds4: [t=+90156.2ms] req seq=3604 L20 k=1 ids=[213] w=[0.2406] compute=1.77 ms ok
ds4: [t=+90162.8ms] req seq=3605 L22 k=1 ids=[105] w=[0.4537] compute=1.87 ms ok
ds4: [t=+90177.9ms] req seq=3606 L27 k=1 ids=[153] w=[0.1398] compute=1.82 ms ok
ds4: [t=+90199.4ms] req seq=3607 L35 k=1 ids=[188] w=[0.2014] compute=1.77 ms ok
ds4: [t=+90227.9ms] req seq=3608 L4 k=2 ids=[82,80] w=[0.2927,0.1729] compute=1.89 ms ok
ds4: [t=+90228.0ms] tok#353 done: 10 layer-reqs, 10 experts, compute 17.48 ms (1.75 ms/layer), wall 124.00 ms, errors=0, evict-hints=10 | cache: resident=3337/3337 slabs=3 wired=22.00 GiB mlock-fail=0 B hits=3608 misses=0 swaps=3607
ds4: [t=+90228.1ms] tok#353 experts: L1=[70] L3=[50] L7=[166] L9=[203] L12=[100] L17=[179] L20=[213] L22=[105] L27=[153] L35=[188]
ds4: [t=+90238.6ms] req seq=3609 L9 k=1 ids=[182] w=[0.2763] compute=1.84 ms ok
ds4: [t=+90250.4ms] req seq=3610 L14 k=1 ids=[215] w=[0.1567] compute=1.88 ms ok
ds4: [t=+90264.6ms] req seq=3611 L19 k=2 ids=[180,232] w=[0.2913,0.2313] compute=1.90 ms ok
ds4: [t=+90274.0ms] req seq=3612 L23 k=1 ids=[119] w=[0.1258] compute=1.76 ms ok
ds4: [t=+90297.9ms] req seq=3613 L34 k=1 ids=[49] w=[0.1289] compute=1.77 ms ok
ds4: [t=+90311.3ms] req seq=3614 L38 k=1 ids=[32] w=[0.1886] compute=1.83 ms ok
ds4: [t=+90329.5ms] req seq=3615 L1 k=1 ids=[33] w=[0.3962] compute=1.80 ms ok
ds4: [t=+90329.6ms] tok#354 done: 7 layer-reqs, 9 experts, compute 12.86 ms (1.84 ms/layer), wall 103.57 ms, errors=0, evict-hints=7 | cache: resident=3337/3337 slabs=3 wired=22.00 GiB mlock-fail=0 B hits=3615 misses=0 swaps=3614
ds4: [t=+90329.6ms] tok#354 experts: L4=[82,80] L9=[182] L14=[215] L19=[180,232] L23=[119] L34=[49] L38=[32]
ds4: [t=+90339.8ms] req seq=3616 L4 k=1 ids=[123] w=[0.1583] compute=1.84 ms ok
ds4: [t=+90345.5ms] req seq=3617 L5 k=1 ids=[218] w=[0.1408] compute=1.85 ms ok
ds4: [t=+90352.5ms] req seq=3618 L7 k=1 ids=[66] w=[0.2089] compute=1.81 ms ok
ds4: [t=+90359.7ms] req seq=3619 L9 k=2 ids=[133,243] w=[0.3448,0.1469] compute=1.94 ms ok
ds4: [t=+90367.0ms] req seq=3620 L11 k=1 ids=[52] w=[0.2102] compute=1.82 ms ok
ds4: [t=+90375.2ms] req seq=3621 L14 k=1 ids=[205] w=[0.2003] compute=1.79 ms ok
ds4: [t=+90383.3ms] req seq=3622 L16 k=1 ids=[111] w=[0.2769] compute=1.86 ms ok
ds4: [t=+90397.0ms] req seq=3623 L21 k=1 ids=[23] w=[0.1690] compute=1.91 ms ok
ds4: [t=+90469.7ms] req seq=3624 L3 k=1 ids=[77] w=[0.1075] compute=1.78 ms ok
ds4: [t=+90470.6ms] tok#355 done: 9 layer-reqs, 10 experts, compute 16.63 ms (1.85 ms/layer), wall 142.90 ms, errors=0, evict-hints=9 | cache: resident=3337/3337 slabs=3 wired=22.00 GiB mlock-fail=0 B hits=3624 misses=0 swaps=3623
ds4: [t=+90470.7ms] tok#355 experts: L1=[33] L4=[123] L5=[218] L7=[66] L9=[133,243] L11=[52] L14=[205] L16=[111] L21=[23]
ds4: [t=+90477.1ms] req seq=3625 L4 k=1 ids=[45] w=[0.2857] compute=1.93 ms ok
ds4: [t=+90486.7ms] req seq=3626 L7 k=3 ids=[30,81,13] w=[0.2562,0.2191,0.1822] compute=1.83 ms ok
ds4: [t=+90494.6ms] req seq=3627 L9 k=1 ids=[243] w=[0.4306] compute=1.97 ms ok
ds4: [t=+90505.8ms] req seq=3628 L12 k=1 ids=[119] w=[0.1324] compute=1.85 ms ok
ds4: [t=+90512.1ms] req seq=3629 L13 k=1 ids=[182] w=[0.2103] compute=1.91 ms ok
ds4: [t=+90528.4ms] req seq=3630 L19 k=2 ids=[33,64] w=[0.3757,0.0715] compute=1.90 ms ok
ds4: [t=+90575.6ms] req seq=3631 L41 k=1 ids=[143] w=[0.1300] compute=2.11 ms ok
ds4: [t=+90597.9ms] req seq=3632 L5 k=1 ids=[85] w=[0.1529] compute=1.74 ms ok
ds4: [t=+90598.0ms] tok#356 done: 8 layer-reqs, 11 experts, compute 15.28 ms (1.91 ms/layer), wall 130.05 ms, errors=0, evict-hints=8 | cache: resident=3337/3337 slabs=3 wired=22.00 GiB mlock-fail=0 B hits=3632 misses=0 swaps=3631
ds4: [t=+90598.1ms] tok#356 experts: L3=[77] L4=[45] L7=[30,81,13] L9=[243] L12=[119] L13=[182] L19=[33,64] L41=[143]
ds4: [t=+90606.2ms] req seq=3633 L8 k=1 ids=[30] w=[0.1335] compute=1.78 ms ok
ds4: [t=+90617.3ms] req seq=3634 L13 k=1 ids=[18] w=[0.1420] compute=1.79 ms ok
ds4: [t=+90623.6ms] req seq=3635 L15 k=1 ids=[94] w=[0.1868] compute=1.76 ms ok
ds4: [t=+90632.0ms] req seq=3636 L19 k=2 ids=[229,64] w=[0.5934,0.1503] compute=1.77 ms ok
ds4: [t=+90640.0ms] req seq=3637 L22 k=1 ids=[176] w=[0.1300] compute=1.74 ms ok
ds4: [t=+90647.6ms] req seq=3638 L24 k=1 ids=[12] w=[0.1465] compute=1.78 ms ok
ds4: [t=+90677.0ms] req seq=3639 L34 k=1 ids=[255] w=[0.1603] compute=2.07 ms ok
ds4: [t=+90716.0ms] req seq=3640 L9 k=1 ids=[55] w=[0.0909] compute=1.79 ms ok
ds4: [t=+90716.2ms] tok#357 done: 8 layer-reqs, 9 experts, compute 14.42 ms (1.80 ms/layer), wall 120.06 ms, errors=0, evict-hints=8 | cache: resident=3337/3337 slabs=3 wired=22.00 GiB mlock-fail=0 B hits=3640 misses=0 swaps=3639
ds4: [t=+90716.3ms] tok#357 experts: L5=[85] L8=[30] L13=[18] L15=[94] L19=[229,64] L22=[176] L24=[12] L34=[255]
ds4: [t=+90724.2ms] req seq=3641 L12 k=1 ids=[61] w=[0.2627] compute=1.78 ms ok
ds4: [t=+90735.9ms] req seq=3642 L17 k=1 ids=[82] w=[0.2197] compute=1.79 ms ok
ds4: [t=+90742.2ms] req seq=3643 L18 k=1 ids=[9] w=[0.1985] compute=1.84 ms ok
ds4: [t=+90748.5ms] req seq=3644 L19 k=2 ids=[87,90] w=[0.1654,0.1547] compute=1.80 ms ok
ds4: [t=+90755.0ms] req seq=3645 L21 k=1 ids=[113] w=[0.1576] compute=1.76 ms ok
ds4: [t=+90765.8ms] req seq=3646 L25 k=1 ids=[221] w=[0.1299] compute=1.78 ms ok
ds4: [t=+90791.6ms] req seq=3647 L36 k=1 ids=[45] w=[0.1460] compute=1.78 ms ok
ds4: [t=+90803.7ms] req seq=3648 L41 k=1 ids=[66] w=[0.1617] compute=1.81 ms ok
ds4: [t=+90825.2ms] req seq=3649 L5 k=1 ids=[119] w=[0.1791] compute=1.79 ms ok
ds4: [t=+90825.3ms] tok#358 done: 9 layer-reqs, 10 experts, compute 16.13 ms (1.79 ms/layer), wall 111.08 ms, errors=0, evict-hints=9 | cache: resident=3337/3337 slabs=3 wired=22.00 GiB mlock-fail=0 B hits=3649 misses=0 swaps=3648
ds4: [t=+90825.4ms] tok#358 experts: L9=[55] L12=[61] L17=[82] L18=[9] L19=[87,90] L21=[113] L25=[221] L36=[45] L41=[66]
ds4: [t=+90863.3ms] req seq=3650 L25 k=1 ids=[99] w=[0.3559] compute=1.79 ms ok
ds4: [t=+90888.9ms] req seq=3651 L35 k=1 ids=[23] w=[0.1566] compute=1.86 ms ok
ds4: [t=+90921.1ms] req seq=3652 L5 k=1 ids=[204] w=[0.1628] compute=1.79 ms ok
ds4: [t=+90921.3ms] tok#359 done: 3 layer-reqs, 3 experts, compute 5.45 ms (1.82 ms/layer), wall 97.87 ms, errors=0, evict-hints=3 | cache: resident=3337/3337 slabs=3 wired=22.00 GiB mlock-fail=0 B hits=3652 misses=0 swaps=3651
ds4: [t=+90921.3ms] tok#359 experts: L5=[119] L25=[99] L35=[23]
ds4: [t=+90927.8ms] req seq=3653 L6 k=2 ids=[156,94] w=[0.1169,0.1146] compute=2.05 ms ok
ds4: [t=+90936.5ms] req seq=3654 L9 k=1 ids=[240] w=[0.2434] compute=1.82 ms ok
ds4: [t=+90942.6ms] req seq=3655 L11 k=1 ids=[126] w=[0.1874] compute=1.81 ms ok
ds4: [t=+90959.5ms] req seq=3656 L18 k=1 ids=[185] w=[0.1886] compute=1.87 ms ok
ds4: [t=+90968.2ms] req seq=3657 L21 k=1 ids=[73] w=[0.3468] compute=1.80 ms ok
ds4: [t=+90974.6ms] req seq=3658 L22 k=1 ids=[175] w=[0.1568] compute=1.77 ms ok
ds4: [t=+91010.5ms] req seq=3659 L34 k=1 ids=[249] w=[0.1521] compute=1.83 ms ok
ds4: [t=+91022.6ms] req seq=3660 L38 k=1 ids=[0] w=[0.2388] compute=1.81 ms ok
ds4: [t=+91058.9ms] req seq=3661 L9 k=1 ids=[223] w=[0.0935] compute=1.87 ms ok
ds4: [t=+91059.1ms] tok#360 done: 9 layer-reqs, 10 experts, compute 16.56 ms (1.84 ms/layer), wall 139.70 ms, errors=0, evict-hints=9 | cache: resident=3337/3337 slabs=3 wired=22.00 GiB mlock-fail=0 B hits=3661 misses=0 swaps=3660
ds4: [t=+91059.1ms] tok#360 experts: L5=[204] L6=[156,94] L9=[240] L11=[126] L18=[185] L21=[73] L22=[175] L34=[249] L38=[0]
ds4: [t=+91065.7ms] req seq=3662 L11 k=1 ids=[194] w=[0.1634] compute=1.82 ms ok
ds4: [t=+91071.5ms] req seq=3663 L12 k=1 ids=[126] w=[0.1953] compute=1.76 ms ok
ds4: [t=+91082.1ms] req seq=3664 L17 k=1 ids=[210] w=[0.1875] compute=1.86 ms ok
ds4: [t=+91088.3ms] req seq=3665 L19 k=1 ids=[113] w=[0.1015] compute=1.74 ms ok
ds4: [t=+91095.7ms] req seq=3666 L22 k=1 ids=[85] w=[0.1556] compute=1.52 ms ok
ds4: [t=+91102.2ms] req seq=3667 L23 k=1 ids=[23] w=[0.2088] compute=1.72 ms ok
ds4: [t=+91108.2ms] req seq=3668 L24 k=1 ids=[228] w=[0.1622] compute=1.70 ms ok
ds4: [t=+91162.1ms] req seq=3669 L3 k=1 ids=[247] w=[0.3056] compute=1.85 ms ok
ds4: [t=+91162.3ms] tok#361 done: 8 layer-reqs, 8 experts, compute 14.00 ms (1.75 ms/layer), wall 105.30 ms, errors=0, evict-hints=8 | cache: resident=3337/3337 slabs=3 wired=22.00 GiB mlock-fail=0 B hits=3669 misses=0 swaps=3668
ds4: [t=+91162.4ms] tok#361 experts: L9=[223] L11=[194] L12=[126] L17=[210] L19=[113] L22=[85] L23=[23] L24=[228]
ds4: [t=+91171.7ms] req seq=3670 L4 k=1 ids=[128] w=[0.1668] compute=1.85 ms ok
ds4: [t=+91187.5ms] req seq=3671 L10 k=1 ids=[223] w=[0.1365] compute=1.89 ms ok
ds4: [t=+91194.0ms] req seq=3672 L11 k=1 ids=[74] w=[0.1788] compute=1.99 ms ok
ds4: [t=+91213.5ms] req seq=3673 L19 k=2 ids=[85,112] w=[0.1669,0.1302] compute=1.81 ms ok
ds4: [t=+91219.9ms] req seq=3674 L21 k=1 ids=[222] w=[0.2492] compute=1.70 ms ok
ds4: [t=+91285.0ms] req seq=3675 L42 k=3 ids=[52,135,54] w=[0.5470,0.3604,0.2116] compute=2.11 ms ok
ds4: [t=+91307.2ms] req seq=3676 L5 k=1 ids=[10] w=[0.1640] compute=1.89 ms ok
ds4: [t=+91307.3ms] tok#362 done: 7 layer-reqs, 10 experts, compute 13.21 ms (1.89 ms/layer), wall 147.00 ms, errors=0, evict-hints=7 | cache: resident=3337/3337 slabs=3 wired=22.00 GiB mlock-fail=0 B hits=3676 misses=0 swaps=3675
ds4: [t=+91307.4ms] tok#362 experts: L3=[247] L4=[128] L10=[223] L11=[74] L19=[85,112] L21=[222] L42=[52,135,54]
ds4: [t=+91330.7ms] req seq=3677 L18 k=1 ids=[74] w=[0.1158] compute=1.93 ms ok
ds4: [t=+91337.1ms] req seq=3678 L19 k=1 ids=[112] w=[0.1711] compute=1.78 ms ok
ds4: [t=+91343.2ms] req seq=3679 L21 k=1 ids=[123] w=[0.1893] compute=1.81 ms ok
ds4: [t=+91351.8ms] req seq=3680 L24 k=2 ids=[112,92] w=[0.1367,0.1078] compute=1.83 ms ok
ds4: [t=+91380.3ms] req seq=3681 L37 k=1 ids=[82] w=[0.1449] compute=1.89 ms ok
ds4: [t=+91390.3ms] req seq=3682 L41 k=1 ids=[42] w=[0.1943] compute=1.71 ms ok
ds4: [t=+91408.1ms] req seq=3683 L5 k=1 ids=[191] w=[0.1216] compute=1.79 ms ok
ds4: [t=+91408.3ms] tok#363 done: 7 layer-reqs, 8 experts, compute 12.85 ms (1.84 ms/layer), wall 102.96 ms, errors=0, evict-hints=7 | cache: resident=3337/3337 slabs=3 wired=22.00 GiB mlock-fail=0 B hits=3683 misses=0 swaps=3682
ds4: [t=+91408.3ms] tok#363 experts: L5=[10] L18=[74] L19=[112] L21=[123] L24=[112,92] L37=[82] L41=[42]
ds4: [t=+91418.0ms] req seq=3684 L9 k=1 ids=[85] w=[0.1528] compute=1.50 ms ok
ds4: [t=+91498.1ms] req seq=3685 L7 k=1 ids=[254] w=[0.1404] compute=1.53 ms ok
ds4: [t=+91498.2ms] tok#364 done: 2 layer-reqs, 2 experts, compute 3.30 ms (1.65 ms/layer), wall 91.86 ms, errors=0, evict-hints=2 | cache: resident=3337/3337 slabs=3 wired=22.00 GiB mlock-fail=0 B hits=3685 misses=0 swaps=3684
ds4: [t=+91498.3ms] tok#364 experts: L5=[191] L9=[85]
ds4: [t=+91504.8ms] req seq=3686 L8 k=1 ids=[255] w=[0.0975] compute=1.45 ms ok
ds4: [t=+91512.2ms] req seq=3687 L11 k=1 ids=[66] w=[0.1960] compute=1.59 ms ok
ds4: [t=+91524.6ms] req seq=3688 L17 k=1 ids=[236] w=[0.2030] compute=1.48 ms ok
ds4: [t=+91535.5ms] req seq=3689 L21 k=1 ids=[158] w=[0.2066] compute=1.61 ms ok
ds4: [t=+91580.8ms] req seq=3690 L1 k=1 ids=[17] w=[0.2717] compute=1.77 ms ok
ds4: [t=+91581.0ms] tok#365 done: 5 layer-reqs, 5 experts, compute 7.66 ms (1.53 ms/layer), wall 84.39 ms, errors=0, evict-hints=5 | cache: resident=3337/3337 slabs=3 wired=22.00 GiB mlock-fail=0 B hits=3690 misses=0 swaps=3689
ds4: [t=+91581.0ms] tok#365 experts: L7=[254] L8=[255] L11=[66] L17=[236] L21=[158]
ds4: [t=+91594.1ms] req seq=3691 L7 k=1 ids=[194] w=[0.1776] compute=1.72 ms ok
ds4: [t=+91600.2ms] req seq=3692 L9 k=1 ids=[73] w=[0.1283] compute=1.66 ms ok
ds4: [t=+91613.2ms] req seq=3693 L15 k=1 ids=[174] w=[0.1751] compute=1.77 ms ok
ds4: [t=+91619.2ms] req seq=3694 L16 k=1 ids=[170] w=[0.2372] compute=1.62 ms ok
ds4: [t=+91626.9ms] req seq=3695 L19 k=1 ids=[64] w=[0.1806] compute=1.82 ms ok
ds4: [t=+91639.1ms] req seq=3696 L24 k=2 ids=[140,253] w=[0.1846,0.1480] compute=1.74 ms ok
ds4: [t=+91675.9ms] req seq=3697 L42 k=1 ids=[15] w=[0.1687] compute=1.88 ms ok
ds4: [t=+91695.5ms] req seq=3698 L5 k=1 ids=[195] w=[0.1865] compute=1.90 ms ok
ds4: [t=+91695.7ms] tok#366 done: 8 layer-reqs, 9 experts, compute 13.97 ms (1.75 ms/layer), wall 116.60 ms, errors=0, evict-hints=8 | cache: resident=3337/3337 slabs=3 wired=22.00 GiB mlock-fail=0 B hits=3698 misses=0 swaps=3697
ds4: [t=+91695.7ms] tok#366 experts: L1=[17] L7=[194] L9=[73] L15=[174] L16=[170] L19=[64] L24=[140,253] L42=[15]
ds4: [t=+91702.1ms] req seq=3699 L7 k=1 ids=[13] w=[0.1586] compute=1.79 ms ok
ds4: [t=+91712.1ms] req seq=3700 L11 k=1 ids=[8] w=[0.1389] compute=1.88 ms ok
ds4: [t=+91718.5ms] req seq=3701 L13 k=1 ids=[109] w=[0.1628] compute=1.78 ms ok
ds4: [t=+91740.0ms] req seq=3702 L24 k=1 ids=[92] w=[0.1414] compute=1.87 ms ok
ds4: [t=+91765.5ms] req seq=3703 L34 k=1 ids=[75] w=[0.1794] compute=1.92 ms ok
ds4: [t=+91771.8ms] req seq=3704 L35 k=1 ids=[225] w=[0.2032] compute=1.77 ms ok
ds4: [t=+91780.0ms] req seq=3705 L37 k=1 ids=[139] w=[0.1563] compute=1.79 ms ok
ds4: [t=+91802.8ms] req seq=3706 L3 k=1 ids=[251] w=[0.1562] compute=1.90 ms ok
ds4: [t=+91803.0ms] tok#367 done: 8 layer-reqs, 8 experts, compute 14.70 ms (1.84 ms/layer), wall 109.33 ms, errors=0, evict-hints=8 | cache: resident=3337/3337 slabs=3 wired=22.00 GiB mlock-fail=0 B hits=3706 misses=0 swaps=3705
ds4: [t=+91803.0ms] tok#367 experts: L5=[195] L7=[13] L11=[8] L13=[109] L24=[92] L34=[75] L35=[225] L37=[139]
ds4: [t=+91809.1ms] req seq=3707 L4 k=1 ids=[63] w=[0.1467] compute=1.85 ms ok
ds4: [t=+91815.4ms] req seq=3708 L5 k=1 ids=[62] w=[0.1455] compute=1.84 ms ok
ds4: [t=+91823.8ms] req seq=3709 L7 k=1 ids=[188] w=[0.2315] compute=1.73 ms ok
ds4: [t=+91845.0ms] req seq=3710 L16 k=1 ids=[160] w=[0.1650] compute=1.89 ms ok
ds4: [t=+91853.3ms] req seq=3711 L19 k=1 ids=[255] w=[0.1020] compute=1.79 ms ok
ds4: [t=+91860.5ms] req seq=3712 L21 k=1 ids=[238] w=[0.1132] compute=1.82 ms ok
ds4: [t=+91867.1ms] req seq=3713 L23 k=1 ids=[44] w=[0.2479] compute=1.82 ms ok
ds4: [t=+91873.5ms] req seq=3714 L24 k=1 ids=[19] w=[0.0912] compute=1.76 ms ok
ds4: [t=+91896.7ms] req seq=3715 L32 k=1 ids=[83] w=[0.1243] compute=1.90 ms ok
ds4: [t=+91934.5ms] req seq=3716 L3 k=1 ids=[117] w=[0.1033] compute=1.88 ms ok
ds4: [t=+91934.6ms] tok#368 done: 10 layer-reqs, 10 experts, compute 18.31 ms (1.83 ms/layer), wall 133.59 ms, errors=0, evict-hints=10 | cache: resident=3337/3337 slabs=3 wired=22.00 GiB mlock-fail=0 B hits=3716 misses=0 swaps=3715
ds4: [t=+91934.6ms] tok#368 experts: L3=[251] L4=[63] L5=[62] L7=[188] L16=[160] L19=[255] L21=[238] L23=[44] L24=[19] L32=[83]
ds4: [t=+91941.9ms] req seq=3717 L6 k=1 ids=[136] w=[0.1280] compute=1.81 ms ok
ds4: [t=+91953.1ms] req seq=3718 L11 k=1 ids=[108] w=[0.1581] compute=1.81 ms ok
ds4: [t=+91962.9ms] req seq=3719 L15 k=1 ids=[157] w=[0.1934] compute=1.86 ms ok
ds4: [t=+91969.6ms] req seq=3720 L17 k=1 ids=[244] w=[0.2469] compute=1.80 ms ok
ds4: [t=+92024.6ms] req seq=3721 L42 k=1 ids=[42] w=[0.0878] compute=2.11 ms ok
ds4: [t=+92043.5ms] req seq=3722 L6 k=1 ids=[249] w=[0.1258] compute=1.62 ms ok
ds4: [t=+92043.6ms] tok#369 done: 6 layer-reqs, 6 experts, compute 11.29 ms (1.88 ms/layer), wall 110.98 ms, errors=0, evict-hints=6 | cache: resident=3337/3337 slabs=3 wired=22.00 GiB mlock-fail=0 B hits=3722 misses=0 swaps=3721
ds4: [t=+92043.6ms] tok#369 experts: L3=[117] L6=[136] L11=[108] L15=[157] L17=[244] L42=[42]
ds4: [t=+92059.9ms] req seq=3723 L12 k=1 ids=[233] w=[0.1201] compute=1.62 ms ok
ds4: [t=+92077.4ms] req seq=3724 L20 k=1 ids=[176] w=[0.2181] compute=1.64 ms ok
ds4: [t=+92112.4ms] req seq=3725 L35 k=1 ids=[118] w=[0.1735] compute=1.60 ms ok
ds4: [t=+92121.7ms] req seq=3726 L38 k=1 ids=[226] w=[0.3288] compute=1.53 ms ok
ds4: [t=+92150.1ms] req seq=3727 L6 k=1 ids=[120] w=[0.2293] compute=1.58 ms ok
ds4: [t=+92150.3ms] tok#370 done: 5 layer-reqs, 5 experts, compute 8.01 ms (1.60 ms/layer), wall 108.37 ms, errors=0, evict-hints=5 | cache: resident=3337/3337 slabs=3 wired=22.00 GiB mlock-fail=0 B hits=3727 misses=0 swaps=3726
ds4: [t=+92150.3ms] tok#370 experts: L6=[249] L12=[233] L20=[176] L35=[118] L38=[226]
ds4: [t=+92156.1ms] req seq=3728 L7 k=1 ids=[173] w=[0.1689] compute=1.56 ms ok
ds4: [t=+92162.0ms] req seq=3729 L8 k=1 ids=[249] w=[0.1600] compute=1.72 ms ok
ds4: [t=+92185.8ms] req seq=3730 L21 k=1 ids=[48] w=[0.1569] compute=1.75 ms ok
ds4: [t=+92192.4ms] req seq=3731 L22 k=1 ids=[103] w=[0.2219] compute=2.12 ms ok
ds4: [t=+92234.3ms] req seq=3732 L41 k=1 ids=[8] w=[0.1964] compute=2.01 ms ok
ds4: [t=+92253.5ms] req seq=3733 L5 k=1 ids=[79] w=[0.0921] compute=1.81 ms ok
ds4: [t=+92253.6ms] tok#371 done: 6 layer-reqs, 6 experts, compute 10.74 ms (1.79 ms/layer), wall 105.01 ms, errors=0, evict-hints=6 | cache: resident=3337/3337 slabs=3 wired=22.00 GiB mlock-fail=0 B hits=3733 misses=0 swaps=3732
ds4: [t=+92253.6ms] tok#371 experts: L6=[120] L7=[173] L8=[249] L21=[48] L22=[103] L41=[8]
ds4: [t=+92260.0ms] req seq=3734 L6 k=2 ids=[151,190] w=[0.1432,0.1142] compute=1.82 ms ok
ds4: [t=+92270.4ms] req seq=3735 L10 k=1 ids=[121] w=[0.1153] compute=1.81 ms ok
ds4: [t=+92276.8ms] req seq=3736 L12 k=1 ids=[96] w=[0.1512] compute=1.87 ms ok
ds4: [t=+92283.1ms] req seq=3737 L13 k=2 ids=[10,180] w=[0.3177,0.1799] compute=1.85 ms ok
ds4: [t=+92290.0ms] req seq=3738 L15 k=1 ids=[8] w=[0.1700] compute=1.82 ms ok
ds4: [t=+92298.8ms] req seq=3739 L18 k=1 ids=[184] w=[0.1472] compute=1.90 ms ok
ds4: [t=+92341.6ms] req seq=3740 L41 k=1 ids=[55] w=[0.1856] compute=1.66 ms ok
ds4: [t=+92362.9ms] req seq=3741 L6 k=1 ids=[229] w=[0.1285] compute=1.60 ms ok
ds4: [t=+92363.0ms] tok#372 done: 8 layer-reqs, 10 experts, compute 14.54 ms (1.82 ms/layer), wall 111.30 ms, errors=0, evict-hints=8 | cache: resident=3337/3337 slabs=3 wired=22.00 GiB mlock-fail=0 B hits=3741 misses=0 swaps=3740
ds4: [t=+92363.1ms] tok#372 experts: L5=[79] L6=[151,190] L10=[121] L12=[96] L13=[10,180] L15=[8] L18=[184] L41=[55]
ds4: [t=+92382.2ms] req seq=3742 L15 k=1 ids=[180] w=[0.1968] compute=1.55 ms ok
ds4: [t=+92399.3ms] req seq=3743 L23 k=1 ids=[95] w=[0.2358] compute=1.60 ms ok
ds4: [t=+92449.7ms] req seq=3744 L4 k=1 ids=[70] w=[0.1257] compute=1.83 ms ok
ds4: [t=+92449.9ms] tok#373 done: 3 layer-reqs, 3 experts, compute 4.75 ms (1.58 ms/layer), wall 88.52 ms, errors=0, evict-hints=3 | cache: resident=3337/3337 slabs=3 wired=22.00 GiB mlock-fail=0 B hits=3744 misses=0 swaps=3743
ds4: [t=+92449.9ms] tok#373 experts: L6=[229] L15=[180] L23=[95]
ds4: [t=+92463.2ms] req seq=3745 L9 k=1 ids=[176] w=[0.4222] compute=1.61 ms ok
ds4: [t=+92479.6ms] req seq=3746 L16 k=1 ids=[87] w=[0.1981] compute=1.76 ms ok
ds4: [t=+92490.3ms] req seq=3747 L21 k=1 ids=[225] w=[0.1763] compute=1.59 ms ok
ds4: [t=+92496.0ms] req seq=3748 L22 k=1 ids=[52] w=[0.1737] compute=1.74 ms ok
ds4: [t=+92502.1ms] req seq=3749 L23 k=1 ids=[70] w=[0.2930] compute=1.71 ms ok
ds4: [t=+92507.8ms] req seq=3750 L24 k=1 ids=[108] w=[0.1997] compute=1.65 ms ok
ds4: [t=+92529.1ms] req seq=3751 L30 k=1 ids=[74] w=[0.4748] compute=1.88 ms ok
ds4: [t=+92535.6ms] req seq=3752 L31 k=1 ids=[160] w=[0.1657] compute=1.77 ms ok
ds4: [t=+92554.6ms] req seq=3753 L35 k=2 ids=[2,198] w=[0.2902,0.1622] compute=1.86 ms ok
ds4: [t=+92584.1ms] req seq=3754 L3 k=1 ids=[214] w=[0.0856] compute=1.89 ms ok
ds4: [t=+92584.2ms] tok#374 done: 10 layer-reqs, 11 experts, compute 17.40 ms (1.74 ms/layer), wall 136.30 ms, errors=0, evict-hints=10 | cache: resident=3337/3337 slabs=3 wired=22.00 GiB mlock-fail=0 B hits=3754 misses=0 swaps=3753
ds4: [t=+92584.2ms] tok#374 experts: L4=[70] L9=[176] L16=[87] L21=[225] L22=[52] L23=[70] L24=[108] L30=[74] L31=[160] L35=[2,198]
ds4: [t=+92590.5ms] req seq=3755 L4 k=1 ids=[4] w=[0.1328] compute=1.82 ms ok
ds4: [t=+92598.3ms] req seq=3756 L6 k=1 ids=[66] w=[0.1516] compute=1.86 ms ok
ds4: [t=+92604.7ms] req seq=3757 L7 k=1 ids=[99] w=[0.4614] compute=1.77 ms ok
ds4: [t=+92611.7ms] req seq=3758 L9 k=1 ids=[150] w=[0.1345] compute=1.79 ms ok
ds4: [t=+92636.1ms] req seq=3759 L21 k=2 ids=[159,151] w=[0.2510,0.1314] compute=1.91 ms ok
ds4: [t=+92642.6ms] req seq=3760 L22 k=1 ids=[205] w=[0.1330] compute=1.86 ms ok
ds4: [t=+92662.2ms] req seq=3761 L31 k=1 ids=[165] w=[0.3341] compute=1.87 ms ok
ds4: [t=+92671.8ms] req seq=3762 L35 k=1 ids=[198] w=[0.4511] compute=1.81 ms ok
ds4: [t=+92707.5ms] req seq=3763 L6 k=1 ids=[197] w=[0.1566] compute=1.84 ms ok
ds4: [t=+92707.7ms] tok#375 done: 9 layer-reqs, 10 experts, compute 16.57 ms (1.84 ms/layer), wall 125.42 ms, errors=0, evict-hints=9 | cache: resident=3337/3337 slabs=3 wired=22.00 GiB mlock-fail=0 B hits=3763 misses=0 swaps=3762
ds4: [t=+92707.7ms] tok#375 experts: L3=[214] L4=[4] L6=[66] L7=[99] L9=[150] L21=[159,151] L22=[205] L31=[165] L35=[198]
ds4: [t=+92717.9ms] req seq=3764 L10 k=1 ids=[75] w=[0.2071] compute=1.83 ms ok
ds4: [t=+92723.7ms] req seq=3765 L11 k=1 ids=[140] w=[0.1410] compute=1.77 ms ok
ds4: [t=+92739.5ms] req seq=3766 L19 k=1 ids=[53] w=[0.1648] compute=1.86 ms ok
ds4: [t=+92749.2ms] req seq=3767 L23 k=1 ids=[21] w=[0.1740] compute=1.83 ms ok
ds4: [t=+92797.9ms] req seq=3768 L4 k=1 ids=[57] w=[0.1801] compute=2.03 ms ok
ds4: [t=+92798.0ms] tok#376 done: 5 layer-reqs, 5 experts, compute 9.13 ms (1.83 ms/layer), wall 92.31 ms, errors=0, evict-hints=5 | cache: resident=3337/3337 slabs=3 wired=22.00 GiB mlock-fail=0 B hits=3768 misses=0 swaps=3767
ds4: [t=+92798.1ms] tok#376 experts: L6=[197] L10=[75] L11=[140] L19=[53] L23=[21]
ds4: [t=+92805.7ms] req seq=3769 L7 k=1 ids=[127] w=[0.2765] compute=1.79 ms ok
ds4: [t=+92819.6ms] req seq=3770 L12 k=1 ids=[5] w=[0.1625] compute=1.89 ms ok
ds4: [t=+92833.9ms] req seq=3771 L19 k=1 ids=[141] w=[0.1405] compute=1.90 ms ok
ds4: [t=+92840.1ms] req seq=3772 L20 k=1 ids=[110] w=[0.2040] compute=1.85 ms ok
ds4: [t=+92846.8ms] req seq=3773 L21 k=1 ids=[251] w=[0.3960] compute=1.86 ms ok
ds4: [t=+92855.5ms] req seq=3774 L24 k=1 ids=[212] w=[0.1685] compute=1.82 ms ok
ds4: [t=+92872.6ms] req seq=3775 L29 k=1 ids=[126] w=[0.4731] compute=1.84 ms ok
ds4: [t=+92879.1ms] req seq=3776 L30 k=1 ids=[237] w=[0.1379] compute=1.85 ms ok
ds4: [t=+92920.0ms] req seq=3777 L3 k=1 ids=[13] w=[0.6171] compute=1.86 ms ok
ds4: [t=+92920.1ms] tok#377 done: 9 layer-reqs, 9 experts, compute 16.81 ms (1.87 ms/layer), wall 124.17 ms, errors=0, evict-hints=9 | cache: resident=3337/3337 slabs=3 wired=22.00 GiB mlock-fail=0 B hits=3777 misses=0 swaps=3776
ds4: [t=+92920.1ms] tok#377 experts: L4=[57] L7=[127] L12=[5] L19=[141] L20=[110] L21=[251] L24=[212] L29=[126] L30=[237]
ds4: [t=+92933.8ms] req seq=3778 L9 k=1 ids=[142] w=[0.1346] compute=1.88 ms ok
ds4: [t=+92947.5ms] req seq=3779 L15 k=1 ids=[223] w=[0.1368] compute=1.84 ms ok
ds4: [t=+92959.1ms] req seq=3780 L20 k=1 ids=[114] w=[0.2596] compute=1.86 ms ok
ds4: [t=+93006.4ms] req seq=3781 L42 k=1 ids=[85] w=[0.2069] compute=2.05 ms ok
ds4: [t=+93020.8ms] req seq=3782 L4 k=1 ids=[26] w=[0.1442] compute=1.87 ms ok
ds4: [t=+93020.9ms] tok#378 done: 5 layer-reqs, 5 experts, compute 9.49 ms (1.90 ms/layer), wall 102.74 ms, errors=0, evict-hints=5 | cache: resident=3337/3337 slabs=3 wired=22.00 GiB mlock-fail=0 B hits=3782 misses=0 swaps=3781
ds4: [t=+93020.9ms] tok#378 experts: L3=[13] L9=[142] L15=[223] L20=[114] L42=[85]
ds4: [t=+93037.7ms] req seq=3783 L10 k=1 ids=[252] w=[0.4291] compute=1.90 ms ok
ds4: [t=+93059.5ms] req seq=3784 L19 k=1 ids=[29] w=[0.1428] compute=1.87 ms ok
ds4: [t=+93114.5ms] req seq=3785 L4 k=1 ids=[79] w=[0.1697] compute=1.91 ms ok
ds4: [t=+93114.6ms] tok#379 done: 3 layer-reqs, 3 experts, compute 5.64 ms (1.88 ms/layer), wall 95.63 ms, errors=0, evict-hints=3 | cache: resident=3337/3337 slabs=3 wired=22.00 GiB mlock-fail=0 B hits=3785 misses=0 swaps=3784
ds4: [t=+93114.6ms] tok#379 experts: L4=[26] L10=[252] L19=[29]
ds4: [t=+93122.8ms] req seq=3786 L5 k=1 ids=[115] w=[0.1799] compute=1.92 ms ok
ds4: [t=+93133.2ms] req seq=3787 L9 k=1 ids=[194] w=[0.1286] compute=1.88 ms ok
ds4: [t=+93148.3ms] req seq=3788 L16 k=1 ids=[251] w=[0.2644] compute=1.87 ms ok
ds4: [t=+93156.8ms] req seq=3789 L19 k=1 ids=[209] w=[0.1203] compute=1.82 ms ok
ds4: [t=+93163.0ms] req seq=3790 L20 k=1 ids=[50] w=[0.2406] compute=1.85 ms ok
ds4: [t=+93170.0ms] req seq=3791 L22 k=1 ids=[129] w=[0.2388] compute=1.81 ms ok
ds4: [t=+93207.9ms] req seq=3792 L41 k=1 ids=[254] w=[0.2482] compute=1.93 ms ok
ds4: [t=+93226.1ms] req seq=3793 L2 k=1 ids=[137] w=[0.2045] compute=1.61 ms ok
ds4: [t=+93226.3ms] tok#380 done: 8 layer-reqs, 8 experts, compute 14.99 ms (1.87 ms/layer), wall 113.64 ms, errors=0, evict-hints=8 | cache: resident=3337/3337 slabs=3 wired=22.00 GiB mlock-fail=0 B hits=3793 misses=0 swaps=3792
ds4: [t=+93226.3ms] tok#380 experts: L4=[79] L5=[115] L9=[194] L16=[251] L19=[209] L20=[50] L22=[129] L41=[254]
ds4: [t=+93232.2ms] req seq=3794 L4 k=1 ids=[214] w=[0.1162] compute=1.54 ms ok
ds4: [t=+93241.9ms] req seq=3795 L8 k=1 ids=[168] w=[0.1556] compute=1.56 ms ok
ds4: [t=+93249.8ms] req seq=3796 L11 k=1 ids=[48] w=[0.0975] compute=1.41 ms ok
ds4: [t=+93265.6ms] req seq=3797 L18 k=1 ids=[240] w=[0.1674] compute=1.66 ms ok
ds4: [t=+93274.8ms] req seq=3798 L22 k=1 ids=[91] w=[0.1576] compute=1.53 ms ok
ds4: [t=+93291.0ms] req seq=3799 L29 k=1 ids=[53] w=[0.1899] compute=1.44 ms ok
ds4: [t=+93300.3ms] req seq=3800 L32 k=1 ids=[230] w=[0.1436] compute=1.58 ms ok
ds4: [t=+93307.2ms] req seq=3801 L34 k=1 ids=[178] w=[0.3032] compute=1.56 ms ok
ds4: [t=+93323.0ms] req seq=3802 L42 k=1 ids=[97] w=[0.1666] compute=1.61 ms ok
ds4: [t=+93339.2ms] req seq=3803 L5 k=1 ids=[123] w=[0.1898] compute=1.61 ms ok
ds4: [t=+93339.3ms] tok#381 done: 10 layer-reqs, 10 experts, compute 15.50 ms (1.55 ms/layer), wall 114.72 ms, errors=0, evict-hints=10 | cache: resident=3337/3337 slabs=3 wired=22.00 GiB mlock-fail=0 B hits=3803 misses=0 swaps=3802
ds4: [t=+93339.3ms] tok#381 experts: L2=[137] L4=[214] L8=[168] L11=[48] L18=[240] L22=[91] L29=[53] L32=[230] L34=[178] L42=[97]
ds4: [t=+93348.9ms] req seq=3804 L8 k=1 ids=[137] w=[0.1024] compute=1.74 ms ok
ds4: [t=+93355.1ms] req seq=3805 L10 k=1 ids=[242] w=[0.1121] compute=1.65 ms ok
ds4: [t=+93362.5ms] req seq=3806 L13 k=1 ids=[180] w=[0.1859] compute=1.84 ms ok
ds4: [t=+93370.7ms] req seq=3807 L16 k=1 ids=[199] w=[0.2415] compute=1.66 ms ok
ds4: [t=+93379.1ms] req seq=3808 L19 k=1 ids=[107] w=[0.0864] compute=1.86 ms ok
ds4: [t=+93392.4ms] req seq=3809 L25 k=1 ids=[32] w=[0.2658] compute=1.89 ms ok
ds4: [t=+93442.4ms] req seq=3810 L4 k=1 ids=[29] w=[0.5302] compute=2.08 ms ok
ds4: [t=+93442.5ms] tok#382 done: 7 layer-reqs, 7 experts, compute 12.25 ms (1.75 ms/layer), wall 104.92 ms, errors=0, evict-hints=7 | cache: resident=3337/3337 slabs=3 wired=22.00 GiB mlock-fail=0 B hits=3810 misses=0 swaps=3809
ds4: [t=+93442.5ms] tok#382 experts: L5=[123] L8=[137] L10=[242] L13=[180] L16=[199] L19=[107] L25=[32]
ds4: [t=+93448.9ms] req seq=3811 L5 k=1 ids=[56] w=[0.1032] compute=1.83 ms ok
ds4: [t=+93455.9ms] req seq=3812 L7 k=2 ids=[163,175] w=[0.4494,0.1562] compute=1.80 ms ok
ds4: [t=+93463.3ms] req seq=3813 L9 k=3 ids=[44,10,22] w=[0.6168,0.1886,0.1505] compute=1.86 ms ok
ds4: [t=+93469.7ms] req seq=3814 L10 k=1 ids=[241] w=[0.0976] compute=1.81 ms ok
ds4: [t=+93475.7ms] req seq=3815 L11 k=3 ids=[11,185,116] w=[0.2799,0.1450,0.1241] compute=1.86 ms ok
ds4: [t=+93481.9ms] req seq=3816 L12 k=1 ids=[209] w=[0.2656] compute=1.79 ms ok
ds4: [t=+93487.6ms] req seq=3817 L13 k=1 ids=[171] w=[0.3622] compute=1.79 ms ok
ds4: [t=+93493.4ms] req seq=3818 L14 k=1 ids=[218] w=[0.1655] compute=1.83 ms ok
ds4: [t=+93499.5ms] req seq=3819 L15 k=1 ids=[70] w=[0.2150] compute=1.80 ms ok
ds4: [t=+93505.7ms] req seq=3820 L16 k=2 ids=[173,174] w=[0.2558,0.1446] compute=1.83 ms ok
ds4: [t=+93512.5ms] req seq=3821 L17 k=2 ids=[153,205] w=[0.4140,0.2023] compute=1.86 ms ok
ds4: [t=+93518.5ms] req seq=3822 L18 k=1 ids=[110] w=[0.3104] compute=1.81 ms ok
ds4: [t=+93524.6ms] req seq=3823 L19 k=2 ids=[65,223] w=[0.4617,0.4125] compute=1.88 ms ok
ds4: [t=+93530.6ms] req seq=3824 L20 k=1 ids=[192] w=[0.2801] compute=1.79 ms ok
ds4: [t=+93536.6ms] req seq=3825 L21 k=1 ids=[190] w=[0.1678] compute=1.75 ms ok
ds4: [t=+93543.5ms] req seq=3826 L22 k=3 ids=[243,37,0] w=[0.4329,0.3248,0.1259] compute=1.86 ms ok
ds4: [t=+93565.9ms] req seq=3827 L29 k=1 ids=[62] w=[0.2369] compute=1.91 ms ok
ds4: [t=+93572.3ms] req seq=3828 L30 k=1 ids=[173] w=[0.1996] compute=1.81 ms ok
ds4: [t=+93578.6ms] req seq=3829 L31 k=1 ids=[169] w=[0.2771] compute=1.84 ms ok
ds4: [t=+93584.4ms] req seq=3830 L32 k=1 ids=[2] w=[0.4118] compute=1.75 ms ok
ds4: [t=+93594.7ms] req seq=3831 L34 k=1 ids=[5] w=[0.1950] compute=1.89 ms ok
ds4: [t=+93628.7ms] req seq=3832 L42 k=1 ids=[133] w=[0.1942] compute=1.87 ms ok
ds4: [t=+93649.0ms] req seq=3833 L3 k=1 ids=[45] w=[0.0939] compute=1.87 ms ok
ds4: [t=+93649.1ms] tok#383 done: 23 layer-reqs, 33 experts, compute 42.29 ms (1.84 ms/layer), wall 208.81 ms, errors=0, evict-hints=23 | cache: resident=3337/3337 slabs=3 wired=22.00 GiB mlock-fail=0 B hits=3833 misses=0 swaps=3832
ds4: [t=+93649.2ms] tok#383 experts: L4=[29] L5=[56] L7=[163,175] L9=[44,10,22] L10=[241] L11=[11,185,116] L12=[209] L13=[171] L14=[218] L15=[70] L16=[173,174] L17=[153,205] L18=[110] L19=[65,223] L20=[192] L21=[190] L22=[243,37,0] L29=[62] L30=[173] L31=[169] L32=[2] L34=[5] L42=[133]
ds4: [t=+93658.1ms] req seq=3834 L5 k=2 ids=[45,240] w=[0.1788,0.1194] compute=1.83 ms ok
ds4: [t=+93672.4ms] req seq=3835 L8 k=1 ids=[229] w=[0.4563] compute=1.81 ms ok
ds4: [t=+93683.9ms] req seq=3836 L10 k=2 ids=[142,49] w=[0.5008,0.1190] compute=1.85 ms ok
ds4: [t=+93692.6ms] req seq=3837 L11 k=3 ids=[187,165,59] w=[0.4033,0.3341,0.1474] compute=1.90 ms ok
ds4: [t=+93707.3ms] req seq=3838 L14 k=2 ids=[6,230] w=[0.1699,0.1509] compute=1.84 ms ok
ds4: [t=+93714.2ms] req seq=3839 L15 k=2 ids=[220,142] w=[0.3046,0.2299] compute=1.83 ms ok
ds4: [t=+93721.8ms] req seq=3840 L16 k=1 ids=[149] w=[0.1651] compute=1.82 ms ok
ds4: [t=+93728.2ms] req seq=3841 L17 k=1 ids=[170] w=[0.2793] compute=1.87 ms ok
ds4: [t=+93738.2ms] req seq=3842 L19 k=2 ids=[220,56] w=[0.3175,0.1632] compute=1.82 ms ok
ds4: [t=+93746.8ms] req seq=3843 L20 k=2 ids=[8,62] w=[0.4011,0.1938] compute=1.90 ms ok
ds4: [t=+93753.4ms] req seq=3844 L21 k=1 ids=[248] w=[0.1979] compute=1.79 ms ok
ds4: [t=+93761.3ms] req seq=3845 L22 k=4 ids=[212,209,37,13] w=[0.4583,0.2133,0.1680,0.1616] compute=1.85 ms ok
ds4: [t=+93774.7ms] req seq=3846 L25 k=1 ids=[2] w=[0.1640] compute=1.85 ms ok
ds4: [t=+93834.0ms] req seq=3847 L40 k=1 ids=[127] w=[0.2851] compute=2.11 ms ok
ds4: [t=+93857.0ms] req seq=3848 L5 k=1 ids=[94] w=[0.2018] compute=1.87 ms ok
ds4: [t=+93857.1ms] tok#384 done: 15 layer-reqs, 26 experts, compute 27.95 ms (1.86 ms/layer), wall 209.95 ms, errors=0, evict-hints=15 | cache: resident=3337/3337 slabs=3 wired=22.00 GiB mlock-fail=0 B hits=3848 misses=0 swaps=3847
ds4: [t=+93857.2ms] tok#384 experts: L3=[45] L5=[45,240] L8=[229] L10=[142,49] L11=[187,165,59] L14=[6,230] L15=[220,142] L16=[149] L17=[170] L19=[220,56] L20=[8,62] L21=[248] L22=[212,209,37,13] L25=[2] L40=[127]
ds4: [t=+93863.2ms] req seq=3849 L6 k=1 ids=[59] w=[0.1100] compute=1.87 ms ok
ds4: [t=+93870.4ms] req seq=3850 L8 k=1 ids=[247] w=[0.3974] compute=1.82 ms ok
ds4: [t=+93877.4ms] req seq=3851 L10 k=1 ids=[49] w=[0.1297] compute=1.88 ms ok
ds4: [t=+93883.7ms] req seq=3852 L11 k=4 ids=[59,165,185,61] w=[0.3659,0.3089,0.1553,0.1425] compute=1.87 ms ok
ds4: [t=+93890.8ms] req seq=3853 L13 k=1 ids=[184] w=[0.1832] compute=1.82 ms ok
ds4: [t=+93896.5ms] req seq=3854 L14 k=1 ids=[230] w=[0.1701] compute=1.83 ms ok
ds4: [t=+93905.3ms] req seq=3855 L16 k=1 ids=[29] w=[0.1877] compute=1.78 ms ok
ds4: [t=+93915.3ms] req seq=3856 L19 k=1 ids=[56] w=[0.2250] compute=1.85 ms ok
ds4: [t=+93921.5ms] req seq=3857 L20 k=1 ids=[74] w=[0.2246] compute=1.80 ms ok
ds4: [t=+93927.6ms] req seq=3858 L21 k=1 ids=[151] w=[0.1773] compute=1.84 ms ok
ds4: [t=+93933.0ms] req seq=3859 L22 k=2 ids=[0,37] w=[0.1483,0.1476] compute=1.78 ms ok
ds4: [t=+93939.4ms] req seq=3860 L23 k=1 ids=[99] w=[0.1017] compute=1.84 ms ok
ds4: [t=+94008.0ms] req seq=3861 L4 k=1 ids=[41] w=[0.1309] compute=1.96 ms ok
ds4: [t=+94008.1ms] tok#385 done: 13 layer-reqs, 17 experts, compute 23.86 ms (1.84 ms/layer), wall 152.93 ms, errors=0, evict-hints=13 | cache: resident=3337/3337 slabs=3 wired=22.00 GiB mlock-fail=0 B hits=3861 misses=0 swaps=3860
ds4: [t=+94008.2ms] tok#385 experts: L5=[94] L6=[59] L8=[247] L10=[49] L11=[59,165,185,61] L13=[184] L14=[230] L16=[29] L19=[56] L20=[74] L21=[151] L22=[0,37] L23=[99]
ds4: [t=+94014.6ms] req seq=3862 L5 k=1 ids=[47] w=[0.2187] compute=1.48 ms ok
ds4: [t=+94020.1ms] req seq=3863 L6 k=1 ids=[168] w=[0.1406] compute=1.42 ms ok
ds4: [t=+94026.4ms] req seq=3864 L7 k=1 ids=[76] w=[0.4217] compute=1.58 ms ok
ds4: [t=+94036.8ms] req seq=3865 L10 k=1 ids=[74] w=[0.1505] compute=1.48 ms ok
ds4: [t=+94042.5ms] req seq=3866 L11 k=2 ids=[165,254] w=[0.3590,0.1569] compute=1.59 ms ok
ds4: [t=+94048.2ms] req seq=3867 L12 k=1 ids=[25] w=[0.1820] compute=1.47 ms ok
ds4: [t=+94056.9ms] req seq=3868 L15 k=1 ids=[142] w=[0.1819] compute=1.43 ms ok
ds4: [t=+94070.9ms] req seq=3869 L19 k=1 ids=[97] w=[0.4326] compute=1.53 ms ok
ds4: [t=+94077.1ms] req seq=3870 L20 k=2 ids=[29,172] w=[0.2255,0.1494] compute=1.60 ms ok
ds4: [t=+94082.9ms] req seq=3871 L21 k=1 ids=[1] w=[0.1424] compute=1.55 ms ok
ds4: [t=+94088.7ms] req seq=3872 L22 k=2 ids=[127,37] w=[0.3970,0.1356] compute=1.46 ms ok
ds4: [t=+94095.8ms] req seq=3873 L23 k=1 ids=[148] w=[0.3401] compute=1.57 ms ok
ds4: [t=+94159.1ms] req seq=3874 L39 k=1 ids=[124] w=[0.1307] compute=2.03 ms ok
ds4: [t=+94169.4ms] req seq=3875 L41 k=1 ids=[46] w=[0.2748] compute=1.57 ms ok
ds4: [t=+94195.0ms] req seq=3876 L3 k=1 ids=[225] w=[0.1463] compute=1.80 ms ok
ds4: [t=+94195.1ms] tok#386 done: 15 layer-reqs, 18 experts, compute 23.73 ms (1.58 ms/layer), wall 188.99 ms, errors=0, evict-hints=15 | cache: resident=3337/3337 slabs=3 wired=22.00 GiB mlock-fail=0 B hits=3876 misses=0 swaps=3875
ds4: [t=+94195.1ms] tok#386 experts: L4=[41] L5=[47] L6=[168] L7=[76] L10=[74] L11=[165,254] L12=[25] L15=[142] L19=[97] L20=[29,172] L21=[1] L22=[127,37] L23=[148] L39=[124] L41=[46]
ds4: [t=+94202.3ms] req seq=3877 L5 k=1 ids=[224] w=[0.4400] compute=1.70 ms ok
ds4: [t=+94208.9ms] req seq=3878 L6 k=3 ids=[170,64,255] w=[0.4838,0.1383,0.1346] compute=1.86 ms ok
ds4: [t=+94221.6ms] req seq=3879 L10 k=1 ids=[196] w=[0.3018] compute=1.71 ms ok
ds4: [t=+94228.3ms] req seq=3880 L11 k=2 ids=[96,214] w=[0.4031,0.1323] compute=1.86 ms ok
ds4: [t=+94234.6ms] req seq=3881 L12 k=1 ids=[169] w=[0.1669] compute=1.64 ms ok
ds4: [t=+94241.6ms] req seq=3882 L14 k=1 ids=[97] w=[0.1971] compute=1.75 ms ok
ds4: [t=+94247.7ms] req seq=3883 L15 k=1 ids=[244] w=[0.1649] compute=1.77 ms ok
ds4: [t=+94256.4ms] req seq=3884 L17 k=2 ids=[123,178] w=[0.3197,0.2110] compute=1.80 ms ok
ds4: [t=+94262.5ms] req seq=3885 L18 k=1 ids=[27] w=[0.1813] compute=1.79 ms ok
ds4: [t=+94268.5ms] req seq=3886 L19 k=2 ids=[189,86] w=[0.2952,0.1144] compute=1.76 ms ok
ds4: [t=+94274.4ms] req seq=3887 L20 k=2 ids=[115,0] w=[0.4091,0.2446] compute=1.83 ms ok
ds4: [t=+94280.1ms] req seq=3888 L21 k=1 ids=[245] w=[0.4593] compute=1.79 ms ok
ds4: [t=+94285.9ms] req seq=3889 L22 k=2 ids=[48,132] w=[0.2656,0.1305] compute=1.73 ms ok
ds4: [t=+94297.0ms] req seq=3890 L24 k=1 ids=[29] w=[0.1073] compute=1.85 ms ok
ds4: [t=+94307.6ms] req seq=3891 L26 k=1 ids=[184] w=[0.1039] compute=1.80 ms ok
ds4: [t=+94341.3ms] req seq=3892 L34 k=1 ids=[176] w=[0.1480] compute=1.80 ms ok
ds4: [t=+94347.6ms] req seq=3893 L35 k=1 ids=[236] w=[0.1316] compute=1.41 ms ok
ds4: [t=+94386.9ms] req seq=3894 L3 k=1 ids=[107] w=[0.1224] compute=1.58 ms ok
ds4: [t=+94387.0ms] tok#387 done: 18 layer-reqs, 25 experts, compute 31.64 ms (1.76 ms/layer), wall 193.83 ms, errors=0, evict-hints=18 | cache: resident=3337/3337 slabs=3 wired=22.00 GiB mlock-fail=0 B hits=3894 misses=0 swaps=3893
ds4: [t=+94387.1ms] tok#387 experts: L3=[225] L5=[224] L6=[170,64,255] L10=[196] L11=[96,214] L12=[169] L14=[97] L15=[244] L17=[123,178] L18=[27] L19=[189,86] L20=[115,0] L21=[245] L22=[48,132] L24=[29] L26=[184] L34=[176] L35=[236]
ds4: [t=+94392.9ms] req seq=3895 L4 k=1 ids=[154] w=[0.0992] compute=1.54 ms ok
ds4: [t=+94398.6ms] req seq=3896 L5 k=1 ids=[210] w=[0.1343] compute=1.44 ms ok
ds4: [t=+94404.5ms] req seq=3897 L6 k=1 ids=[255] w=[0.1176] compute=1.48 ms ok
ds4: [t=+94412.6ms] req seq=3898 L8 k=1 ids=[227] w=[0.1335] compute=1.61 ms ok
ds4: [t=+94424.2ms] req seq=3899 L12 k=2 ids=[116,101] w=[0.2922,0.2189] compute=1.56 ms ok
ds4: [t=+94436.5ms] req seq=3900 L16 k=2 ids=[45,20] w=[0.2838,0.2040] compute=1.63 ms ok
ds4: [t=+94457.8ms] req seq=3901 L25 k=1 ids=[227] w=[0.1959] compute=1.70 ms ok
ds4: [t=+94487.6ms] req seq=3902 L34 k=1 ids=[250] w=[0.1253] compute=1.65 ms ok
ds4: [t=+94510.4ms] req seq=3903 L39 k=1 ids=[45] w=[0.3208] compute=1.63 ms ok
ds4: [t=+94528.9ms] req seq=3904 L1 k=1 ids=[11] w=[0.2095] compute=1.90 ms ok
ds4: [t=+94529.0ms] tok#388 done: 10 layer-reqs, 12 experts, compute 15.82 ms (1.58 ms/layer), wall 143.57 ms, errors=0, evict-hints=10 | cache: resident=3337/3337 slabs=3 wired=22.00 GiB mlock-fail=0 B hits=3904 misses=0 swaps=3903
ds4: [t=+94529.0ms] tok#388 experts: L3=[107] L4=[154] L5=[210] L6=[255] L8=[227] L12=[116,101] L16=[45,20] L25=[227] L34=[250] L39=[45]
ds4: [t=+94538.2ms] req seq=3905 L5 k=1 ids=[141] w=[0.3795] compute=1.71 ms ok
ds4: [t=+94545.6ms] req seq=3906 L7 k=1 ids=[201] w=[0.1746] compute=1.85 ms ok
ds4: [t=+94551.5ms] req seq=3907 L8 k=2 ids=[221,78] w=[0.2417,0.1838] compute=1.86 ms ok
ds4: [t=+94567.3ms] req seq=3908 L13 k=2 ids=[63,44] w=[0.1741,0.1534] compute=1.92 ms ok
ds4: [t=+94573.8ms] req seq=3909 L14 k=1 ids=[158] w=[0.2018] compute=1.84 ms ok
ds4: [t=+94583.8ms] req seq=3910 L18 k=1 ids=[189] w=[0.2363] compute=1.88 ms ok
ds4: [t=+94590.5ms] req seq=3911 L20 k=1 ids=[170] w=[0.1399] compute=1.82 ms ok
ds4: [t=+94597.0ms] req seq=3912 L21 k=1 ids=[192] w=[0.1693] compute=1.86 ms ok
ds4: [t=+94603.2ms] req seq=3913 L22 k=2 ids=[115,37] w=[0.2716,0.1510] compute=1.78 ms ok
ds4: [t=+94663.3ms] req seq=3914 L4 k=1 ids=[150] w=[0.1182] compute=1.89 ms ok
ds4: [t=+94663.4ms] tok#389 done: 10 layer-reqs, 13 experts, compute 18.42 ms (1.84 ms/layer), wall 136.38 ms, errors=0, evict-hints=10 | cache: resident=3337/3337 slabs=3 wired=22.00 GiB mlock-fail=0 B hits=3914 misses=0 swaps=3913
ds4: [t=+94663.4ms] tok#389 experts: L1=[11] L5=[141] L7=[201] L8=[221,78] L13=[63,44] L14=[158] L18=[189] L20=[170] L21=[192] L22=[115,37]
ds4: [t=+94675.9ms] req seq=3915 L9 k=1 ids=[20] w=[0.1178] compute=1.88 ms ok
ds4: [t=+94681.8ms] req seq=3916 L10 k=1 ids=[80] w=[0.1157] compute=1.78 ms ok
ds4: [t=+94697.8ms] req seq=3917 L16 k=1 ids=[174] w=[0.2532] compute=1.89 ms ok
ds4: [t=+94704.1ms] req seq=3918 L17 k=1 ids=[37] w=[0.1927] compute=1.84 ms ok
ds4: [t=+94710.2ms] req seq=3919 L18 k=1 ids=[89] w=[0.1762] compute=1.79 ms ok
ds4: [t=+94715.9ms] req seq=3920 L19 k=1 ids=[223] w=[0.4116] compute=1.76 ms ok
ds4: [t=+94724.1ms] req seq=3921 L22 k=2 ids=[37,146] w=[0.2148,0.1331] compute=1.77 ms ok
ds4: [t=+94779.0ms] req seq=3922 L3 k=1 ids=[199] w=[0.1254] compute=2.14 ms ok
ds4: [t=+94779.2ms] tok#390 done: 8 layer-reqs, 9 experts, compute 14.60 ms (1.82 ms/layer), wall 117.79 ms, errors=0, evict-hints=8 | cache: resident=3337/3337 slabs=3 wired=22.00 GiB mlock-fail=0 B hits=3922 misses=0 swaps=3921
ds4: [t=+94779.2ms] tok#390 experts: L4=[150] L9=[20] L10=[80] L16=[174] L17=[37] L18=[89] L19=[223] L22=[37,146]
ds4: [t=+94786.8ms] req seq=3923 L4 k=2 ids=[144,215] w=[0.1555,0.1513] compute=1.82 ms ok
ds4: [t=+94813.8ms] req seq=3924 L15 k=1 ids=[92] w=[0.2153] compute=1.86 ms ok
ds4: [t=+94821.1ms] req seq=3925 L17 k=1 ids=[183] w=[0.1951] compute=1.89 ms ok
ds4: [t=+94832.6ms] req seq=3926 L22 k=1 ids=[75] w=[0.3256] compute=1.88 ms ok
ds4: [t=+94886.7ms] req seq=3927 L5 k=2 ids=[17,162] w=[0.2405,0.2218] compute=2.07 ms ok
ds4: [t=+94886.8ms] tok#391 done: 5 layer-reqs, 6 experts, compute 9.59 ms (1.92 ms/layer), wall 109.87 ms, errors=0, evict-hints=5 | cache: resident=3337/3337 slabs=3 wired=22.00 GiB mlock-fail=0 B hits=3927 misses=0 swaps=3926
ds4: [t=+94886.8ms] tok#391 experts: L3=[199] L4=[144,215] L15=[92] L17=[183] L22=[75]
ds4: [t=+94896.5ms] req seq=3928 L9 k=1 ids=[114] w=[0.1251] compute=1.82 ms ok
ds4: [t=+94902.2ms] req seq=3929 L10 k=1 ids=[205] w=[0.1581] compute=1.77 ms ok
ds4: [t=+94909.0ms] req seq=3930 L12 k=1 ids=[23] w=[0.2461] compute=1.87 ms ok
ds4: [t=+94920.6ms] req seq=3931 L17 k=1 ids=[41] w=[0.2168] compute=1.85 ms ok
ds4: [t=+94930.6ms] req seq=3932 L21 k=1 ids=[70] w=[0.1538] compute=1.86 ms ok
ds4: [t=+94937.1ms] req seq=3933 L22 k=2 ids=[69,208] w=[0.2325,0.2578] compute=1.82 ms ok
ds4: [t=+95012.9ms] req seq=3934 L15 k=1 ids=[221] w=[0.1328] compute=2.11 ms ok
ds4: [t=+95013.0ms] tok#392 done: 7 layer-reqs, 9 experts, compute 13.06 ms (1.87 ms/layer), wall 128.40 ms, errors=0, evict-hints=7 | cache: resident=3337/3337 slabs=3 wired=22.00 GiB mlock-fail=0 B hits=3934 misses=0 swaps=3933
ds4: [t=+95013.1ms] tok#392 experts: L5=[17,162] L9=[114] L10=[205] L12=[23] L17=[41] L21=[70] L22=[69,208]
ds4: [t=+95021.4ms] req seq=3935 L18 k=1 ids=[244] w=[0.1862] compute=1.82 ms ok
ds4: [t=+95029.3ms] req seq=3936 L21 k=1 ids=[60] w=[0.1710] compute=1.73 ms ok
ds4: [t=+95050.1ms] req seq=3937 L30 k=1 ids=[238] w=[0.1536] compute=1.82 ms ok
ds4: [t=+95065.6ms] req seq=3938 L36 k=1 ids=[165] w=[0.1413] compute=1.86 ms ok
ds4: [t=+95071.9ms] req seq=3939 L38 k=1 ids=[63] w=[0.1528] compute=1.76 ms ok
ds4: [t=+95082.5ms] req seq=3940 L41 k=1 ids=[95] w=[0.1497] compute=1.86 ms ok
ds4: [t=+95099.4ms] req seq=3941 L2 k=1 ids=[136] w=[0.2490] compute=1.87 ms ok
ds4: [t=+95099.5ms] tok#393 done: 7 layer-reqs, 7 experts, compute 12.96 ms (1.85 ms/layer), wall 88.65 ms, errors=0, evict-hints=7 | cache: resident=3337/3337 slabs=3 wired=22.00 GiB mlock-fail=0 B hits=3941 misses=0 swaps=3940
ds4: [t=+95099.5ms] tok#393 experts: L15=[221] L18=[244] L21=[60] L30=[238] L36=[165] L38=[63] L41=[95]
ds4: [t=+95108.0ms] req seq=3942 L5 k=1 ids=[197] w=[0.1287] compute=1.87 ms ok
ds4: [t=+95114.2ms] req seq=3943 L7 k=1 ids=[51] w=[0.5471] compute=1.82 ms ok
ds4: [t=+95131.0ms] req seq=3944 L13 k=1 ids=[122] w=[0.1749] compute=1.88 ms ok
ds4: [t=+95137.3ms] req seq=3945 L14 k=1 ids=[201] w=[0.3431] compute=1.85 ms ok
ds4: [t=+95143.4ms] req seq=3946 L15 k=2 ids=[68,84] w=[0.2083,0.1855] compute=1.86 ms ok
ds4: [t=+95152.6ms] req seq=3947 L18 k=1 ids=[30] w=[0.1844] compute=1.78 ms ok
ds4: [t=+95158.3ms] req seq=3948 L19 k=1 ids=[196] w=[0.2452] compute=1.78 ms ok
ds4: [t=+95173.3ms] req seq=3949 L24 k=2 ids=[14,100] w=[0.1741,0.1376] compute=1.85 ms ok
ds4: [t=+95234.6ms] req seq=3950 L4 k=1 ids=[138] w=[0.1422] compute=2.10 ms ok
ds4: [t=+95234.7ms] tok#394 done: 9 layer-reqs, 11 experts, compute 16.56 ms (1.84 ms/layer), wall 137.17 ms, errors=0, evict-hints=9 | cache: resident=3337/3337 slabs=3 wired=22.00 GiB mlock-fail=0 B hits=3950 misses=0 swaps=3949
ds4: [t=+95234.7ms] tok#394 experts: L2=[136] L5=[197] L7=[51] L13=[122] L14=[201] L15=[68,84] L18=[30] L19=[196] L24=[14,100]
ds4: [t=+95241.6ms] req seq=3951 L5 k=2 ids=[240,59] w=[0.1635,0.1622] compute=1.90 ms ok
ds4: [t=+95252.2ms] req seq=3952 L10 k=1 ids=[187] w=[0.1950] compute=1.84 ms ok
ds4: [t=+95258.6ms] req seq=3953 L12 k=1 ids=[30] w=[0.1552] compute=1.82 ms ok
ds4: [t=+95264.7ms] req seq=3954 L13 k=1 ids=[185] w=[0.1352] compute=1.85 ms ok
ds4: [t=+95271.7ms] req seq=3955 L15 k=1 ids=[211] w=[0.1473] compute=1.84 ms ok
ds4: [t=+95277.9ms] req seq=3956 L17 k=1 ids=[28] w=[0.1782] compute=1.79 ms ok
ds4: [t=+95283.8ms] req seq=3957 L18 k=1 ids=[8] w=[0.1682] compute=1.78 ms ok
ds4: [t=+95293.8ms] req seq=3958 L22 k=1 ids=[18] w=[0.1670] compute=1.82 ms ok
ds4: [t=+95304.1ms] req seq=3959 L26 k=1 ids=[65] w=[0.0766] compute=1.81 ms ok
ds4: [t=+95321.9ms] req seq=3960 L31 k=1 ids=[137] w=[0.1341] compute=1.88 ms ok
ds4: [t=+95342.6ms] req seq=3961 L40 k=1 ids=[184] w=[0.2126] compute=1.87 ms ok
ds4: [t=+95349.8ms] req seq=3962 L42 k=1 ids=[204] w=[0.1154] compute=1.82 ms ok
ds4: [t=+95362.4ms] req seq=3963 L1 k=1 ids=[131] w=[0.2578] compute=1.88 ms ok
ds4: [t=+95362.5ms] tok#395 done: 13 layer-reqs, 14 experts, compute 24.13 ms (1.86 ms/layer), wall 129.99 ms, errors=0, evict-hints=13 | cache: resident=3337/3337 slabs=3 wired=22.00 GiB mlock-fail=0 B hits=3963 misses=0 swaps=3962
ds4: [t=+95362.6ms] tok#395 experts: L4=[138] L5=[240,59] L10=[187] L12=[30] L13=[185] L15=[211] L17=[28] L18=[8] L22=[18] L26=[65] L31=[137] L40=[184] L42=[204]
ds4: [t=+95370.6ms] req seq=3964 L3 k=1 ids=[66] w=[0.1147] compute=1.87 ms ok
ds4: [t=+95379.6ms] req seq=3965 L6 k=1 ids=[214] w=[0.1671] compute=1.89 ms ok
ds4: [t=+95386.3ms] req seq=3966 L7 k=2 ids=[189,159] w=[0.2300,0.1504] compute=1.87 ms ok
ds4: [t=+95394.4ms] req seq=3967 L9 k=1 ids=[205] w=[0.1166] compute=1.83 ms ok
ds4: [t=+95410.3ms] req seq=3968 L14 k=1 ids=[209] w=[0.1707] compute=1.93 ms ok
ds4: [t=+95417.1ms] req seq=3969 L15 k=2 ids=[189,42] w=[0.1921,0.1728] compute=1.85 ms ok
ds4: [t=+95440.5ms] req seq=3970 L21 k=1 ids=[219] w=[0.2472] compute=1.96 ms ok
ds4: [t=+95447.5ms] req seq=3971 L22 k=1 ids=[14] w=[0.1155] compute=1.91 ms ok
ds4: [t=+95460.2ms] req seq=3972 L25 k=1 ids=[169] w=[0.1124] compute=1.92 ms ok
ds4: [t=+95486.2ms] req seq=3973 L34 k=1 ids=[57] w=[0.1725] compute=1.92 ms ok
ds4: [t=+95508.9ms] req seq=3974 L39 k=1 ids=[206] w=[0.2357] compute=1.95 ms ok
ds4: [t=+95557.3ms] tok#396 done: 12 layer-reqs, 14 experts, compute 22.78 ms (1.90 ms/layer), wall 196.67 ms, errors=0, evict-hints=12 | cache: resident=3337/3337 slabs=3 wired=22.00 GiB mlock-fail=0 B hits=3974 misses=0 swaps=3974
ds4: [t=+95557.4ms] tok#396 experts: L1=[131] L3=[66] L6=[214] L7=[189,159] L9=[205] L14=[209] L15=[189,42] L21=[219] L22=[14] L25=[169] L34=[57] L39=[206]
ds4: [t=+95557.4ms] session totals: 397 tokens, 3974 layer-reqs, 4782 experts, compute 8583.43 ms total; coordinator disconnected
